ISO-10303-21;
HEADER;
/*Generated by software containing ST-Developer
 * from STEP Tools, Inc. (www.steptools.com) 
 */
/*OPTION: using custom renumber hook */
/*description */
/*implementation_level */
FILE_DESCRIPTION(('STEP AP242 Edition 2','STEP AP242 Edition 2''CAx-IF Rec.Pracs.---Representation and Presentation of Product Manufa
cturing Information (PMI)---4.0---2014-10-13','STEP AP242 Edition 2''CAx-IF Rec.Pracs.---Representation and Presentation of Product Manufa
cturing Information (PMI)---4.0---2014-10-13''CAx-IF Rec.Pracs.---3D Tessellated Geometry---0.4---2014-09-14','STEP AP242 Edition 2''CAx-IF Rec.Pracs.---Representation and Presentation of Product Manufa
cturing Information (PMI)---4.0---2014-10-13''CAx-IF Rec.Pracs.---3D Tessellated Geometry---0.4---2014-09-14''2;1','STEP AP242 Edition 2''CAx-IF Rec.Pracs.---Representation and Presentation of Product Manufa
cturing Information (PMI)---4.0---2014-10-13''CAx-IF Rec.Pracs.---3D Tessellated Geometry---0.4---2014-09-14''2;1''CAx-IF Rec.Pracs.---User Defined Attributes---1.5---2016-08-15'),'2;1');
/*name */
/*time_stamp */
/*author */
/*organization */
/*preprocessor_version */
/*originating_system */
/*authorisation */
FILE_NAME('/vol/tmp/translate-12848729951728788444/v4.2.step','2026-03-22T11:52:37',(''),(''),'ST-DEVELOPER v20','ONSHAPE BY PTC INC, 1.212','  ');
FILE_SCHEMA(('AP242_MANAGED_MODEL_BASED_3D_ENGINEERING_MIM_LF { 1 0 10303 442 3 1 4 }'));
ENDSEC;
DATA;
#10=ELLIPSE('',#992,0.0151048937652386,0.00815);
#11=ELLIPSE('',#994,0.00150000489661645,0.00150000489644714);
#12=ELLIPSE('',#1019,0.00282842712474619,0.002);
#13=ELLIPSE('',#1020,0.00282842712474619,0.002);
#14=ELLIPSE('',#1021,0.00282842712474619,0.002);
#15=ELLIPSE('',#1022,0.00282842712474619,0.002);
#16=ELLIPSE('',#1023,0.00282842712474619,0.002);
#17=ELLIPSE('',#1024,0.00282842712474619,0.002);
#18=(
B_SPLINE_SURFACE(1,2,((#4965,#4966,#4967,#4968,#4969,#4970,#4971,#4972,
#4973,#4974,#4975,#4976,#4977,#4978,#4979,#4980,#4981,#4982,#4983,#4984,
#4985,#4986,#4987,#4988,#4989,#4990,#4991,#4992,#4993,#4994,#4995,#4996,
#4997,#4998,#4999,#5000,#5001,#5002,#5003,#5004,#5005,#5006,#5007,#5008,
#5009,#5010,#5011,#5012,#5013,#5014,#5015,#5016,#5017,#5018,#5019,#5020,
#5021,#5022,#5023,#5024,#5025,#5026,#5027,#5028,#5029,#5030,#5031,#5032,
#5033,#5034,#5035,#5036,#5037,#5038,#5039,#5040,#5041,#5042,#5043,#5044,
#5045,#5046,#5047,#5048,#5049,#5050,#5051,#5052,#5053,#5054,#5055,#5056,
#5057,#5058,#5059,#5060,#5061,#5062,#5063,#5064,#5065,#5066,#5067,#5068,
#5069,#5070,#5071,#5072,#5073,#5074,#5075,#5076,#5077,#5078,#5079,#5080,
#5081,#5082,#5083,#5084,#5085,#5086,#5087,#5088,#5089,#5090,#5091,#5092,
#5093,#5094,#5095,#5096,#5097,#5098,#5099,#5100,#5101,#5102,#5103,#5104,
#5105,#5106,#5107,#5108,#5109,#5110,#5111,#5112,#5113,#5114,#5115,#5116,
#5117),(#5118,#5119,#5120,#5121,#5122,#5123,#5124,#5125,#5126,#5127,#5128,
#5129,#5130,#5131,#5132,#5133,#5134,#5135,#5136,#5137,#5138,#5139,#5140,
#5141,#5142,#5143,#5144,#5145,#5146,#5147,#5148,#5149,#5150,#5151,#5152,
#5153,#5154,#5155,#5156,#5157,#5158,#5159,#5160,#5161,#5162,#5163,#5164,
#5165,#5166,#5167,#5168,#5169,#5170,#5171,#5172,#5173,#5174,#5175,#5176,
#5177,#5178,#5179,#5180,#5181,#5182,#5183,#5184,#5185,#5186,#5187,#5188,
#5189,#5190,#5191,#5192,#5193,#5194,#5195,#5196,#5197,#5198,#5199,#5200,
#5201,#5202,#5203,#5204,#5205,#5206,#5207,#5208,#5209,#5210,#5211,#5212,
#5213,#5214,#5215,#5216,#5217,#5218,#5219,#5220,#5221,#5222,#5223,#5224,
#5225,#5226,#5227,#5228,#5229,#5230,#5231,#5232,#5233,#5234,#5235,#5236,
#5237,#5238,#5239,#5240,#5241,#5242,#5243,#5244,#5245,#5246,#5247,#5248,
#5249,#5250,#5251,#5252,#5253,#5254,#5255,#5256,#5257,#5258,#5259,#5260,
#5261,#5262,#5263,#5264,#5265,#5266,#5267,#5268,#5269,#5270)),.UNSPECIFIED.,.F.,.F.,.F.)
B_SPLINE_SURFACE_WITH_KNOTS((2,2),(3,2,2,2,2,2,2,2,2,2,2,2,2,2,2,2,2,2,2,2,2,2,2,2,2,2,2,2,2,2,2,2,2,2,2,2,2,2,2,2,2,2,2,2,2,2,2,2,2,2,2,2,2,2,2,2,2,2,2,2,2,2,2,2,2,2,2,2,2,2,2,2,2,2,2,2,3),(0.,1.),(0.00190533262950296,0.0128205128205128,0.0256410256410257,0.0384615384615384,0.0512820512820513,0.0641025641025641,0.0769230769230769,0.0897435897435897,0.102564102564103,0.115384615384615,0.128205128205128,0.141025641025641,0.153846153846154,0.166666666666667,0.17948717948718,0.192307692307693,0.205128205128205,0.217948717948718,0.230769230769231,0.243589743589744,0.256410256410256,0.269230769230769,0.282051282051282,0.294871794871795,0.307692307692307,0.32051282051282,0.333333333333334,0.346153846153846,0.358974358974359,0.371794871794872,0.384615384615385,0.397435897435897,0.410256410256411,0.423076923076923,0.435897435897436,0.448717948717949,0.461538461538462,0.474358974358974,0.487179487179487,0.5,0.512820512820513,0.525641025641026,0.538461538461538,0.551282051282051,0.564102564102564,0.576923076923077,0.58974358974359,0.602564102564103,0.615384615384615,0.628205128205128,0.641025641025641,0.653846153846154,0.666666666666667,0.67948717948718,0.692307692307692,0.705128205128205,0.717948717948718,0.730769230769231,0.743589743589744,0.756410256410256,0.769230769230769,0.782051282051282,0.794871794871795,0.807692307692308,0.820512820512821,0.833333333333333,0.846153846153846,0.858974358974359,0.871794871794872,0.884615384615385,0.897435897435898,0.91025641025641,0.923076923076923,0.935897435897436,0.948717948717949,0.961538461538462,0.963996761884544),.PIECEWISE_BEZIER_KNOTS.)
BOUNDED_SURFACE()
GEOMETRIC_REPRESENTATION_ITEM()
RATIONAL_B_SPLINE_SURFACE(((0.966096590725323,0.88593616502057,1.,0.866025403784439,
1.,0.866025403784439,1.,0.866025403784439,1.,0.866025403784439,1.,0.866025403784439,
1.,0.866025403784439,1.,0.866025403784439,1.,0.866025403784439,1.,0.866025403784439,
1.,0.866025403784439,1.,0.866025403784439,1.,0.866025403784439,1.,0.866025403784439,
1.,0.866025403784439,1.,0.866025403784439,1.,0.866025403784439,1.,0.866025403784439,
1.,0.866025403784439,1.,0.866025403784439,1.,0.866025403784439,1.,0.866025403784439,
1.,0.866025403784439,1.,0.866025403784439,1.,0.866025403784439,1.,0.866025403784439,
1.,0.866025403784439,1.,0.866025403784439,1.,0.866025403784439,1.,0.866025403784439,
1.,0.866025403784439,1.,0.866025403784439,1.,0.866025403784439,1.,0.866025403784439,
1.,0.866025403784439,1.,0.866025403784439,1.,0.866025403784439,1.,0.866025403784439,
1.,0.866025403784439,1.,0.866025403784439,1.,0.866025403784439,1.,0.866025403784439,
1.,0.866025403784439,1.,0.866025403784439,1.,0.866025403784439,1.,0.866025403784439,
1.,0.866025403784439,1.,0.866025403784439,1.,0.866025403784439,1.,0.866025403784439,
1.,0.866025403784439,1.,0.866025403784439,1.,0.866025403784439,1.,0.866025403784439,
1.,0.866025403784439,1.,0.866025403784439,1.,0.866025403784439,1.,0.866025403784439,
1.,0.866025403784439,1.,0.866025403784439,1.,0.866025403784439,1.,0.866025403784439,
1.,0.866025403784439,1.,0.866025403784439,1.,0.866025403784439,1.,0.866025403784439,
1.,0.866025403784439,1.,0.866025403784439,1.,0.866025403784439,1.,0.866025403784439,
1.,0.866025403784439,1.,0.866025403784439,1.,0.866025403784439,1.,0.866025403784439,
1.,0.866025403784439,1.,0.974310715893051,0.958473140043773),(0.966096590725323,
0.88593616502057,1.,0.866025403784439,1.,0.866025403784439,1.,0.866025403784439,
1.,0.866025403784439,1.,0.866025403784439,1.,0.866025403784439,1.,0.866025403784439,
1.,0.866025403784439,1.,0.866025403784439,1.,0.866025403784439,1.,0.866025403784439,
1.,0.866025403784439,1.,0.866025403784439,1.,0.866025403784439,1.,0.866025403784439,
1.,0.866025403784439,1.,0.866025403784439,1.,0.866025403784439,1.,0.866025403784439,
1.,0.866025403784439,1.,0.866025403784439,1.,0.866025403784439,1.,0.866025403784439,
1.,0.866025403784439,1.,0.866025403784439,1.,0.866025403784439,1.,0.866025403784439,
1.,0.866025403784439,1.,0.866025403784439,1.,0.866025403784439,1.,0.866025403784439,
1.,0.866025403784439,1.,0.866025403784439,1.,0.866025403784439,1.,0.866025403784439,
1.,0.866025403784439,1.,0.866025403784439,1.,0.866025403784439,1.,0.866025403784439,
1.,0.866025403784439,1.,0.866025403784439,1.,0.866025403784439,1.,0.866025403784439,
1.,0.866025403784439,1.,0.866025403784439,1.,0.866025403784439,1.,0.866025403784439,
1.,0.866025403784439,1.,0.866025403784439,1.,0.866025403784439,1.,0.866025403784439,
1.,0.866025403784439,1.,0.866025403784439,1.,0.866025403784439,1.,0.866025403784439,
1.,0.866025403784439,1.,0.866025403784439,1.,0.866025403784439,1.,0.866025403784439,
1.,0.866025403784439,1.,0.866025403784439,1.,0.866025403784439,1.,0.866025403784439,
1.,0.866025403784439,1.,0.866025403784439,1.,0.866025403784439,1.,0.866025403784439,
1.,0.866025403784439,1.,0.866025403784439,1.,0.866025403784439,1.,0.866025403784439,
1.,0.866025403784439,1.,0.866025403784439,1.,0.866025403784439,1.,0.974310715893051,
0.958473140043773)))
REPRESENTATION_ITEM('')
SURFACE()
);
#19=(
B_SPLINE_SURFACE(1,2,((#5617,#5618,#5619,#5620,#5621,#5622,#5623,#5624,
#5625,#5626,#5627,#5628,#5629,#5630,#5631,#5632,#5633,#5634,#5635,#5636,
#5637,#5638,#5639,#5640,#5641,#5642,#5643,#5644,#5645,#5646,#5647,#5648,
#5649,#5650,#5651,#5652,#5653,#5654,#5655,#5656,#5657,#5658,#5659,#5660,
#5661,#5662,#5663,#5664,#5665,#5666,#5667,#5668,#5669,#5670,#5671,#5672,
#5673,#5674,#5675,#5676,#5677,#5678,#5679,#5680,#5681,#5682,#5683,#5684,
#5685,#5686,#5687,#5688,#5689,#5690,#5691,#5692,#5693,#5694,#5695,#5696,
#5697,#5698,#5699,#5700,#5701,#5702,#5703,#5704,#5705,#5706,#5707,#5708,
#5709,#5710,#5711,#5712,#5713,#5714,#5715,#5716,#5717,#5718,#5719,#5720,
#5721,#5722,#5723,#5724,#5725,#5726,#5727,#5728,#5729,#5730,#5731,#5732,
#5733,#5734,#5735,#5736,#5737,#5738,#5739,#5740,#5741,#5742,#5743,#5744,
#5745,#5746,#5747,#5748,#5749,#5750,#5751,#5752,#5753,#5754,#5755,#5756,
#5757,#5758,#5759),(#5760,#5761,#5762,#5763,#5764,#5765,#5766,#5767,#5768,
#5769,#5770,#5771,#5772,#5773,#5774,#5775,#5776,#5777,#5778,#5779,#5780,
#5781,#5782,#5783,#5784,#5785,#5786,#5787,#5788,#5789,#5790,#5791,#5792,
#5793,#5794,#5795,#5796,#5797,#5798,#5799,#5800,#5801,#5802,#5803,#5804,
#5805,#5806,#5807,#5808,#5809,#5810,#5811,#5812,#5813,#5814,#5815,#5816,
#5817,#5818,#5819,#5820,#5821,#5822,#5823,#5824,#5825,#5826,#5827,#5828,
#5829,#5830,#5831,#5832,#5833,#5834,#5835,#5836,#5837,#5838,#5839,#5840,
#5841,#5842,#5843,#5844,#5845,#5846,#5847,#5848,#5849,#5850,#5851,#5852,
#5853,#5854,#5855,#5856,#5857,#5858,#5859,#5860,#5861,#5862,#5863,#5864,
#5865,#5866,#5867,#5868,#5869,#5870,#5871,#5872,#5873,#5874,#5875,#5876,
#5877,#5878,#5879,#5880,#5881,#5882,#5883,#5884,#5885,#5886,#5887,#5888,
#5889,#5890,#5891,#5892,#5893,#5894,#5895,#5896,#5897,#5898,#5899,#5900,
#5901,#5902)),.UNSPECIFIED.,.F.,.F.,.F.)
B_SPLINE_SURFACE_WITH_KNOTS((2,2),(3,2,2,2,2,2,2,2,2,2,2,2,2,2,2,2,2,2,2,2,2,2,2,2,2,2,2,2,2,2,2,2,2,2,2,2,2,2,2,2,2,2,2,2,2,2,2,2,2,2,2,2,2,2,2,2,2,2,2,2,2,2,2,2,2,2,2,2,2,2,2,3),(0.,1.),(0.,0.0128205128205128,0.0256410256410257,0.0384615384615384,0.0512820512820513,0.0641025641025641,0.0769230769230769,0.0897435897435897,0.102564102564103,0.115384615384615,0.128205128205128,0.141025641025641,0.153846153846154,0.166666666666667,0.17948717948718,0.192307692307693,0.205128205128205,0.217948717948718,0.230769230769231,0.243589743589744,0.256410256410256,0.269230769230769,0.282051282051282,0.294871794871795,0.307692307692307,0.32051282051282,0.333333333333334,0.346153846153846,0.358974358974359,0.371794871794872,0.384615384615385,0.397435897435897,0.410256410256411,0.423076923076923,0.435897435897436,0.448717948717949,0.461538461538462,0.474358974358974,0.487179487179487,0.5,0.512820512820513,0.525641025641026,0.538461538461538,0.551282051282051,0.564102564102564,0.576923076923077,0.58974358974359,0.602564102564103,0.615384615384615,0.628205128205128,0.641025641025641,0.653846153846154,0.666666666666667,0.67948717948718,0.692307692307692,0.705128205128205,0.717948717948718,0.730769230769231,0.743589743589744,0.756410256410256,0.769230769230769,0.782051282051282,0.794871794871795,0.807692307692308,0.820512820512821,0.833333333333333,0.846153846153846,0.858974358974359,0.871794871794872,0.884615384615385,0.897435897435898,0.902235814615324),.PIECEWISE_BEZIER_KNOTS.)
BOUNDED_SURFACE()
GEOMETRIC_REPRESENTATION_ITEM()
RATIONAL_B_SPLINE_SURFACE(((1.,0.866025403784439,1.,0.866025403784439,1.,
0.866025403784439,1.,0.866025403784439,1.,0.866025403784439,1.,0.866025403784439,
1.,0.866025403784439,1.,0.866025403784439,1.,0.866025403784439,1.,0.866025403784439,
1.,0.866025403784439,1.,0.866025403784439,1.,0.866025403784439,1.,0.866025403784439,
1.,0.866025403784439,1.,0.866025403784439,1.,0.866025403784439,1.,0.866025403784439,
1.,0.866025403784439,1.,0.866025403784439,1.,0.866025403784439,1.,0.866025403784439,
1.,0.866025403784439,1.,0.866025403784439,1.,0.866025403784439,1.,0.866025403784439,
1.,0.866025403784439,1.,0.866025403784439,1.,0.866025403784439,1.,0.866025403784439,
1.,0.866025403784439,1.,0.866025403784439,1.,0.866025403784439,1.,0.866025403784439,
1.,0.866025403784439,1.,0.866025403784439,1.,0.866025403784439,1.,0.866025403784439,
1.,0.866025403784439,1.,0.866025403784439,1.,0.866025403784439,1.,0.866025403784439,
1.,0.866025403784439,1.,0.866025403784439,1.,0.866025403784439,1.,0.866025403784439,
1.,0.866025403784439,1.,0.866025403784439,1.,0.866025403784439,1.,0.866025403784439,
1.,0.866025403784439,1.,0.866025403784439,1.,0.866025403784439,1.,0.866025403784439,
1.,0.866025403784439,1.,0.866025403784439,1.,0.866025403784439,1.,0.866025403784439,
1.,0.866025403784439,1.,0.866025403784439,1.,0.866025403784439,1.,0.866025403784439,
1.,0.866025403784439,1.,0.866025403784439,1.,0.866025403784439,1.,0.866025403784439,
1.,0.866025403784439,1.,0.866025403784439,1.,0.866025403784439,1.,0.866025403784439,
1.,0.94984077665342,0.937240131691118),(1.,0.866025403784439,1.,0.866025403784439,
1.,0.866025403784439,1.,0.866025403784439,1.,0.866025403784439,1.,0.866025403784439,
1.,0.866025403784439,1.,0.866025403784439,1.,0.866025403784439,1.,0.866025403784439,
1.,0.866025403784439,1.,0.866025403784439,1.,0.866025403784439,1.,0.866025403784439,
1.,0.866025403784439,1.,0.866025403784439,1.,0.866025403784439,1.,0.866025403784439,
1.,0.866025403784439,1.,0.866025403784439,1.,0.866025403784439,1.,0.866025403784439,
1.,0.866025403784439,1.,0.866025403784439,1.,0.866025403784439,1.,0.866025403784439,
1.,0.866025403784439,1.,0.866025403784439,1.,0.866025403784439,1.,0.866025403784439,
1.,0.866025403784439,1.,0.866025403784439,1.,0.866025403784439,1.,0.866025403784439,
1.,0.866025403784439,1.,0.866025403784439,1.,0.866025403784439,1.,0.866025403784439,
1.,0.866025403784439,1.,0.866025403784439,1.,0.866025403784439,1.,0.866025403784439,
1.,0.866025403784439,1.,0.866025403784439,1.,0.866025403784439,1.,0.866025403784439,
1.,0.866025403784439,1.,0.866025403784439,1.,0.866025403784439,1.,0.866025403784439,
1.,0.866025403784439,1.,0.866025403784439,1.,0.866025403784439,1.,0.866025403784439,
1.,0.866025403784439,1.,0.866025403784439,1.,0.866025403784439,1.,0.866025403784439,
1.,0.866025403784439,1.,0.866025403784439,1.,0.866025403784439,1.,0.866025403784439,
1.,0.866025403784439,1.,0.866025403784439,1.,0.866025403784439,1.,0.866025403784439,
1.,0.866025403784439,1.,0.866025403784439,1.,0.866025403784439,1.,0.866025403784439,
1.,0.94984077665342,0.937240131691118)))
REPRESENTATION_ITEM('')
SURFACE()
);
#20=(
B_SPLINE_SURFACE(3,3,((#6217,#6218,#6219,#6220,#6221,#6222,#6223,#6224,
#6225,#6226,#6227,#6228,#6229,#6230,#6231,#6232,#6233,#6234,#6235,#6236,
#6237,#6238,#6239,#6240,#6241,#6242,#6243,#6244,#6245,#6246,#6247,#6248,
#6249,#6250,#6251,#6252,#6253,#6254,#6255,#6256,#6257,#6258,#6259,#6260,
#6261,#6262,#6263,#6264,#6265,#6266,#6267,#6268,#6269,#6270,#6271,#6272,
#6273,#6274,#6275,#6276,#6277,#6278,#6279,#6280,#6281,#6282,#6283,#6284,
#6285,#6286,#6287,#6288,#6289,#6290,#6291,#6292,#6293,#6294,#6295,#6296,
#6297,#6298,#6299,#6300,#6301,#6302,#6303,#6304,#6305,#6306,#6307,#6308,
#6309,#6310,#6311,#6312,#6313,#6314,#6315,#6316,#6317,#6318,#6319,#6320,
#6321,#6322,#6323,#6324,#6325,#6326,#6327,#6328,#6329,#6330,#6331,#6332,
#6333,#6334,#6335,#6336,#6337,#6338,#6339,#6340,#6341,#6342,#6343,#6344,
#6345,#6346,#6347,#6348,#6349,#6350,#6351,#6352,#6353,#6354,#6355,#6356,
#6357,#6358,#6359,#6360,#6361,#6362,#6363,#6364,#6365,#6366,#6367,#6368,
#6369,#6370,#6371,#6372,#6373,#6374,#6375,#6376,#6377,#6378,#6379,#6380,
#6381,#6382,#6383,#6384,#6385,#6386,#6387,#6388,#6389,#6390,#6391,#6392,
#6393,#6394,#6395,#6396,#6397,#6398,#6399,#6400,#6401,#6402,#6403,#6404,
#6405,#6406,#6407,#6408,#6409,#6410,#6411,#6412,#6413,#6414,#6415,#6416,
#6417,#6418,#6419,#6420,#6421,#6422,#6423,#6424,#6425,#6426,#6427,#6428,
#6429,#6430,#6431,#6432,#6433,#6434,#6435,#6436,#6437,#6438,#6439,#6440,
#6441,#6442,#6443,#6444,#6445,#6446,#6447,#6448,#6449,#6450,#6451,#6452,
#6453,#6454,#6455,#6456,#6457,#6458,#6459,#6460,#6461,#6462,#6463,#6464,
#6465,#6466,#6467,#6468,#6469,#6470,#6471,#6472,#6473,#6474,#6475,#6476,
#6477,#6478,#6479,#6480,#6481,#6482,#6483,#6484,#6485,#6486,#6487,#6488,
#6489,#6490,#6491,#6492,#6493,#6494,#6495,#6496,#6497,#6498,#6499,#6500,
#6501,#6502,#6503,#6504,#6505,#6506,#6507,#6508,#6509,#6510,#6511,#6512,
#6513,#6514),(#6515,#6516,#6517,#6518,#6519,#6520,#6521,#6522,#6523,#6524,
#6525,#6526,#6527,#6528,#6529,#6530,#6531,#6532,#6533,#6534,#6535,#6536,
#6537,#6538,#6539,#6540,#6541,#6542,#6543,#6544,#6545,#6546,#6547,#6548,
#6549,#6550,#6551,#6552,#6553,#6554,#6555,#6556,#6557,#6558,#6559,#6560,
#6561,#6562,#6563,#6564,#6565,#6566,#6567,#6568,#6569,#6570,#6571,#6572,
#6573,#6574,#6575,#6576,#6577,#6578,#6579,#6580,#6581,#6582,#6583,#6584,
#6585,#6586,#6587,#6588,#6589,#6590,#6591,#6592,#6593,#6594,#6595,#6596,
#6597,#6598,#6599,#6600,#6601,#6602,#6603,#6604,#6605,#6606,#6607,#6608,
#6609,#6610,#6611,#6612,#6613,#6614,#6615,#6616,#6617,#6618,#6619,#6620,
#6621,#6622,#6623,#6624,#6625,#6626,#6627,#6628,#6629,#6630,#6631,#6632,
#6633,#6634,#6635,#6636,#6637,#6638,#6639,#6640,#6641,#6642,#6643,#6644,
#6645,#6646,#6647,#6648,#6649,#6650,#6651,#6652,#6653,#6654,#6655,#6656,
#6657,#6658,#6659,#6660,#6661,#6662,#6663,#6664,#6665,#6666,#6667,#6668,
#6669,#6670,#6671,#6672,#6673,#6674,#6675,#6676,#6677,#6678,#6679,#6680,
#6681,#6682,#6683,#6684,#6685,#6686,#6687,#6688,#6689,#6690,#6691,#6692,
#6693,#6694,#6695,#6696,#6697,#6698,#6699,#6700,#6701,#6702,#6703,#6704,
#6705,#6706,#6707,#6708,#6709,#6710,#6711,#6712,#6713,#6714,#6715,#6716,
#6717,#6718,#6719,#6720,#6721,#6722,#6723,#6724,#6725,#6726,#6727,#6728,
#6729,#6730,#6731,#6732,#6733,#6734,#6735,#6736,#6737,#6738,#6739,#6740,
#6741,#6742,#6743,#6744,#6745,#6746,#6747,#6748,#6749,#6750,#6751,#6752,
#6753,#6754,#6755,#6756,#6757,#6758,#6759,#6760,#6761,#6762,#6763,#6764,
#6765,#6766,#6767,#6768,#6769,#6770,#6771,#6772,#6773,#6774,#6775,#6776,
#6777,#6778,#6779,#6780,#6781,#6782,#6783,#6784,#6785,#6786,#6787,#6788,
#6789,#6790,#6791,#6792,#6793,#6794,#6795,#6796,#6797,#6798,#6799,#6800,
#6801,#6802,#6803,#6804,#6805,#6806,#6807,#6808,#6809,#6810,#6811,#6812),(#6813,#6814,#6815,#6816,#6817,#6818,#6819,#6820,#6821,#6822,#6823,#6824,
#6825,#6826,#6827,#6828,#6829,#6830,#6831,#6832,#6833,#6834,#6835,#6836,
#6837,#6838,#6839,#6840,#6841,#6842,#6843,#6844,#6845,#6846,#6847,#6848,
#6849,#6850,#6851,#6852,#6853,#6854,#6855,#6856,#6857,#6858,#6859,#6860,
#6861,#6862,#6863,#6864,#6865,#6866,#6867,#6868,#6869,#6870,#6871,#6872,
#6873,#6874,#6875,#6876,#6877,#6878,#6879,#6880,#6881,#6882,#6883,#6884,
#6885,#6886,#6887,#6888,#6889,#6890,#6891,#6892,#6893,#6894,#6895,#6896,
#6897,#6898,#6899,#6900,#6901,#6902,#6903,#6904,#6905,#6906,#6907,#6908,
#6909,#6910,#6911,#6912,#6913,#6914,#6915,#6916,#6917,#6918,#6919,#6920,
#6921,#6922,#6923,#6924,#6925,#6926,#6927,#6928,#6929,#6930,#6931,#6932,
#6933,#6934,#6935,#6936,#6937,#6938,#6939,#6940,#6941,#6942,#6943,#6944,
#6945,#6946,#6947,#6948,#6949,#6950,#6951,#6952,#6953,#6954,#6955,#6956,
#6957,#6958,#6959,#6960,#6961,#6962,#6963,#6964,#6965,#6966,#6967,#6968,
#6969,#6970,#6971,#6972,#6973,#6974,#6975,#6976,#6977,#6978,#6979,#6980,
#6981,#6982,#6983,#6984,#6985,#6986,#6987,#6988,#6989,#6990,#6991,#6992,
#6993,#6994,#6995,#6996,#6997,#6998,#6999,#7000,#7001,#7002,#7003,#7004,
#7005,#7006,#7007,#7008,#7009,#7010,#7011,#7012,#7013,#7014,#7015,#7016,
#7017,#7018,#7019,#7020,#7021,#7022,#7023,#7024,#7025,#7026,#7027,#7028,
#7029,#7030,#7031,#7032,#7033,#7034,#7035,#7036,#7037,#7038,#7039,#7040,
#7041,#7042,#7043,#7044,#7045,#7046,#7047,#7048,#7049,#7050,#7051,#7052,
#7053,#7054,#7055,#7056,#7057,#7058,#7059,#7060,#7061,#7062,#7063,#7064,
#7065,#7066,#7067,#7068,#7069,#7070,#7071,#7072,#7073,#7074,#7075,#7076,
#7077,#7078,#7079,#7080,#7081,#7082,#7083,#7084,#7085,#7086,#7087,#7088,
#7089,#7090,#7091,#7092,#7093,#7094,#7095,#7096,#7097,#7098,#7099,#7100,
#7101,#7102,#7103,#7104,#7105,#7106,#7107,#7108,#7109,#7110),(#7111,#7112,
#7113,#7114,#7115,#7116,#7117,#7118,#7119,#7120,#7121,#7122,#7123,#7124,
#7125,#7126,#7127,#7128,#7129,#7130,#7131,#7132,#7133,#7134,#7135,#7136,
#7137,#7138,#7139,#7140,#7141,#7142,#7143,#7144,#7145,#7146,#7147,#7148,
#7149,#7150,#7151,#7152,#7153,#7154,#7155,#7156,#7157,#7158,#7159,#7160,
#7161,#7162,#7163,#7164,#7165,#7166,#7167,#7168,#7169,#7170,#7171,#7172,
#7173,#7174,#7175,#7176,#7177,#7178,#7179,#7180,#7181,#7182,#7183,#7184,
#7185,#7186,#7187,#7188,#7189,#7190,#7191,#7192,#7193,#7194,#7195,#7196,
#7197,#7198,#7199,#7200,#7201,#7202,#7203,#7204,#7205,#7206,#7207,#7208,
#7209,#7210,#7211,#7212,#7213,#7214,#7215,#7216,#7217,#7218,#7219,#7220,
#7221,#7222,#7223,#7224,#7225,#7226,#7227,#7228,#7229,#7230,#7231,#7232,
#7233,#7234,#7235,#7236,#7237,#7238,#7239,#7240,#7241,#7242,#7243,#7244,
#7245,#7246,#7247,#7248,#7249,#7250,#7251,#7252,#7253,#7254,#7255,#7256,
#7257,#7258,#7259,#7260,#7261,#7262,#7263,#7264,#7265,#7266,#7267,#7268,
#7269,#7270,#7271,#7272,#7273,#7274,#7275,#7276,#7277,#7278,#7279,#7280,
#7281,#7282,#7283,#7284,#7285,#7286,#7287,#7288,#7289,#7290,#7291,#7292,
#7293,#7294,#7295,#7296,#7297,#7298,#7299,#7300,#7301,#7302,#7303,#7304,
#7305,#7306,#7307,#7308,#7309,#7310,#7311,#7312,#7313,#7314,#7315,#7316,
#7317,#7318,#7319,#7320,#7321,#7322,#7323,#7324,#7325,#7326,#7327,#7328,
#7329,#7330,#7331,#7332,#7333,#7334,#7335,#7336,#7337,#7338,#7339,#7340,
#7341,#7342,#7343,#7344,#7345,#7346,#7347,#7348,#7349,#7350,#7351,#7352,
#7353,#7354,#7355,#7356,#7357,#7358,#7359,#7360,#7361,#7362,#7363,#7364,
#7365,#7366,#7367,#7368,#7369,#7370,#7371,#7372,#7373,#7374,#7375,#7376,
#7377,#7378,#7379,#7380,#7381,#7382,#7383,#7384,#7385,#7386,#7387,#7388,
#7389,#7390,#7391,#7392,#7393,#7394,#7395,#7396,#7397,#7398,#7399,#7400,
#7401,#7402,#7403,#7404,#7405,#7406,#7407,#7408),(#7409,#7410,#7411,#7412,
#7413,#7414,#7415,#7416,#7417,#7418,#7419,#7420,#7421,#7422,#7423,#7424,
#7425,#7426,#7427,#7428,#7429,#7430,#7431,#7432,#7433,#7434,#7435,#7436,
#7437,#7438,#7439,#7440,#7441,#7442,#7443,#7444,#7445,#7446,#7447,#7448,
#7449,#7450,#7451,#7452,#7453,#7454,#7455,#7456,#7457,#7458,#7459,#7460,
#7461,#7462,#7463,#7464,#7465,#7466,#7467,#7468,#7469,#7470,#7471,#7472,
#7473,#7474,#7475,#7476,#7477,#7478,#7479,#7480,#7481,#7482,#7483,#7484,
#7485,#7486,#7487,#7488,#7489,#7490,#7491,#7492,#7493,#7494,#7495,#7496,
#7497,#7498,#7499,#7500,#7501,#7502,#7503,#7504,#7505,#7506,#7507,#7508,
#7509,#7510,#7511,#7512,#7513,#7514,#7515,#7516,#7517,#7518,#7519,#7520,
#7521,#7522,#7523,#7524,#7525,#7526,#7527,#7528,#7529,#7530,#7531,#7532,
#7533,#7534,#7535,#7536,#7537,#7538,#7539,#7540,#7541,#7542,#7543,#7544,
#7545,#7546,#7547,#7548,#7549,#7550,#7551,#7552,#7553,#7554,#7555,#7556,
#7557,#7558,#7559,#7560,#7561,#7562,#7563,#7564,#7565,#7566,#7567,#7568,
#7569,#7570,#7571,#7572,#7573,#7574,#7575,#7576,#7577,#7578,#7579,#7580,
#7581,#7582,#7583,#7584,#7585,#7586,#7587,#7588,#7589,#7590,#7591,#7592,
#7593,#7594,#7595,#7596,#7597,#7598,#7599,#7600,#7601,#7602,#7603,#7604,
#7605,#7606,#7607,#7608,#7609,#7610,#7611,#7612,#7613,#7614,#7615,#7616,
#7617,#7618,#7619,#7620,#7621,#7622,#7623,#7624,#7625,#7626,#7627,#7628,
#7629,#7630,#7631,#7632,#7633,#7634,#7635,#7636,#7637,#7638,#7639,#7640,
#7641,#7642,#7643,#7644,#7645,#7646,#7647,#7648,#7649,#7650,#7651,#7652,
#7653,#7654,#7655,#7656,#7657,#7658,#7659,#7660,#7661,#7662,#7663,#7664,
#7665,#7666,#7667,#7668,#7669,#7670,#7671,#7672,#7673,#7674,#7675,#7676,
#7677,#7678,#7679,#7680,#7681,#7682,#7683,#7684,#7685,#7686,#7687,#7688,
#7689,#7690,#7691,#7692,#7693,#7694,#7695,#7696,#7697,#7698,#7699,#7700,
#7701,#7702,#7703,#7704,#7705,#7706),(#7707,#7708,#7709,#7710,#7711,#7712,
#7713,#7714,#7715,#7716,#7717,#7718,#7719,#7720,#7721,#7722,#7723,#7724,
#7725,#7726,#7727,#7728,#7729,#7730,#7731,#7732,#7733,#7734,#7735,#7736,
#7737,#7738,#7739,#7740,#7741,#7742,#7743,#7744,#7745,#7746,#7747,#7748,
#7749,#7750,#7751,#7752,#7753,#7754,#7755,#7756,#7757,#7758,#7759,#7760,
#7761,#7762,#7763,#7764,#7765,#7766,#7767,#7768,#7769,#7770,#7771,#7772,
#7773,#7774,#7775,#7776,#7777,#7778,#7779,#7780,#7781,#7782,#7783,#7784,
#7785,#7786,#7787,#7788,#7789,#7790,#7791,#7792,#7793,#7794,#7795,#7796,
#7797,#7798,#7799,#7800,#7801,#7802,#7803,#7804,#7805,#7806,#7807,#7808,
#7809,#7810,#7811,#7812,#7813,#7814,#7815,#7816,#7817,#7818,#7819,#7820,
#7821,#7822,#7823,#7824,#7825,#7826,#7827,#7828,#7829,#7830,#7831,#7832,
#7833,#7834,#7835,#7836,#7837,#7838,#7839,#7840,#7841,#7842,#7843,#7844,
#7845,#7846,#7847,#7848,#7849,#7850,#7851,#7852,#7853,#7854,#7855,#7856,
#7857,#7858,#7859,#7860,#7861,#7862,#7863,#7864,#7865,#7866,#7867,#7868,
#7869,#7870,#7871,#7872,#7873,#7874,#7875,#7876,#7877,#7878,#7879,#7880,
#7881,#7882,#7883,#7884,#7885,#7886,#7887,#7888,#7889,#7890,#7891,#7892,
#7893,#7894,#7895,#7896,#7897,#7898,#7899,#7900,#7901,#7902,#7903,#7904,
#7905,#7906,#7907,#7908,#7909,#7910,#7911,#7912,#7913,#7914,#7915,#7916,
#7917,#7918,#7919,#7920,#7921,#7922,#7923,#7924,#7925,#7926,#7927,#7928,
#7929,#7930,#7931,#7932,#7933,#7934,#7935,#7936,#7937,#7938,#7939,#7940,
#7941,#7942,#7943,#7944,#7945,#7946,#7947,#7948,#7949,#7950,#7951,#7952,
#7953,#7954,#7955,#7956,#7957,#7958,#7959,#7960,#7961,#7962,#7963,#7964,
#7965,#7966,#7967,#7968,#7969,#7970,#7971,#7972,#7973,#7974,#7975,#7976,
#7977,#7978,#7979,#7980,#7981,#7982,#7983,#7984,#7985,#7986,#7987,#7988,
#7989,#7990,#7991,#7992,#7993,#7994,#7995,#7996,#7997,#7998,#7999,#8000,
#8001,#8002,#8003,#8004),(#8005,#8006,#8007,#8008,#8009,#8010,#8011,#8012,
#8013,#8014,#8015,#8016,#8017,#8018,#8019,#8020,#8021,#8022,#8023,#8024,
#8025,#8026,#8027,#8028,#8029,#8030,#8031,#8032,#8033,#8034,#8035,#8036,
#8037,#8038,#8039,#8040,#8041,#8042,#8043,#8044,#8045,#8046,#8047,#8048,
#8049,#8050,#8051,#8052,#8053,#8054,#8055,#8056,#8057,#8058,#8059,#8060,
#8061,#8062,#8063,#8064,#8065,#8066,#8067,#8068,#8069,#8070,#8071,#8072,
#8073,#8074,#8075,#8076,#8077,#8078,#8079,#8080,#8081,#8082,#8083,#8084,
#8085,#8086,#8087,#8088,#8089,#8090,#8091,#8092,#8093,#8094,#8095,#8096,
#8097,#8098,#8099,#8100,#8101,#8102,#8103,#8104,#8105,#8106,#8107,#8108,
#8109,#8110,#8111,#8112,#8113,#8114,#8115,#8116,#8117,#8118,#8119,#8120,
#8121,#8122,#8123,#8124,#8125,#8126,#8127,#8128,#8129,#8130,#8131,#8132,
#8133,#8134,#8135,#8136,#8137,#8138,#8139,#8140,#8141,#8142,#8143,#8144,
#8145,#8146,#8147,#8148,#8149,#8150,#8151,#8152,#8153,#8154,#8155,#8156,
#8157,#8158,#8159,#8160,#8161,#8162,#8163,#8164,#8165,#8166,#8167,#8168,
#8169,#8170,#8171,#8172,#8173,#8174,#8175,#8176,#8177,#8178,#8179,#8180,
#8181,#8182,#8183,#8184,#8185,#8186,#8187,#8188,#8189,#8190,#8191,#8192,
#8193,#8194,#8195,#8196,#8197,#8198,#8199,#8200,#8201,#8202,#8203,#8204,
#8205,#8206,#8207,#8208,#8209,#8210,#8211,#8212,#8213,#8214,#8215,#8216,
#8217,#8218,#8219,#8220,#8221,#8222,#8223,#8224,#8225,#8226,#8227,#8228,
#8229,#8230,#8231,#8232,#8233,#8234,#8235,#8236,#8237,#8238,#8239,#8240,
#8241,#8242,#8243,#8244,#8245,#8246,#8247,#8248,#8249,#8250,#8251,#8252,
#8253,#8254,#8255,#8256,#8257,#8258,#8259,#8260,#8261,#8262,#8263,#8264,
#8265,#8266,#8267,#8268,#8269,#8270,#8271,#8272,#8273,#8274,#8275,#8276,
#8277,#8278,#8279,#8280,#8281,#8282,#8283,#8284,#8285,#8286,#8287,#8288,
#8289,#8290,#8291,#8292,#8293,#8294,#8295,#8296,#8297,#8298,#8299,#8300,
#8301,#8302)),.UNSPECIFIED.,.F.,.F.,.F.)
B_SPLINE_SURFACE_WITH_KNOTS((4,3,4),(4,2,2,2,2,2,2,2,2,2,2,2,2,2,2,2,2,2,2,2,2,2,2,2,2,2,2,2,2,2,2,2,2,2,2,2,2,2,2,2,2,2,2,2,2,2,2,2,2,2,2,2,2,2,2,2,2,2,2,2,2,2,2,2,2,2,2,2,2,2,2,2,2,2,2,2,2,2,2,2,2,2,2,2,2,2,2,2,2,2,2,2,2,2,2,2,2,2,2,2,2,2,2,2,2,2,2,2,2,2,2,2,2,2,2,2,2,2,2,2,2,2,2,2,2,2,2,2,2,2,2,2,2,2,2,2,2,2,2,2,2,2,2,2,2,2,2,2,4),(0.00915479303083215,0.5,0.517466207324988),(-0.00422297827985125,-0.00211148913992562,-0.00105574456996281,-0.000527872284981406,-0.000263936142490703,0.,0.000244140625,0.00048828125,0.0009765625,0.001953125,0.00390625,0.0078125,0.015625,0.0234375,0.03125,0.0390625,0.046875,0.0546875,0.0625,0.0703125,0.078125,0.0859375,0.09375,0.1015625,0.109375,0.1171875,0.125,0.1328125,0.140625,0.1484375,0.15625,0.1640625,0.171875,0.1796875,0.1875,0.1953125,0.203125,0.2109375,0.21875,0.2265625,0.234375,0.2421875,0.25,0.2578125,0.265625,0.2734375,0.28125,0.2890625,0.296875,0.3046875,0.3125,0.3203125,0.328125,0.3359375,0.34375,0.3515625,0.359375,0.3671875,0.375,0.3828125,0.390625,0.3984375,0.40625,0.4140625,0.421875,0.4296875,0.4375,0.4453125,0.453125,0.4609375,0.46875,0.4765625,0.484375,0.4921875,0.5,0.5078125,0.515625,0.5234375,0.53125,0.5390625,0.546875,0.5546875,0.5625,0.5703125,0.578125,0.5859375,0.59375,0.6015625,0.609375,0.6171875,0.625,0.6328125,0.640625,0.6484375,0.65625,0.6640625,0.671875,0.6796875,0.6875,0.6953125,0.703125,0.7109375,0.71875,0.7265625,0.734375,0.7421875,0.75,0.7578125,0.765625,0.7734375,0.78125,0.7890625,0.796875,0.8046875,0.8125,0.8203125,0.828125,0.8359375,0.84375,0.8515625,0.859375,0.8671875,0.875,0.8828125,0.890625,0.8984375,0.90625,0.9140625,0.921875,0.9296875,0.9375,0.9453125,0.953125,0.9609375,0.96875,0.9765625,0.984375,0.9921875,0.99609375,0.998046875,0.9990234375,0.99951171875,0.999755859375,1.,1.00027537585542,1.00055075171084,1.00110150342168,1.00220300684337,1.00440601368674),.UNSPECIFIED.)
BOUNDED_SURFACE()
GEOMETRIC_REPRESENTATION_ITEM()
RATIONAL_B_SPLINE_SURFACE(((0.96405130976017,0.96405130976017,0.96405130976017,
0.96405130976017,0.96405130976017,0.96405130976017,0.96405130976017,0.96405130976017,
0.96405130976017,0.96405130976017,0.96405130976017,0.96405130976017,0.96405130976017,
0.96405130976017,0.96405130976017,0.96405130976017,0.96405130976017,0.96405130976017,
0.96405130976017,0.96405130976017,0.96405130976017,0.96405130976017,0.96405130976017,
0.96405130976017,0.96405130976017,0.96405130976017,0.96405130976017,0.96405130976017,
0.96405130976017,0.96405130976017,0.96405130976017,0.96405130976017,0.96405130976017,
0.96405130976017,0.96405130976017,0.96405130976017,0.96405130976017,0.96405130976017,
0.96405130976017,0.96405130976017,0.96405130976017,0.96405130976017,0.96405130976017,
0.96405130976017,0.96405130976017,0.96405130976017,0.96405130976017,0.96405130976017,
0.96405130976017,0.96405130976017,0.96405130976017,0.96405130976017,0.96405130976017,
0.96405130976017,0.96405130976017,0.96405130976017,0.96405130976017,0.96405130976017,
0.96405130976017,0.96405130976017,0.96405130976017,0.96405130976017,0.96405130976017,
0.96405130976017,0.96405130976017,0.96405130976017,0.96405130976017,0.96405130976017,
0.96405130976017,0.96405130976017,0.96405130976017,0.96405130976017,0.96405130976017,
0.96405130976017,0.96405130976017,0.96405130976017,0.96405130976017,0.96405130976017,
0.96405130976017,0.96405130976017,0.96405130976017,0.96405130976017,0.96405130976017,
0.96405130976017,0.96405130976017,0.96405130976017,0.96405130976017,0.96405130976017,
0.96405130976017,0.96405130976017,0.96405130976017,0.96405130976017,0.96405130976017,
0.96405130976017,0.96405130976017,0.96405130976017,0.96405130976017,0.96405130976017,
0.96405130976017,0.96405130976017,0.96405130976017,0.96405130976017,0.96405130976017,
0.96405130976017,0.96405130976017,0.96405130976017,0.96405130976017,0.96405130976017,
0.96405130976017,0.96405130976017,0.96405130976017,0.96405130976017,0.96405130976017,
0.96405130976017,0.96405130976017,0.96405130976017,0.96405130976017,0.96405130976017,
0.96405130976017,0.96405130976017,0.96405130976017,0.96405130976017,0.96405130976017,
0.96405130976017,0.96405130976017,0.96405130976017,0.96405130976017,0.96405130976017,
0.96405130976017,0.96405130976017,0.96405130976017,0.96405130976017,0.96405130976017,
0.96405130976017,0.96405130976017,0.96405130976017,0.96405130976017,0.96405130976017,
0.96405130976017,0.96405130976017,0.96405130976017,0.96405130976017,0.96405130976017,
0.96405130976017,0.96405130976017,0.96405130976017,0.96405130976017,0.96405130976017,
0.96405130976017,0.96405130976017,0.96405130976017,0.96405130976017,0.96405130976017,
0.96405130976017,0.96405130976017,0.96405130976017,0.96405130976017,0.96405130976017,
0.96405130976017,0.96405130976017,0.96405130976017,0.96405130976017,0.96405130976017,
0.96405130976017,0.96405130976017,0.96405130976017,0.96405130976017,0.96405130976017,
0.96405130976017,0.96405130976017,0.96405130976017,0.96405130976017,0.96405130976017,
0.96405130976017,0.96405130976017,0.96405130976017,0.96405130976017,0.96405130976017,
0.96405130976017,0.96405130976017,0.96405130976017,0.96405130976017,0.96405130976017,
0.96405130976017,0.96405130976017,0.96405130976017,0.96405130976017,0.96405130976017,
0.96405130976017,0.96405130976017,0.96405130976017,0.96405130976017,0.96405130976017,
0.96405130976017,0.96405130976017,0.96405130976017,0.96405130976017,0.96405130976017,
0.96405130976017,0.96405130976017,0.96405130976017,0.96405130976017,0.96405130976017,
0.96405130976017,0.96405130976017,0.96405130976017,0.96405130976017,0.96405130976017,
0.96405130976017,0.96405130976017,0.96405130976017,0.96405130976017,0.96405130976017,
0.96405130976017,0.96405130976017,0.96405130976017,0.96405130976017,0.96405130976017,
0.96405130976017,0.96405130976017,0.96405130976017,0.96405130976017,0.96405130976017,
0.96405130976017,0.96405130976017,0.96405130976017,0.96405130976017,0.96405130976017,
0.96405130976017,0.96405130976017,0.96405130976017,0.96405130976017,0.96405130976017,
0.96405130976017,0.96405130976017,0.96405130976017,0.96405130976017,0.96405130976017,
0.96405130976017,0.96405130976017,0.96405130976017,0.96405130976017,0.96405130976017,
0.96405130976017,0.96405130976017,0.96405130976017,0.96405130976017,0.96405130976017,
0.96405130976017,0.96405130976017,0.96405130976017,0.96405130976017,0.96405130976017,
0.96405130976017,0.96405130976017,0.96405130976017,0.96405130976017,0.96405130976017,
0.96405130976017,0.96405130976017,0.96405130976017,0.96405130976017,0.96405130976017,
0.96405130976017,0.96405130976017,0.96405130976017,0.96405130976017,0.96405130976017,
0.96405130976017,0.96405130976017,0.96405130976017,0.96405130976017,0.96405130976017,
0.96405130976017,0.96405130976017,0.96405130976017,0.96405130976017,0.96405130976017,
0.96405130976017,0.96405130976017,0.96405130976017,0.96405130976017,0.96405130976017,
0.96405130976017,0.96405130976017,0.96405130976017,0.96405130976017,0.96405130976017,
0.96405130976017,0.96405130976017,0.96405130976017,0.96405130976017,0.96405130976017,
0.96405130976017,0.96405130976017,0.96405130976017,0.96405130976017,0.96405130976017),(0.3335568272945,0.3335568272945,0.3335568272945,0.3335568272945,0.3335568272945,
0.3335568272945,0.3335568272945,0.3335568272945,0.3335568272945,0.3335568272945,
0.3335568272945,0.3335568272945,0.3335568272945,0.3335568272945,0.3335568272945,
0.3335568272945,0.3335568272945,0.3335568272945,0.3335568272945,0.3335568272945,
0.3335568272945,0.3335568272945,0.3335568272945,0.3335568272945,0.3335568272945,
0.3335568272945,0.3335568272945,0.3335568272945,0.3335568272945,0.3335568272945,
0.3335568272945,0.3335568272945,0.3335568272945,0.3335568272945,0.3335568272945,
0.3335568272945,0.3335568272945,0.3335568272945,0.3335568272945,0.3335568272945,
0.3335568272945,0.3335568272945,0.3335568272945,0.3335568272945,0.3335568272945,
0.3335568272945,0.3335568272945,0.3335568272945,0.3335568272945,0.3335568272945,
0.3335568272945,0.3335568272945,0.3335568272945,0.3335568272945,0.3335568272945,
0.3335568272945,0.3335568272945,0.3335568272945,0.3335568272945,0.3335568272945,
0.3335568272945,0.3335568272945,0.3335568272945,0.3335568272945,0.3335568272945,
0.3335568272945,0.3335568272945,0.3335568272945,0.3335568272945,0.3335568272945,
0.3335568272945,0.3335568272945,0.3335568272945,0.3335568272945,0.3335568272945,
0.3335568272945,0.3335568272945,0.3335568272945,0.3335568272945,0.3335568272945,
0.3335568272945,0.3335568272945,0.3335568272945,0.3335568272945,0.3335568272945,
0.3335568272945,0.3335568272945,0.3335568272945,0.3335568272945,0.3335568272945,
0.3335568272945,0.3335568272945,0.3335568272945,0.3335568272945,0.3335568272945,
0.3335568272945,0.3335568272945,0.3335568272945,0.3335568272945,0.3335568272945,
0.3335568272945,0.3335568272945,0.3335568272945,0.3335568272945,0.3335568272945,
0.3335568272945,0.3335568272945,0.3335568272945,0.3335568272945,0.3335568272945,
0.3335568272945,0.3335568272945,0.3335568272945,0.3335568272945,0.3335568272945,
0.3335568272945,0.3335568272945,0.3335568272945,0.3335568272945,0.3335568272945,
0.3335568272945,0.3335568272945,0.3335568272945,0.3335568272945,0.3335568272945,
0.3335568272945,0.3335568272945,0.3335568272945,0.3335568272945,0.3335568272945,
0.3335568272945,0.3335568272945,0.3335568272945,0.3335568272945,0.3335568272945,
0.3335568272945,0.3335568272945,0.3335568272945,0.3335568272945,0.3335568272945,
0.3335568272945,0.3335568272945,0.3335568272945,0.3335568272945,0.3335568272945,
0.3335568272945,0.3335568272945,0.3335568272945,0.3335568272945,0.3335568272945,
0.3335568272945,0.3335568272945,0.3335568272945,0.3335568272945,0.3335568272945,
0.3335568272945,0.3335568272945,0.3335568272945,0.3335568272945,0.3335568272945,
0.3335568272945,0.3335568272945,0.3335568272945,0.3335568272945,0.3335568272945,
0.3335568272945,0.3335568272945,0.3335568272945,0.3335568272945,0.3335568272945,
0.3335568272945,0.3335568272945,0.3335568272945,0.3335568272945,0.3335568272945,
0.3335568272945,0.3335568272945,0.3335568272945,0.3335568272945,0.3335568272945,
0.3335568272945,0.3335568272945,0.3335568272945,0.3335568272945,0.3335568272945,
0.3335568272945,0.3335568272945,0.3335568272945,0.3335568272945,0.3335568272945,
0.3335568272945,0.3335568272945,0.3335568272945,0.3335568272945,0.3335568272945,
0.3335568272945,0.3335568272945,0.3335568272945,0.3335568272945,0.3335568272945,
0.3335568272945,0.3335568272945,0.3335568272945,0.3335568272945,0.3335568272945,
0.3335568272945,0.3335568272945,0.3335568272945,0.3335568272945,0.3335568272945,
0.3335568272945,0.3335568272945,0.3335568272945,0.3335568272945,0.3335568272945,
0.3335568272945,0.3335568272945,0.3335568272945,0.3335568272945,0.3335568272945,
0.3335568272945,0.3335568272945,0.3335568272945,0.3335568272945,0.3335568272945,
0.3335568272945,0.3335568272945,0.3335568272945,0.3335568272945,0.3335568272945,
0.3335568272945,0.3335568272945,0.3335568272945,0.3335568272945,0.3335568272945,
0.3335568272945,0.3335568272945,0.3335568272945,0.3335568272945,0.3335568272945,
0.3335568272945,0.3335568272945,0.3335568272945,0.3335568272945,0.3335568272945,
0.3335568272945,0.3335568272945,0.3335568272945,0.3335568272945,0.3335568272945,
0.3335568272945,0.3335568272945,0.3335568272945,0.3335568272945,0.3335568272945,
0.3335568272945,0.3335568272945,0.3335568272945,0.3335568272945,0.3335568272945,
0.3335568272945,0.3335568272945,0.3335568272945,0.3335568272945,0.3335568272945,
0.3335568272945,0.3335568272945,0.3335568272945,0.3335568272945,0.3335568272945,
0.3335568272945,0.3335568272945,0.3335568272945,0.3335568272945,0.3335568272945,
0.3335568272945,0.3335568272945,0.3335568272945,0.3335568272945,0.3335568272945,
0.3335568272945,0.3335568272945,0.3335568272945,0.3335568272945,0.3335568272945,
0.3335568272945,0.3335568272945,0.3335568272945,0.3335568272945,0.3335568272945,
0.3335568272945,0.3335568272945,0.3335568272945,0.3335568272945,0.3335568272945,
0.3335568272945,0.3335568272945,0.3335568272945),(0.34553972404111,0.34553972404111,
0.34553972404111,0.34553972404111,0.34553972404111,0.34553972404111,0.34553972404111,
0.34553972404111,0.34553972404111,0.34553972404111,0.34553972404111,0.34553972404111,
0.34553972404111,0.34553972404111,0.34553972404111,0.34553972404111,0.34553972404111,
0.34553972404111,0.34553972404111,0.34553972404111,0.34553972404111,0.34553972404111,
0.34553972404111,0.34553972404111,0.34553972404111,0.34553972404111,0.34553972404111,
0.34553972404111,0.34553972404111,0.34553972404111,0.34553972404111,0.34553972404111,
0.34553972404111,0.34553972404111,0.34553972404111,0.34553972404111,0.34553972404111,
0.34553972404111,0.34553972404111,0.34553972404111,0.34553972404111,0.34553972404111,
0.34553972404111,0.34553972404111,0.34553972404111,0.34553972404111,0.34553972404111,
0.34553972404111,0.34553972404111,0.34553972404111,0.34553972404111,0.34553972404111,
0.34553972404111,0.34553972404111,0.34553972404111,0.34553972404111,0.34553972404111,
0.34553972404111,0.34553972404111,0.34553972404111,0.34553972404111,0.34553972404111,
0.34553972404111,0.34553972404111,0.34553972404111,0.34553972404111,0.34553972404111,
0.34553972404111,0.34553972404111,0.34553972404111,0.34553972404111,0.34553972404111,
0.34553972404111,0.34553972404111,0.34553972404111,0.34553972404111,0.34553972404111,
0.34553972404111,0.34553972404111,0.34553972404111,0.34553972404111,0.34553972404111,
0.34553972404111,0.34553972404111,0.34553972404111,0.34553972404111,0.34553972404111,
0.34553972404111,0.34553972404111,0.34553972404111,0.34553972404111,0.34553972404111,
0.34553972404111,0.34553972404111,0.34553972404111,0.34553972404111,0.34553972404111,
0.34553972404111,0.34553972404111,0.34553972404111,0.34553972404111,0.34553972404111,
0.34553972404111,0.34553972404111,0.34553972404111,0.34553972404111,0.34553972404111,
0.34553972404111,0.34553972404111,0.34553972404111,0.34553972404111,0.34553972404111,
0.34553972404111,0.34553972404111,0.34553972404111,0.34553972404111,0.34553972404111,
0.34553972404111,0.34553972404111,0.34553972404111,0.34553972404111,0.34553972404111,
0.34553972404111,0.34553972404111,0.34553972404111,0.34553972404111,0.34553972404111,
0.34553972404111,0.34553972404111,0.34553972404111,0.34553972404111,0.34553972404111,
0.34553972404111,0.34553972404111,0.34553972404111,0.34553972404111,0.34553972404111,
0.34553972404111,0.34553972404111,0.34553972404111,0.34553972404111,0.34553972404111,
0.34553972404111,0.34553972404111,0.34553972404111,0.34553972404111,0.34553972404111,
0.34553972404111,0.34553972404111,0.34553972404111,0.34553972404111,0.34553972404111,
0.34553972404111,0.34553972404111,0.34553972404111,0.34553972404111,0.34553972404111,
0.34553972404111,0.34553972404111,0.34553972404111,0.34553972404111,0.34553972404111,
0.34553972404111,0.34553972404111,0.34553972404111,0.34553972404111,0.34553972404111,
0.34553972404111,0.34553972404111,0.34553972404111,0.34553972404111,0.34553972404111,
0.34553972404111,0.34553972404111,0.34553972404111,0.34553972404111,0.34553972404111,
0.34553972404111,0.34553972404111,0.34553972404111,0.34553972404111,0.34553972404111,
0.34553972404111,0.34553972404111,0.34553972404111,0.34553972404111,0.34553972404111,
0.34553972404111,0.34553972404111,0.34553972404111,0.34553972404111,0.34553972404111,
0.34553972404111,0.34553972404111,0.34553972404111,0.34553972404111,0.34553972404111,
0.34553972404111,0.34553972404111,0.34553972404111,0.34553972404111,0.34553972404111,
0.34553972404111,0.34553972404111,0.34553972404111,0.34553972404111,0.34553972404111,
0.34553972404111,0.34553972404111,0.34553972404111,0.34553972404111,0.34553972404111,
0.34553972404111,0.34553972404111,0.34553972404111,0.34553972404111,0.34553972404111,
0.34553972404111,0.34553972404111,0.34553972404111,0.34553972404111,0.34553972404111,
0.34553972404111,0.34553972404111,0.34553972404111,0.34553972404111,0.34553972404111,
0.34553972404111,0.34553972404111,0.34553972404111,0.34553972404111,0.34553972404111,
0.34553972404111,0.34553972404111,0.34553972404111,0.34553972404111,0.34553972404111,
0.34553972404111,0.34553972404111,0.34553972404111,0.34553972404111,0.34553972404111,
0.34553972404111,0.34553972404111,0.34553972404111,0.34553972404111,0.34553972404111,
0.34553972404111,0.34553972404111,0.34553972404111,0.34553972404111,0.34553972404111,
0.34553972404111,0.34553972404111,0.34553972404111,0.34553972404111,0.34553972404111,
0.34553972404111,0.34553972404111,0.34553972404111,0.34553972404111,0.34553972404111,
0.34553972404111,0.34553972404111,0.34553972404111,0.34553972404111,0.34553972404111,
0.34553972404111,0.34553972404111,0.34553972404111,0.34553972404111,0.34553972404111,
0.34553972404111,0.34553972404111,0.34553972404111,0.34553972404111,0.34553972404111,
0.34553972404111,0.34553972404111,0.34553972404111,0.34553972404111,0.34553972404111,
0.34553972404111,0.34553972404111,0.34553972404111,0.34553972404111,0.34553972404111,
0.34553972404111,0.34553972404111,0.34553972404111,0.34553972404111,0.34553972404111,
0.34553972404111,0.34553972404111,0.34553972404111,0.34553972404111,0.34553972404111,
0.34553972404111),(1.,1.,1.,1.,1.,1.,1.,1.,1.,1.,1.,1.,1.,1.,1.,1.,1.,1.,
1.,1.,1.,1.,1.,1.,1.,1.,1.,1.,1.,1.,1.,1.,1.,1.,1.,1.,1.,1.,1.,1.,1.,1.,
1.,1.,1.,1.,1.,1.,1.,1.,1.,1.,1.,1.,1.,1.,1.,1.,1.,1.,1.,1.,1.,1.,1.,1.,
1.,1.,1.,1.,1.,1.,1.,1.,1.,1.,1.,1.,1.,1.,1.,1.,1.,1.,1.,1.,1.,1.,1.,1.,
1.,1.,1.,1.,1.,1.,1.,1.,1.,1.,1.,1.,1.,1.,1.,1.,1.,1.,1.,1.,1.,1.,1.,1.,
1.,1.,1.,1.,1.,1.,1.,1.,1.,1.,1.,1.,1.,1.,1.,1.,1.,1.,1.,1.,1.,1.,1.,1.,
1.,1.,1.,1.,1.,1.,1.,1.,1.,1.,1.,1.,1.,1.,1.,1.,1.,1.,1.,1.,1.,1.,1.,1.,
1.,1.,1.,1.,1.,1.,1.,1.,1.,1.,1.,1.,1.,1.,1.,1.,1.,1.,1.,1.,1.,1.,1.,1.,
1.,1.,1.,1.,1.,1.,1.,1.,1.,1.,1.,1.,1.,1.,1.,1.,1.,1.,1.,1.,1.,1.,1.,1.,
1.,1.,1.,1.,1.,1.,1.,1.,1.,1.,1.,1.,1.,1.,1.,1.,1.,1.,1.,1.,1.,1.,1.,1.,
1.,1.,1.,1.,1.,1.,1.,1.,1.,1.,1.,1.,1.,1.,1.,1.,1.,1.,1.,1.,1.,1.,1.,1.,
1.,1.,1.,1.,1.,1.,1.,1.,1.,1.,1.,1.,1.,1.,1.,1.,1.,1.,1.,1.,1.,1.,1.,1.,
1.,1.,1.,1.,1.,1.,1.,1.,1.,1.,1.,1.,1.,1.,1.,1.),(0.976711723566682,0.976711723566682,
0.976711723566682,0.976711723566682,0.976711723566682,0.976711723566682,
0.976711723566682,0.976711723566682,0.976711723566682,0.976711723566682,
0.976711723566682,0.976711723566682,0.976711723566682,0.976711723566682,
0.976711723566682,0.976711723566682,0.976711723566682,0.976711723566682,
0.976711723566682,0.976711723566682,0.976711723566682,0.976711723566682,
0.976711723566682,0.976711723566682,0.976711723566682,0.976711723566682,
0.976711723566682,0.976711723566682,0.976711723566682,0.976711723566682,
0.976711723566682,0.976711723566682,0.976711723566682,0.976711723566682,
0.976711723566682,0.976711723566682,0.976711723566682,0.976711723566682,
0.976711723566682,0.976711723566682,0.976711723566682,0.976711723566682,
0.976711723566682,0.976711723566682,0.976711723566682,0.976711723566682,
0.976711723566682,0.976711723566682,0.976711723566682,0.976711723566682,
0.976711723566682,0.976711723566682,0.976711723566682,0.976711723566682,
0.976711723566682,0.976711723566682,0.976711723566682,0.976711723566682,
0.976711723566682,0.976711723566682,0.976711723566682,0.976711723566682,
0.976711723566682,0.976711723566682,0.976711723566682,0.976711723566682,
0.976711723566682,0.976711723566682,0.976711723566682,0.976711723566682,
0.976711723566682,0.976711723566682,0.976711723566682,0.976711723566682,
0.976711723566682,0.976711723566682,0.976711723566682,0.976711723566682,
0.976711723566682,0.976711723566682,0.976711723566682,0.976711723566682,
0.976711723566682,0.976711723566682,0.976711723566682,0.976711723566682,
0.976711723566682,0.976711723566682,0.976711723566682,0.976711723566682,
0.976711723566682,0.976711723566682,0.976711723566682,0.976711723566682,
0.976711723566682,0.976711723566682,0.976711723566682,0.976711723566682,
0.976711723566682,0.976711723566682,0.976711723566682,0.976711723566682,
0.976711723566682,0.976711723566682,0.976711723566682,0.976711723566682,
0.976711723566682,0.976711723566682,0.976711723566682,0.976711723566682,
0.976711723566682,0.976711723566682,0.976711723566682,0.976711723566682,
0.976711723566682,0.976711723566682,0.976711723566682,0.976711723566682,
0.976711723566682,0.976711723566682,0.976711723566682,0.976711723566682,
0.976711723566682,0.976711723566682,0.976711723566682,0.976711723566682,
0.976711723566682,0.976711723566682,0.976711723566682,0.976711723566682,
0.976711723566682,0.976711723566682,0.976711723566682,0.976711723566682,
0.976711723566682,0.976711723566682,0.976711723566682,0.976711723566682,
0.976711723566682,0.976711723566682,0.976711723566682,0.976711723566682,
0.976711723566682,0.976711723566682,0.976711723566682,0.976711723566682,
0.976711723566682,0.976711723566682,0.976711723566682,0.976711723566682,
0.976711723566682,0.976711723566682,0.976711723566682,0.976711723566682,
0.976711723566682,0.976711723566682,0.976711723566682,0.976711723566682,
0.976711723566682,0.976711723566682,0.976711723566682,0.976711723566682,
0.976711723566682,0.976711723566682,0.976711723566682,0.976711723566682,
0.976711723566682,0.976711723566682,0.976711723566682,0.976711723566682,
0.976711723566682,0.976711723566682,0.976711723566682,0.976711723566682,
0.976711723566682,0.976711723566682,0.976711723566682,0.976711723566682,
0.976711723566682,0.976711723566682,0.976711723566682,0.976711723566682,
0.976711723566682,0.976711723566682,0.976711723566682,0.976711723566682,
0.976711723566682,0.976711723566682,0.976711723566682,0.976711723566682,
0.976711723566682,0.976711723566682,0.976711723566682,0.976711723566682,
0.976711723566682,0.976711723566682,0.976711723566682,0.976711723566682,
0.976711723566682,0.976711723566682,0.976711723566682,0.976711723566682,
0.976711723566682,0.976711723566682,0.976711723566682,0.976711723566682,
0.976711723566682,0.976711723566682,0.976711723566682,0.976711723566682,
0.976711723566682,0.976711723566682,0.976711723566682,0.976711723566682,
0.976711723566682,0.976711723566682,0.976711723566682,0.976711723566682,
0.976711723566682,0.976711723566682,0.976711723566682,0.976711723566682,
0.976711723566682,0.976711723566682,0.976711723566682,0.976711723566682,
0.976711723566682,0.976711723566682,0.976711723566682,0.976711723566682,
0.976711723566682,0.976711723566682,0.976711723566682,0.976711723566682,
0.976711723566682,0.976711723566682,0.976711723566682,0.976711723566682,
0.976711723566682,0.976711723566682,0.976711723566682,0.976711723566682,
0.976711723566682,0.976711723566682,0.976711723566682,0.976711723566682,
0.976711723566682,0.976711723566682,0.976711723566682,0.976711723566682,
0.976711723566682,0.976711723566682,0.976711723566682,0.976711723566682,
0.976711723566682,0.976711723566682,0.976711723566682,0.976711723566682,
0.976711723566682,0.976711723566682,0.976711723566682,0.976711723566682,
0.976711723566682,0.976711723566682,0.976711723566682,0.976711723566682,
0.976711723566682,0.976711723566682,0.976711723566682,0.976711723566682,
0.976711723566682,0.976711723566682,0.976711723566682,0.976711723566682,
0.976711723566682,0.976711723566682,0.976711723566682,0.976711723566682,
0.976711723566682,0.976711723566682,0.976711723566682,0.976711723566682,
0.976711723566682,0.976711723566682,0.976711723566682,0.976711723566682,
0.976711723566682,0.976711723566682,0.976711723566682,0.976711723566682,
0.976711723566682,0.976711723566682,0.976711723566682,0.976711723566682,
0.976711723566682,0.976711723566682,0.976711723566682,0.976711723566682),(0.954236962862216,0.954236962862216,0.954236962862216,0.954236962862216,
0.954236962862216,0.954236962862216,0.954236962862216,0.954236962862216,
0.954236962862216,0.954236962862216,0.954236962862216,0.954236962862216,
0.954236962862216,0.954236962862216,0.954236962862216,0.954236962862216,
0.954236962862216,0.954236962862216,0.954236962862216,0.954236962862216,
0.954236962862216,0.954236962862216,0.954236962862216,0.954236962862216,
0.954236962862216,0.954236962862216,0.954236962862216,0.954236962862216,
0.954236962862216,0.954236962862216,0.954236962862216,0.954236962862216,
0.954236962862216,0.954236962862216,0.954236962862216,0.954236962862216,
0.954236962862216,0.954236962862216,0.954236962862216,0.954236962862216,
0.954236962862216,0.954236962862216,0.954236962862216,0.954236962862216,
0.954236962862216,0.954236962862216,0.954236962862216,0.954236962862216,
0.954236962862216,0.954236962862216,0.954236962862216,0.954236962862216,
0.954236962862216,0.954236962862216,0.954236962862216,0.954236962862216,
0.954236962862216,0.954236962862216,0.954236962862216,0.954236962862216,
0.954236962862216,0.954236962862216,0.954236962862216,0.954236962862216,
0.954236962862216,0.954236962862216,0.954236962862216,0.954236962862216,
0.954236962862216,0.954236962862216,0.954236962862216,0.954236962862216,
0.954236962862216,0.954236962862216,0.954236962862216,0.954236962862216,
0.954236962862216,0.954236962862216,0.954236962862216,0.954236962862216,
0.954236962862216,0.954236962862216,0.954236962862216,0.954236962862216,
0.954236962862216,0.954236962862216,0.954236962862216,0.954236962862216,
0.954236962862216,0.954236962862216,0.954236962862216,0.954236962862216,
0.954236962862216,0.954236962862216,0.954236962862216,0.954236962862216,
0.954236962862216,0.954236962862216,0.954236962862216,0.954236962862216,
0.954236962862216,0.954236962862216,0.954236962862216,0.954236962862216,
0.954236962862216,0.954236962862216,0.954236962862216,0.954236962862216,
0.954236962862216,0.954236962862216,0.954236962862216,0.954236962862216,
0.954236962862216,0.954236962862216,0.954236962862216,0.954236962862216,
0.954236962862216,0.954236962862216,0.954236962862216,0.954236962862216,
0.954236962862216,0.954236962862216,0.954236962862216,0.954236962862216,
0.954236962862216,0.954236962862216,0.954236962862216,0.954236962862216,
0.954236962862216,0.954236962862216,0.954236962862216,0.954236962862216,
0.954236962862216,0.954236962862216,0.954236962862216,0.954236962862216,
0.954236962862216,0.954236962862216,0.954236962862216,0.954236962862216,
0.954236962862216,0.954236962862216,0.954236962862216,0.954236962862216,
0.954236962862216,0.954236962862216,0.954236962862216,0.954236962862216,
0.954236962862216,0.954236962862216,0.954236962862216,0.954236962862216,
0.954236962862216,0.954236962862216,0.954236962862216,0.954236962862216,
0.954236962862216,0.954236962862216,0.954236962862216,0.954236962862216,
0.954236962862216,0.954236962862216,0.954236962862216,0.954236962862216,
0.954236962862216,0.954236962862216,0.954236962862216,0.954236962862216,
0.954236962862216,0.954236962862216,0.954236962862216,0.954236962862216,
0.954236962862216,0.954236962862216,0.954236962862216,0.954236962862216,
0.954236962862216,0.954236962862216,0.954236962862216,0.954236962862216,
0.954236962862216,0.954236962862216,0.954236962862216,0.954236962862216,
0.954236962862216,0.954236962862216,0.954236962862216,0.954236962862216,
0.954236962862216,0.954236962862216,0.954236962862216,0.954236962862216,
0.954236962862216,0.954236962862216,0.954236962862216,0.954236962862216,
0.954236962862216,0.954236962862216,0.954236962862216,0.954236962862216,
0.954236962862216,0.954236962862216,0.954236962862216,0.954236962862216,
0.954236962862216,0.954236962862216,0.954236962862216,0.954236962862216,
0.954236962862216,0.954236962862216,0.954236962862216,0.954236962862216,
0.954236962862216,0.954236962862216,0.954236962862216,0.954236962862216,
0.954236962862216,0.954236962862216,0.954236962862216,0.954236962862216,
0.954236962862216,0.954236962862216,0.954236962862216,0.954236962862216,
0.954236962862216,0.954236962862216,0.954236962862216,0.954236962862216,
0.954236962862216,0.954236962862216,0.954236962862216,0.954236962862216,
0.954236962862216,0.954236962862216,0.954236962862216,0.954236962862216,
0.954236962862216,0.954236962862216,0.954236962862216,0.954236962862216,
0.954236962862216,0.954236962862216,0.954236962862216,0.954236962862216,
0.954236962862216,0.954236962862216,0.954236962862216,0.954236962862216,
0.954236962862216,0.954236962862216,0.954236962862216,0.954236962862216,
0.954236962862216,0.954236962862216,0.954236962862216,0.954236962862216,
0.954236962862216,0.954236962862216,0.954236962862216,0.954236962862216,
0.954236962862216,0.954236962862216,0.954236962862216,0.954236962862216,
0.954236962862216,0.954236962862216,0.954236962862216,0.954236962862216,
0.954236962862216,0.954236962862216,0.954236962862216,0.954236962862216,
0.954236962862216,0.954236962862216,0.954236962862216,0.954236962862216,
0.954236962862216,0.954236962862216,0.954236962862216,0.954236962862216,
0.954236962862216,0.954236962862216,0.954236962862216,0.954236962862216,
0.954236962862216,0.954236962862216,0.954236962862216,0.954236962862216,
0.954236962862216,0.954236962862216,0.954236962862216,0.954236962862216,
0.954236962862216,0.954236962862216,0.954236962862216,0.954236962862216,
0.954236962862216,0.954236962862216),(0.932575717886602,0.932575717886602,
0.932575717886602,0.932575717886602,0.932575717886602,0.932575717886602,
0.932575717886602,0.932575717886602,0.932575717886602,0.932575717886602,
0.932575717886602,0.932575717886602,0.932575717886602,0.932575717886602,
0.932575717886602,0.932575717886602,0.932575717886602,0.932575717886602,
0.932575717886602,0.932575717886602,0.932575717886602,0.932575717886602,
0.932575717886602,0.932575717886602,0.932575717886602,0.932575717886602,
0.932575717886602,0.932575717886602,0.932575717886602,0.932575717886602,
0.932575717886602,0.932575717886602,0.932575717886602,0.932575717886602,
0.932575717886602,0.932575717886602,0.932575717886602,0.932575717886602,
0.932575717886602,0.932575717886602,0.932575717886602,0.932575717886602,
0.932575717886602,0.932575717886602,0.932575717886602,0.932575717886602,
0.932575717886602,0.932575717886602,0.932575717886602,0.932575717886602,
0.932575717886602,0.932575717886602,0.932575717886602,0.932575717886602,
0.932575717886602,0.932575717886602,0.932575717886602,0.932575717886602,
0.932575717886602,0.932575717886602,0.932575717886602,0.932575717886602,
0.932575717886602,0.932575717886602,0.932575717886602,0.932575717886602,
0.932575717886602,0.932575717886602,0.932575717886602,0.932575717886602,
0.932575717886602,0.932575717886602,0.932575717886602,0.932575717886602,
0.932575717886602,0.932575717886602,0.932575717886602,0.932575717886602,
0.932575717886602,0.932575717886602,0.932575717886602,0.932575717886602,
0.932575717886602,0.932575717886602,0.932575717886602,0.932575717886602,
0.932575717886602,0.932575717886602,0.932575717886602,0.932575717886602,
0.932575717886602,0.932575717886602,0.932575717886602,0.932575717886602,
0.932575717886602,0.932575717886602,0.932575717886602,0.932575717886602,
0.932575717886602,0.932575717886602,0.932575717886602,0.932575717886602,
0.932575717886602,0.932575717886602,0.932575717886602,0.932575717886602,
0.932575717886602,0.932575717886602,0.932575717886602,0.932575717886602,
0.932575717886602,0.932575717886602,0.932575717886602,0.932575717886602,
0.932575717886602,0.932575717886602,0.932575717886602,0.932575717886602,
0.932575717886602,0.932575717886602,0.932575717886602,0.932575717886602,
0.932575717886602,0.932575717886602,0.932575717886602,0.932575717886602,
0.932575717886602,0.932575717886602,0.932575717886602,0.932575717886602,
0.932575717886602,0.932575717886602,0.932575717886602,0.932575717886602,
0.932575717886602,0.932575717886602,0.932575717886602,0.932575717886602,
0.932575717886602,0.932575717886602,0.932575717886602,0.932575717886602,
0.932575717886602,0.932575717886602,0.932575717886602,0.932575717886602,
0.932575717886602,0.932575717886602,0.932575717886602,0.932575717886602,
0.932575717886602,0.932575717886602,0.932575717886602,0.932575717886602,
0.932575717886602,0.932575717886602,0.932575717886602,0.932575717886602,
0.932575717886602,0.932575717886602,0.932575717886602,0.932575717886602,
0.932575717886602,0.932575717886602,0.932575717886602,0.932575717886602,
0.932575717886602,0.932575717886602,0.932575717886602,0.932575717886602,
0.932575717886602,0.932575717886602,0.932575717886602,0.932575717886602,
0.932575717886602,0.932575717886602,0.932575717886602,0.932575717886602,
0.932575717886602,0.932575717886602,0.932575717886602,0.932575717886602,
0.932575717886602,0.932575717886602,0.932575717886602,0.932575717886602,
0.932575717886602,0.932575717886602,0.932575717886602,0.932575717886602,
0.932575717886602,0.932575717886602,0.932575717886602,0.932575717886602,
0.932575717886602,0.932575717886602,0.932575717886602,0.932575717886602,
0.932575717886602,0.932575717886602,0.932575717886602,0.932575717886602,
0.932575717886602,0.932575717886602,0.932575717886602,0.932575717886602,
0.932575717886602,0.932575717886602,0.932575717886602,0.932575717886602,
0.932575717886602,0.932575717886602,0.932575717886602,0.932575717886602,
0.932575717886602,0.932575717886602,0.932575717886602,0.932575717886602,
0.932575717886602,0.932575717886602,0.932575717886602,0.932575717886602,
0.932575717886602,0.932575717886602,0.932575717886602,0.932575717886602,
0.932575717886602,0.932575717886602,0.932575717886602,0.932575717886602,
0.932575717886602,0.932575717886602,0.932575717886602,0.932575717886602,
0.932575717886602,0.932575717886602,0.932575717886602,0.932575717886602,
0.932575717886602,0.932575717886602,0.932575717886602,0.932575717886602,
0.932575717886602,0.932575717886602,0.932575717886602,0.932575717886602,
0.932575717886602,0.932575717886602,0.932575717886602,0.932575717886602,
0.932575717886602,0.932575717886602,0.932575717886602,0.932575717886602,
0.932575717886602,0.932575717886602,0.932575717886602,0.932575717886602,
0.932575717886602,0.932575717886602,0.932575717886602,0.932575717886602,
0.932575717886602,0.932575717886602,0.932575717886602,0.932575717886602,
0.932575717886602,0.932575717886602,0.932575717886602,0.932575717886602,
0.932575717886602,0.932575717886602,0.932575717886602,0.932575717886602,
0.932575717886602,0.932575717886602,0.932575717886602,0.932575717886602,
0.932575717886602,0.932575717886602,0.932575717886602,0.932575717886602,
0.932575717886602,0.932575717886602,0.932575717886602,0.932575717886602,
0.932575717886602,0.932575717886602,0.932575717886602,0.932575717886602,
0.932575717886602,0.932575717886602,0.932575717886602,0.932575717886602,
0.932575717886602,0.932575717886602,0.932575717886602,0.932575717886602)))
REPRESENTATION_ITEM('')
SURFACE()
);
#21=(
B_SPLINE_SURFACE(3,3,((#8468,#8469,#8470,#8471,#8472,#8473,#8474,#8475,
#8476,#8477,#8478,#8479,#8480),(#8481,#8482,#8483,#8484,#8485,#8486,#8487,
#8488,#8489,#8490,#8491,#8492,#8493),(#8494,#8495,#8496,#8497,#8498,#8499,
#8500,#8501,#8502,#8503,#8504,#8505,#8506),(#8507,#8508,#8509,#8510,#8511,
#8512,#8513,#8514,#8515,#8516,#8517,#8518,#8519),(#8520,#8521,#8522,#8523,
#8524,#8525,#8526,#8527,#8528,#8529,#8530,#8531,#8532),(#8533,#8534,#8535,
#8536,#8537,#8538,#8539,#8540,#8541,#8542,#8543,#8544,#8545),(#8546,#8547,
#8548,#8549,#8550,#8551,#8552,#8553,#8554,#8555,#8556,#8557,#8558)),.UNSPECIFIED.,.T.,.F.,.F.)
B_SPLINE_SURFACE_WITH_KNOTS((4,3,4),(4,2,2,2,3,4),(0.,0.5,1.),(0.637702634500979,0.728276975875734,0.818851317250489,0.909425658625245,1.,1.00222597883764),.UNSPECIFIED.)
BOUNDED_SURFACE()
GEOMETRIC_REPRESENTATION_ITEM()
RATIONAL_B_SPLINE_SURFACE(((1.,1.,1.,1.,1.,1.,1.,1.,1.,1.,1.,1.,1.),(0.333333333333334,
0.333333333333334,0.333333333333334,0.333333333333334,0.333333333333334,
0.333333333333334,0.333333333333334,0.333333333333334,0.333333333333334,
0.333333333333334,0.333333333333334,0.333333333333334,0.333333333333334),(0.333333333333334,0.333333333333334,0.333333333333334,0.333333333333334,
0.333333333333334,0.333333333333334,0.333333333333334,0.333333333333334,
0.333333333333334,0.333333333333334,0.333333333333334,0.333333333333334,
0.333333333333334),(1.,1.,1.,1.,1.,1.,1.,1.,1.,1.,1.,1.,1.),(0.333333333333334,
0.333333333333334,0.333333333333334,0.333333333333334,0.333333333333334,
0.333333333333334,0.333333333333334,0.333333333333334,0.333333333333334,
0.333333333333334,0.333333333333334,0.333333333333334,0.333333333333334),(0.333333333333334,0.333333333333334,0.333333333333334,0.333333333333334,
0.333333333333334,0.333333333333334,0.333333333333334,0.333333333333334,
0.333333333333334,0.333333333333334,0.333333333333334,0.333333333333334,
0.333333333333334),(1.,1.,1.,1.,1.,1.,1.,1.,1.,1.,1.,1.,1.)))
REPRESENTATION_ITEM('')
SURFACE()
);
#22=(
B_SPLINE_SURFACE(3,3,((#8589,#8590,#8591,#8592,#8593,#8594),(#8595,#8596,
#8597,#8598,#8599,#8600),(#8601,#8602,#8603,#8604,#8605,#8606),(#8607,#8608,
#8609,#8610,#8611,#8612),(#8613,#8614,#8615,#8616,#8617,#8618),(#8619,#8620,
#8621,#8622,#8623,#8624),(#8625,#8626,#8627,#8628,#8629,#8630)),.UNSPECIFIED.,.T.,.F.,.F.)
B_SPLINE_SURFACE_WITH_KNOTS((4,3,4),(4,2,4),(0.,0.5,1.),(0.,0.5,1.),.UNSPECIFIED.)
BOUNDED_SURFACE()
GEOMETRIC_REPRESENTATION_ITEM()
RATIONAL_B_SPLINE_SURFACE(((1.,1.,1.,1.,1.,1.),(0.333333333333334,0.333333333333334,
0.333333333333334,0.333333333333334,0.333333333333334,0.333333333333334),(0.333333333333334,0.333333333333334,0.333333333333334,0.333333333333334,
0.333333333333334,0.333333333333334),(1.,1.,1.,1.,1.,1.),(0.333333333333334,
0.333333333333334,0.333333333333334,0.333333333333334,0.333333333333334,
0.333333333333334),(0.333333333333334,0.333333333333334,0.333333333333334,
0.333333333333334,0.333333333333334,0.333333333333334),(1.,1.,1.,1.,1.,
1.)))
REPRESENTATION_ITEM('')
SURFACE()
);
#23=(
B_SPLINE_SURFACE(3,2,((#8672,#8673,#8674),(#8675,#8676,#8677),(#8678,#8679,
#8680),(#8681,#8682,#8683),(#8684,#8685,#8686),(#8687,#8688,#8689),(#8690,
#8691,#8692),(#8693,#8694,#8695),(#8696,#8697,#8698),(#8699,#8700,#8701),(#8702,#8703,#8704),(#8705,#8706,#8707)),.UNSPECIFIED.,.F.,.F.,.F.)
B_SPLINE_SURFACE_WITH_KNOTS((4,1,1,1,1,1,1,1,1,4),(3,3),(0.00367603106069591,0.00448602995096336,0.00529602884123081,0.00610602773149826,0.00691602662176572,0.00732102606689944,0.00772602551203317,0.00853602440230062,0.00934602329256807,0.0101560221828355),(0.,1.),.UNSPECIFIED.)
BOUNDED_SURFACE()
GEOMETRIC_REPRESENTATION_ITEM()
RATIONAL_B_SPLINE_SURFACE(((1.,0.963182699203384,1.),(1.,0.964118035437014,
1.),(1.,0.942424107429752,1.),(1.,0.863117871831068,1.),(1.,0.747144429961372,
1.),(1.,0.644767685438856,1.),(1.,0.614704527484909,1.),(1.,0.634044742396949,
1.),(1.,0.72920141865664,1.),(1.,0.845000307994472,1.),(1.,0.90229337828413,
1.),(1.,0.925049559760222,1.)))
REPRESENTATION_ITEM('')
SURFACE()
);
#24=(
B_SPLINE_SURFACE(3,2,((#8708,#8709,#8710),(#8711,#8712,#8713),(#8714,#8715,
#8716),(#8717,#8718,#8719),(#8720,#8721,#8722),(#8723,#8724,#8725),(#8726,
#8727,#8728),(#8729,#8730,#8731),(#8732,#8733,#8734),(#8735,#8736,#8737),(#8738,#8739,#8740),(#8741,#8742,#8743),(#8744,#8745,#8746),(#8747,#8748,
#8749),(#8750,#8751,#8752)),.UNSPECIFIED.,.F.,.F.,.F.)
B_SPLINE_SURFACE_WITH_KNOTS((4,1,1,1,1,1,1,1,1,1,1,1,4),(3,3),(0.00136081596822567,0.00224375136435595,0.00312668676048623,0.00356815445855137,0.00400962215661651,0.00445108985468165,0.00489255755274679,0.00533402525081193,0.00577549294887707,0.00621696064694221,0.00665842834500735,0.00754136374113763,0.00842429913726791),(0.,1.),.UNSPECIFIED.)
BOUNDED_SURFACE()
GEOMETRIC_REPRESENTATION_ITEM()
RATIONAL_B_SPLINE_SURFACE(((1.,0.968585728040736,1.),(1.,0.968448430760214,
1.),(1.,0.934379516903806,1.),(1.,0.845081742411447,1.),(1.,0.753180159414202,
1.),(1.,0.67736632744694,1.),(1.,0.606692513999423,1.),(1.,0.565160228803781,
1.),(1.,0.578063987312314,1.),(1.,0.633984937498899,1.),(1.,0.704317438251076,
1.),(1.,0.795349125310014,1.),(1.,0.889657778823305,1.),(1.,0.936273585597893,
1.),(1.,0.951304283328705,1.)))
REPRESENTATION_ITEM('')
SURFACE()
);
#25=(
B_SPLINE_CURVE(2,(#4648,#4649,#4650,#4651,#4652,#4653,#4654,#4655,#4656,#4657,#4658,#4659,#4660,#4661,#4662,#4663,#4664,#4665,#4666,#4667,#4668,#4669,#4670,#4671,#4672,#4673,#4674,#4675,#4676,#4677,#4678,#4679,#4680,#4681,#4682,#4683,#4684,#4685,#4686,#4687,#4688,#4689,#4690,#4691,#4692,#4693,#4694,#4695,#4696,#4697,#4698,#4699,#4700,#4701,#4702,#4703,#4704,#4705,#4706,#4707,#4708,#4709,#4710,#4711,#4712,#4713,#4714,#4715,#4716,#4717,#4718,#4719,#4720,#4721,#4722,#4723,#4724,#4725,#4726,#4727,#4728,#4729,#4730,#4731,#4732,#4733,#4734,#4735,#4736,#4737,#4738,#4739,#4740,#4741,#4742,#4743,#4744,#4745,#4746,#4747,#4748,#4749,#4750,#4751,#4752,#4753,#4754,#4755,#4756,#4757,#4758,#4759,#4760,#4761,#4762,#4763,#4764,#4765,#4766,#4767,#4768,#4769,#4770,#4771,#4772,#4773,#4774,#4775,#4776,#4777,#4778,#4779,#4780,#4781,#4782,#4783,#4784,#4785,#4786,#4787,#4788,#4789,#4790,#4791,#4792,#4793,#4794,#4795,#4796,#4797,#4798,#4799,#4800,#4801,#4802,#4803,#4804),.UNSPECIFIED.,.F.,.F.)
B_SPLINE_CURVE_WITH_KNOTS((3,2,2,2,2,2,2,2,2,2,2,2,2,2,2,2,2,2,2,2,2,2,2,2,2,2,2,2,2,2,2,2,2,2,2,2,2,2,2,2,2,2,2,2,2,2,2,2,2,2,2,2,2,2,2,2,2,2,2,2,2,2,2,2,2,2,2,2,2,2,2,2,2,2,2,2,2,2,3),(0.,0.0128205128205128,0.0256410256410257,0.0384615384615384,0.0512820512820513,0.0641025641025641,0.0769230769230769,0.0897435897435897,0.102564102564103,0.115384615384615,0.128205128205128,0.141025641025641,0.153846153846154,0.166666666666667,0.17948717948718,0.192307692307693,0.205128205128205,0.217948717948718,0.230769230769231,0.243589743589744,0.256410256410256,0.269230769230769,0.282051282051282,0.294871794871795,0.307692307692307,0.32051282051282,0.333333333333334,0.346153846153846,0.358974358974359,0.371794871794872,0.384615384615385,0.397435897435897,0.410256410256411,0.423076923076923,0.435897435897436,0.448717948717949,0.461538461538462,0.474358974358974,0.487179487179487,0.5,0.512820512820513,0.525641025641026,0.538461538461538,0.551282051282051,0.564102564102564,0.576923076923077,0.58974358974359,0.602564102564103,0.615384615384615,0.628205128205128,0.641025641025641,0.653846153846154,0.666666666666667,0.67948717948718,0.692307692307692,0.705128205128205,0.717948717948718,0.730769230769231,0.743589743589744,0.756410256410256,0.769230769230769,0.782051282051282,0.794871794871795,0.807692307692308,0.820512820512821,0.833333333333333,0.846153846153846,0.858974358974359,0.871794871794872,0.884615384615385,0.897435897435898,0.91025641025641,0.923076923076923,0.935897435897436,0.948717948717949,0.961538461538462,0.974358974358974,0.987179487179487,1.),.UNSPECIFIED.)
BOUNDED_CURVE()
CURVE()
GEOMETRIC_REPRESENTATION_ITEM()
RATIONAL_B_SPLINE_CURVE((1.,0.866025403784439,1.,0.866025403784439,1.,0.866025403784439,1.,0.866025403784439,1.,0.866025403784439,1.,0.866025403784439,1.,0.866025403784439,1.,0.866025403784439,1.,0.866025403784439,1.,0.866025403784439,1.,0.866025403784439,1.,0.866025403784439,1.,0.866025403784439,1.,0.866025403784439,1.,0.866025403784439,1.,0.866025403784439,1.,0.866025403784439,1.,0.866025403784439,1.,0.866025403784439,1.,0.866025403784439,1.,0.866025403784439,1.,0.866025403784439,1.,0.866025403784439,1.,0.866025403784439,1.,0.866025403784439,1.,0.866025403784439,1.,0.866025403784439,1.,0.866025403784439,1.,0.866025403784439,1.,0.866025403784439,1.,0.866025403784439,1.,0.866025403784439,1.,0.866025403784439,1.,0.866025403784439,1.,0.866025403784439,1.,0.866025403784439,1.,0.866025403784439,1.,0.866025403784439,1.,0.866025403784439,1.,0.866025403784439,1.,0.866025403784439,1.,0.866025403784439,1.,0.866025403784439,1.,0.866025403784439,1.,0.866025403784439,1.,0.866025403784439,1.,0.866025403784439,1.,0.866025403784439,1.,0.866025403784439,1.,0.866025403784439,1.,0.866025403784439,1.,0.866025403784439,1.,0.866025403784439,1.,0.866025403784439,1.,0.866025403784439,1.,0.866025403784439,1.,0.866025403784439,1.,0.866025403784439,1.,0.866025403784439,1.,0.866025403784439,1.,0.866025403784439,1.,0.866025403784439,1.,0.866025403784439,1.,0.866025403784439,1.,0.866025403784439,1.,0.866025403784439,1.,0.866025403784439,1.,0.866025403784439,1.,0.866025403784439,1.,0.866025403784439,1.,0.866025403784439,1.,0.866025403784439,1.,0.866025403784439,1.,0.866025403784439,1.,0.866025403784439,1.,0.866025403784439,1.,0.866025403784439,1.,0.866025403784439,1.))
REPRESENTATION_ITEM('')
);
#26=(
B_SPLINE_CURVE(2,(#4808,#4809,#4810,#4811,#4812,#4813,#4814,#4815,#4816,#4817,#4818,#4819,#4820,#4821,#4822,#4823,#4824,#4825,#4826,#4827,#4828,#4829,#4830,#4831,#4832,#4833,#4834,#4835,#4836,#4837,#4838,#4839,#4840,#4841,#4842,#4843,#4844,#4845,#4846,#4847,#4848,#4849,#4850,#4851,#4852,#4853,#4854,#4855,#4856,#4857,#4858,#4859,#4860,#4861,#4862,#4863,#4864,#4865,#4866,#4867,#4868,#4869,#4870,#4871,#4872,#4873,#4874,#4875,#4876,#4877,#4878,#4879,#4880,#4881,#4882,#4883,#4884,#4885,#4886,#4887,#4888,#4889,#4890,#4891,#4892,#4893,#4894,#4895,#4896,#4897,#4898,#4899,#4900,#4901,#4902,#4903,#4904,#4905,#4906,#4907,#4908,#4909,#4910,#4911,#4912,#4913,#4914,#4915,#4916,#4917,#4918,#4919,#4920,#4921,#4922,#4923,#4924,#4925,#4926,#4927,#4928,#4929,#4930,#4931,#4932,#4933,#4934,#4935,#4936,#4937,#4938,#4939,#4940,#4941,#4942,#4943,#4944,#4945,#4946,#4947,#4948,#4949,#4950,#4951,#4952,#4953,#4954,#4955,#4956,#4957,#4958,#4959,#4960,#4961,#4962,#4963,#4964),.UNSPECIFIED.,.F.,.F.)
B_SPLINE_CURVE_WITH_KNOTS((3,2,2,2,2,2,2,2,2,2,2,2,2,2,2,2,2,2,2,2,2,2,2,2,2,2,2,2,2,2,2,2,2,2,2,2,2,2,2,2,2,2,2,2,2,2,2,2,2,2,2,2,2,2,2,2,2,2,2,2,2,2,2,2,2,2,2,2,2,2,2,2,2,2,2,2,2,2,3),(0.,0.0128205128205128,0.0256410256410257,0.0384615384615384,0.0512820512820513,0.0641025641025641,0.0769230769230769,0.0897435897435897,0.102564102564103,0.115384615384615,0.128205128205128,0.141025641025641,0.153846153846154,0.166666666666667,0.17948717948718,0.192307692307693,0.205128205128205,0.217948717948718,0.230769230769231,0.243589743589744,0.256410256410256,0.269230769230769,0.282051282051282,0.294871794871795,0.307692307692307,0.32051282051282,0.333333333333334,0.346153846153846,0.358974358974359,0.371794871794872,0.384615384615385,0.397435897435897,0.410256410256411,0.423076923076923,0.435897435897436,0.448717948717949,0.461538461538462,0.474358974358974,0.487179487179487,0.5,0.512820512820513,0.525641025641026,0.538461538461538,0.551282051282051,0.564102564102564,0.576923076923077,0.58974358974359,0.602564102564103,0.615384615384615,0.628205128205128,0.641025641025641,0.653846153846154,0.666666666666667,0.67948717948718,0.692307692307692,0.705128205128205,0.717948717948718,0.730769230769231,0.743589743589744,0.756410256410256,0.769230769230769,0.782051282051282,0.794871794871795,0.807692307692308,0.820512820512821,0.833333333333333,0.846153846153846,0.858974358974359,0.871794871794872,0.884615384615385,0.897435897435898,0.91025641025641,0.923076923076923,0.935897435897436,0.948717948717949,0.961538461538462,0.974358974358974,0.987179487179487,1.),.UNSPECIFIED.)
BOUNDED_CURVE()
CURVE()
GEOMETRIC_REPRESENTATION_ITEM()
RATIONAL_B_SPLINE_CURVE((1.,0.866025403784439,1.,0.866025403784439,1.,0.866025403784439,1.,0.866025403784439,1.,0.866025403784439,1.,0.866025403784439,1.,0.866025403784439,1.,0.866025403784439,1.,0.866025403784439,1.,0.866025403784439,1.,0.866025403784439,1.,0.866025403784439,1.,0.866025403784439,1.,0.866025403784439,1.,0.866025403784439,1.,0.866025403784439,1.,0.866025403784439,1.,0.866025403784439,1.,0.866025403784439,1.,0.866025403784439,1.,0.866025403784439,1.,0.866025403784439,1.,0.866025403784439,1.,0.866025403784439,1.,0.866025403784439,1.,0.866025403784439,1.,0.866025403784439,1.,0.866025403784439,1.,0.866025403784439,1.,0.866025403784439,1.,0.866025403784439,1.,0.866025403784439,1.,0.866025403784439,1.,0.866025403784439,1.,0.866025403784439,1.,0.866025403784439,1.,0.866025403784439,1.,0.866025403784439,1.,0.866025403784439,1.,0.866025403784439,1.,0.866025403784439,1.,0.866025403784439,1.,0.866025403784439,1.,0.866025403784439,1.,0.866025403784439,1.,0.866025403784439,1.,0.866025403784439,1.,0.866025403784439,1.,0.866025403784439,1.,0.866025403784439,1.,0.866025403784439,1.,0.866025403784439,1.,0.866025403784439,1.,0.866025403784439,1.,0.866025403784439,1.,0.866025403784439,1.,0.866025403784439,1.,0.866025403784439,1.,0.866025403784439,1.,0.866025403784439,1.,0.866025403784439,1.,0.866025403784439,1.,0.866025403784439,1.,0.866025403784439,1.,0.866025403784439,1.,0.866025403784439,1.,0.866025403784439,1.,0.866025403784439,1.,0.866025403784439,1.,0.866025403784439,1.,0.866025403784439,1.,0.866025403784439,1.,0.866025403784439,1.,0.866025403784439,1.,0.866025403784439,1.,0.866025403784439,1.,0.866025403784439,1.,0.866025403784439,1.))
REPRESENTATION_ITEM('')
);
#27=(
B_SPLINE_CURVE(2,(#5279,#5280,#5281,#5282,#5283,#5284,#5285,#5286,#5287,#5288,#5289,#5290,#5291,#5292,#5293,#5294,#5295,#5296,#5297,#5298,#5299,#5300,#5301,#5302,#5303,#5304,#5305,#5306,#5307,#5308,#5309,#5310,#5311,#5312,#5313,#5314,#5315,#5316,#5317,#5318,#5319,#5320,#5321,#5322,#5323,#5324,#5325,#5326,#5327,#5328,#5329,#5330,#5331,#5332,#5333,#5334,#5335,#5336,#5337,#5338,#5339,#5340,#5341,#5342,#5343,#5344,#5345,#5346,#5347,#5348,#5349,#5350,#5351,#5352,#5353,#5354,#5355,#5356,#5357,#5358,#5359,#5360,#5361,#5362,#5363,#5364,#5365,#5366,#5367,#5368,#5369,#5370,#5371,#5372,#5373,#5374,#5375,#5376,#5377,#5378,#5379,#5380,#5381,#5382,#5383,#5384,#5385,#5386,#5387,#5388,#5389,#5390,#5391,#5392,#5393,#5394,#5395,#5396,#5397,#5398,#5399,#5400,#5401,#5402,#5403,#5404,#5405,#5406,#5407,#5408,#5409,#5410,#5411,#5412,#5413,#5414,#5415,#5416,#5417,#5418,#5419,#5420,#5421,#5422,#5423,#5424,#5425,#5426,#5427,#5428,#5429,#5430,#5431,#5432,#5433,#5434,#5435),.UNSPECIFIED.,.F.,.F.)
B_SPLINE_CURVE_WITH_KNOTS((3,2,2,2,2,2,2,2,2,2,2,2,2,2,2,2,2,2,2,2,2,2,2,2,2,2,2,2,2,2,2,2,2,2,2,2,2,2,2,2,2,2,2,2,2,2,2,2,2,2,2,2,2,2,2,2,2,2,2,2,2,2,2,2,2,2,2,2,2,2,2,2,2,2,2,2,2,2,3),(0.,0.0128205128205128,0.0256410256410257,0.0384615384615384,0.0512820512820513,0.0641025641025641,0.0769230769230769,0.0897435897435897,0.102564102564103,0.115384615384615,0.128205128205128,0.141025641025641,0.153846153846154,0.166666666666667,0.17948717948718,0.192307692307693,0.205128205128205,0.217948717948718,0.230769230769231,0.243589743589744,0.256410256410256,0.269230769230769,0.282051282051282,0.294871794871795,0.307692307692307,0.32051282051282,0.333333333333334,0.346153846153846,0.358974358974359,0.371794871794872,0.384615384615385,0.397435897435897,0.410256410256411,0.423076923076923,0.435897435897436,0.448717948717949,0.461538461538462,0.474358974358974,0.487179487179487,0.5,0.512820512820513,0.525641025641026,0.538461538461538,0.551282051282051,0.564102564102564,0.576923076923077,0.58974358974359,0.602564102564103,0.615384615384615,0.628205128205128,0.641025641025641,0.653846153846154,0.666666666666667,0.67948717948718,0.692307692307692,0.705128205128205,0.717948717948718,0.730769230769231,0.743589743589744,0.756410256410256,0.769230769230769,0.782051282051282,0.794871794871795,0.807692307692308,0.820512820512821,0.833333333333333,0.846153846153846,0.858974358974359,0.871794871794872,0.884615384615385,0.897435897435898,0.91025641025641,0.923076923076923,0.935897435897436,0.948717948717949,0.961538461538462,0.974358974358974,0.987179487179487,1.),.UNSPECIFIED.)
BOUNDED_CURVE()
CURVE()
GEOMETRIC_REPRESENTATION_ITEM()
RATIONAL_B_SPLINE_CURVE((1.,0.866025403784439,1.,0.866025403784439,1.,0.866025403784439,1.,0.866025403784439,1.,0.866025403784439,1.,0.866025403784439,1.,0.866025403784439,1.,0.866025403784439,1.,0.866025403784439,1.,0.866025403784439,1.,0.866025403784439,1.,0.866025403784439,1.,0.866025403784439,1.,0.866025403784439,1.,0.866025403784439,1.,0.866025403784439,1.,0.866025403784439,1.,0.866025403784439,1.,0.866025403784439,1.,0.866025403784439,1.,0.866025403784439,1.,0.866025403784439,1.,0.866025403784439,1.,0.866025403784439,1.,0.866025403784439,1.,0.866025403784439,1.,0.866025403784439,1.,0.866025403784439,1.,0.866025403784439,1.,0.866025403784439,1.,0.866025403784439,1.,0.866025403784439,1.,0.866025403784439,1.,0.866025403784439,1.,0.866025403784439,1.,0.866025403784439,1.,0.866025403784439,1.,0.866025403784439,1.,0.866025403784439,1.,0.866025403784439,1.,0.866025403784439,1.,0.866025403784439,1.,0.866025403784439,1.,0.866025403784439,1.,0.866025403784439,1.,0.866025403784439,1.,0.866025403784439,1.,0.866025403784439,1.,0.866025403784439,1.,0.866025403784439,1.,0.866025403784439,1.,0.866025403784439,1.,0.866025403784439,1.,0.866025403784439,1.,0.866025403784439,1.,0.866025403784439,1.,0.866025403784439,1.,0.866025403784439,1.,0.866025403784439,1.,0.866025403784439,1.,0.866025403784439,1.,0.866025403784439,1.,0.866025403784439,1.,0.866025403784439,1.,0.866025403784439,1.,0.866025403784439,1.,0.866025403784439,1.,0.866025403784439,1.,0.866025403784439,1.,0.866025403784439,1.,0.866025403784439,1.,0.866025403784439,1.,0.866025403784439,1.,0.866025403784439,1.,0.866025403784439,1.,0.866025403784439,1.,0.866025403784439,1.,0.866025403784439,1.))
REPRESENTATION_ITEM('')
);
#28=(
B_SPLINE_CURVE(2,(#5454,#5455,#5456,#5457,#5458,#5459,#5460,#5461,#5462,#5463,#5464,#5465,#5466,#5467,#5468,#5469,#5470,#5471,#5472,#5473,#5474,#5475,#5476,#5477,#5478,#5479,#5480,#5481,#5482,#5483,#5484,#5485,#5486,#5487,#5488,#5489,#5490,#5491,#5492,#5493,#5494,#5495,#5496,#5497,#5498,#5499,#5500,#5501,#5502,#5503,#5504,#5505,#5506,#5507,#5508,#5509,#5510,#5511,#5512,#5513,#5514,#5515,#5516,#5517,#5518,#5519,#5520,#5521,#5522,#5523,#5524,#5525,#5526,#5527,#5528,#5529,#5530,#5531,#5532,#5533,#5534,#5535,#5536,#5537,#5538,#5539,#5540,#5541,#5542,#5543,#5544,#5545,#5546,#5547,#5548,#5549,#5550,#5551,#5552,#5553,#5554,#5555,#5556,#5557,#5558,#5559,#5560,#5561,#5562,#5563,#5564,#5565,#5566,#5567,#5568,#5569,#5570,#5571,#5572,#5573,#5574,#5575,#5576,#5577,#5578,#5579,#5580,#5581,#5582,#5583,#5584,#5585,#5586,#5587,#5588,#5589,#5590,#5591,#5592,#5593,#5594,#5595,#5596,#5597,#5598,#5599,#5600,#5601,#5602,#5603,#5604,#5605,#5606,#5607,#5608,#5609,#5610),.UNSPECIFIED.,.F.,.F.)
B_SPLINE_CURVE_WITH_KNOTS((3,2,2,2,2,2,2,2,2,2,2,2,2,2,2,2,2,2,2,2,2,2,2,2,2,2,2,2,2,2,2,2,2,2,2,2,2,2,2,2,2,2,2,2,2,2,2,2,2,2,2,2,2,2,2,2,2,2,2,2,2,2,2,2,2,2,2,2,2,2,2,2,2,2,2,2,2,2,3),(0.,0.0128205128205128,0.0256410256410257,0.0384615384615384,0.0512820512820513,0.0641025641025641,0.0769230769230769,0.0897435897435897,0.102564102564103,0.115384615384615,0.128205128205128,0.141025641025641,0.153846153846154,0.166666666666667,0.17948717948718,0.192307692307693,0.205128205128205,0.217948717948718,0.230769230769231,0.243589743589744,0.256410256410256,0.269230769230769,0.282051282051282,0.294871794871795,0.307692307692307,0.32051282051282,0.333333333333334,0.346153846153846,0.358974358974359,0.371794871794872,0.384615384615385,0.397435897435897,0.410256410256411,0.423076923076923,0.435897435897436,0.448717948717949,0.461538461538462,0.474358974358974,0.487179487179487,0.5,0.512820512820513,0.525641025641026,0.538461538461538,0.551282051282051,0.564102564102564,0.576923076923077,0.58974358974359,0.602564102564103,0.615384615384615,0.628205128205128,0.641025641025641,0.653846153846154,0.666666666666667,0.67948717948718,0.692307692307692,0.705128205128205,0.717948717948718,0.730769230769231,0.743589743589744,0.756410256410256,0.769230769230769,0.782051282051282,0.794871794871795,0.807692307692308,0.820512820512821,0.833333333333333,0.846153846153846,0.858974358974359,0.871794871794872,0.884615384615385,0.897435897435898,0.91025641025641,0.923076923076923,0.935897435897436,0.948717948717949,0.961538461538462,0.974358974358974,0.987179487179487,1.),.UNSPECIFIED.)
BOUNDED_CURVE()
CURVE()
GEOMETRIC_REPRESENTATION_ITEM()
RATIONAL_B_SPLINE_CURVE((1.,0.866025403784439,1.,0.866025403784439,1.,0.866025403784439,1.,0.866025403784439,1.,0.866025403784439,1.,0.866025403784439,1.,0.866025403784439,1.,0.866025403784439,1.,0.866025403784439,1.,0.866025403784439,1.,0.866025403784439,1.,0.866025403784439,1.,0.866025403784439,1.,0.866025403784439,1.,0.866025403784439,1.,0.866025403784439,1.,0.866025403784439,1.,0.866025403784439,1.,0.866025403784439,1.,0.866025403784439,1.,0.866025403784439,1.,0.866025403784439,1.,0.866025403784439,1.,0.866025403784439,1.,0.866025403784439,1.,0.866025403784439,1.,0.866025403784439,1.,0.866025403784439,1.,0.866025403784439,1.,0.866025403784439,1.,0.866025403784439,1.,0.866025403784439,1.,0.866025403784439,1.,0.866025403784439,1.,0.866025403784439,1.,0.866025403784439,1.,0.866025403784439,1.,0.866025403784439,1.,0.866025403784439,1.,0.866025403784439,1.,0.866025403784439,1.,0.866025403784439,1.,0.866025403784439,1.,0.866025403784439,1.,0.866025403784439,1.,0.866025403784439,1.,0.866025403784439,1.,0.866025403784439,1.,0.866025403784439,1.,0.866025403784439,1.,0.866025403784439,1.,0.866025403784439,1.,0.866025403784439,1.,0.866025403784439,1.,0.866025403784439,1.,0.866025403784439,1.,0.866025403784439,1.,0.866025403784439,1.,0.866025403784439,1.,0.866025403784439,1.,0.866025403784439,1.,0.866025403784439,1.,0.866025403784439,1.,0.866025403784439,1.,0.866025403784439,1.,0.866025403784439,1.,0.866025403784439,1.,0.866025403784439,1.,0.866025403784439,1.,0.866025403784439,1.,0.866025403784439,1.,0.866025403784439,1.,0.866025403784439,1.,0.866025403784439,1.,0.866025403784439,1.,0.866025403784439,1.,0.866025403784439,1.,0.866025403784439,1.))
REPRESENTATION_ITEM('')
);
#29=LINE('',#4637,#57);
#30=LINE('',#4640,#58);
#31=LINE('',#4642,#59);
#32=LINE('',#4644,#60);
#33=LINE('',#8392,#61);
#34=LINE('',#8395,#62);
#35=LINE('',#8397,#63);
#36=LINE('',#8399,#64);
#37=LINE('',#8401,#65);
#38=LINE('',#8403,#66);
#39=LINE('',#8405,#67);
#40=LINE('',#8407,#68);
#41=LINE('',#8409,#69);
#42=LINE('',#8411,#70);
#43=LINE('',#8413,#71);
#44=LINE('',#8415,#72);
#45=LINE('',#8417,#73);
#46=LINE('',#8419,#74);
#47=LINE('',#8421,#75);
#48=LINE('',#8423,#76);
#49=LINE('',#8425,#77);
#50=LINE('',#8427,#78);
#51=LINE('',#8660,#79);
#52=LINE('',#8661,#80);
#53=LINE('',#8663,#81);
#54=LINE('',#8665,#82);
#55=LINE('',#8667,#83);
#56=LINE('',#8669,#84);
#57=VECTOR('',#1114,1.);
#58=VECTOR('',#1115,1.);
#59=VECTOR('',#1116,1.);
#60=VECTOR('',#1117,1.);
#61=VECTOR('',#1180,1.);
#62=VECTOR('',#1181,1.);
#63=VECTOR('',#1182,1.);
#64=VECTOR('',#1183,1.);
#65=VECTOR('',#1184,1.);
#66=VECTOR('',#1185,1.);
#67=VECTOR('',#1188,1.);
#68=VECTOR('',#1189,1.);
#69=VECTOR('',#1190,1.);
#70=VECTOR('',#1193,1.);
#71=VECTOR('',#1194,1.);
#72=VECTOR('',#1197,1.);
#73=VECTOR('',#1198,1.);
#74=VECTOR('',#1201,1.);
#75=VECTOR('',#1202,1.);
#76=VECTOR('',#1205,1.);
#77=VECTOR('',#1206,1.);
#78=VECTOR('',#1209,1.);
#79=VECTOR('',#1250,1.);
#80=VECTOR('',#1251,1.);
#81=VECTOR('',#1254,1.);
#82=VECTOR('',#1257,1.);
#83=VECTOR('',#1260,1.);
#84=VECTOR('',#1263,1.);
#85=SHAPE_REPRESENTATION_RELATIONSHIP('','',#929,#87);
#86=SHAPE_REPRESENTATION_RELATIONSHIP('','',#930,#88);
#87=ADVANCED_BREP_SHAPE_REPRESENTATION('',(#925),#8755);
#88=ADVANCED_BREP_SHAPE_REPRESENTATION('',(#926),#8756);
#89=TOROIDAL_SURFACE('',#963,0.014,0.006);
#90=TOROIDAL_SURFACE('',#964,0.0155,0.006);
#91=CONICAL_SURFACE('',#950,0.00854624395264244,0.849141475930132);
#92=CONICAL_SURFACE('',#960,0.0095,0.785398163397448);
#93=CONICAL_SURFACE('',#965,0.0091,0.785398163397448);
#94=CONICAL_SURFACE('',#966,0.015,0.785398163397452);
#95=CONICAL_SURFACE('',#967,0.00607,1.03036821346546);
#96=CONICAL_SURFACE('',#968,0.0050375,0.785398163397455);
#97=CONICAL_SURFACE('',#982,0.0085,0.849141475930132);
#98=CONICAL_SURFACE('',#1013,0.00875,0.785398163397448);
#99=CONICAL_SURFACE('',#1014,0.00815,0.785398163397448);
#100=CONICAL_SURFACE('',#1025,0.0023,0.785398163397448);
#101=CONICAL_SURFACE('',#1026,0.0143,0.785398163397448);
#102=CONICAL_SURFACE('',#1033,0.0028,0.785398163397448);
#103=PLANE('',#944);
#104=PLANE('',#947);
#105=PLANE('',#954);
#106=PLANE('',#958);
#107=PLANE('',#970);
#108=PLANE('',#974);
#109=PLANE('',#983);
#110=PLANE('',#985);
#111=PLANE('',#1000);
#112=PLANE('',#1002);
#113=PLANE('',#1003);
#114=PLANE('',#1004);
#115=PLANE('',#1005);
#116=PLANE('',#1006);
#117=PLANE('',#1007);
#118=PLANE('',#1015);
#119=PLANE('',#1027);
#120=PLANE('',#1028);
#121=PLANE('',#1029);
#122=PLANE('',#1030);
#123=PLANE('',#1031);
#124=PLANE('',#1032);
#125=B_SPLINE_SURFACE_WITH_KNOTS('',3,3,((#1538,#1539,#1540,#1541,#1542,
#1543,#1544,#1545,#1546,#1547,#1548,#1549,#1550,#1551,#1552,#1553,#1554,
#1555,#1556,#1557,#1558,#1559,#1560,#1561,#1562,#1563,#1564,#1565,#1566,
#1567,#1568,#1569,#1570,#1571,#1572,#1573,#1574,#1575,#1576,#1577,#1578,
#1579,#1580,#1581,#1582,#1583,#1584,#1585,#1586,#1587,#1588,#1589,#1590,
#1591,#1592,#1593,#1594,#1595,#1596,#1597,#1598,#1599,#1600,#1601,#1602,
#1603,#1604,#1605,#1606,#1607,#1608,#1609,#1610,#1611,#1612,#1613,#1614,
#1615,#1616,#1617,#1618,#1619,#1620,#1621,#1622,#1623,#1624,#1625,#1626,
#1627,#1628,#1629,#1630,#1631,#1632,#1633,#1634,#1635,#1636,#1637,#1638,
#1639,#1640,#1641,#1642,#1643,#1644,#1645,#1646,#1647,#1648,#1649,#1650,
#1651,#1652,#1653,#1654,#1655,#1656,#1657,#1658,#1659,#1660,#1661,#1662,
#1663,#1664,#1665,#1666,#1667,#1668,#1669,#1670,#1671,#1672,#1673,#1674,
#1675,#1676,#1677,#1678,#1679,#1680,#1681,#1682,#1683,#1684,#1685,#1686,
#1687,#1688,#1689,#1690,#1691,#1692,#1693,#1694,#1695,#1696,#1697,#1698,
#1699,#1700,#1701,#1702,#1703,#1704,#1705,#1706,#1707,#1708,#1709,#1710,
#1711,#1712,#1713,#1714,#1715,#1716,#1717,#1718,#1719,#1720,#1721,#1722,
#1723,#1724,#1725,#1726,#1727,#1728,#1729,#1730,#1731,#1732,#1733,#1734,
#1735,#1736,#1737,#1738,#1739,#1740,#1741,#1742,#1743,#1744,#1745,#1746,
#1747,#1748,#1749,#1750,#1751,#1752,#1753,#1754,#1755,#1756,#1757,#1758,
#1759,#1760,#1761,#1762,#1763,#1764,#1765,#1766,#1767,#1768,#1769,#1770,
#1771,#1772,#1773,#1774,#1775,#1776,#1777,#1778,#1779,#1780,#1781,#1782,
#1783,#1784,#1785,#1786,#1787,#1788,#1789,#1790,#1791,#1792,#1793,#1794,
#1795,#1796,#1797,#1798,#1799,#1800,#1801,#1802,#1803,#1804,#1805,#1806,
#1807,#1808,#1809,#1810,#1811,#1812,#1813,#1814,#1815,#1816,#1817,#1818,
#1819,#1820,#1821,#1822,#1823,#1824,#1825,#1826,#1827,#1828,#1829,#1830,
#1831,#1832,#1833,#1834,#1835,#1836,#1837,#1838,#1839,#1840,#1841,#1842,
#1843,#1844,#1845,#1846,#1847,#1848,#1849,#1850,#1851,#1852,#1853,#1854,
#1855,#1856,#1857,#1858,#1859,#1860,#1861,#1862,#1863,#1864,#1865,#1866,
#1867,#1868,#1869,#1870,#1871,#1872,#1873,#1874,#1875,#1876,#1877,#1878,
#1879,#1880,#1881,#1882,#1883,#1884,#1885,#1886),(#1887,#1888,#1889,#1890,
#1891,#1892,#1893,#1894,#1895,#1896,#1897,#1898,#1899,#1900,#1901,#1902,
#1903,#1904,#1905,#1906,#1907,#1908,#1909,#1910,#1911,#1912,#1913,#1914,
#1915,#1916,#1917,#1918,#1919,#1920,#1921,#1922,#1923,#1924,#1925,#1926,
#1927,#1928,#1929,#1930,#1931,#1932,#1933,#1934,#1935,#1936,#1937,#1938,
#1939,#1940,#1941,#1942,#1943,#1944,#1945,#1946,#1947,#1948,#1949,#1950,
#1951,#1952,#1953,#1954,#1955,#1956,#1957,#1958,#1959,#1960,#1961,#1962,
#1963,#1964,#1965,#1966,#1967,#1968,#1969,#1970,#1971,#1972,#1973,#1974,
#1975,#1976,#1977,#1978,#1979,#1980,#1981,#1982,#1983,#1984,#1985,#1986,
#1987,#1988,#1989,#1990,#1991,#1992,#1993,#1994,#1995,#1996,#1997,#1998,
#1999,#2000,#2001,#2002,#2003,#2004,#2005,#2006,#2007,#2008,#2009,#2010,
#2011,#2012,#2013,#2014,#2015,#2016,#2017,#2018,#2019,#2020,#2021,#2022,
#2023,#2024,#2025,#2026,#2027,#2028,#2029,#2030,#2031,#2032,#2033,#2034,
#2035,#2036,#2037,#2038,#2039,#2040,#2041,#2042,#2043,#2044,#2045,#2046,
#2047,#2048,#2049,#2050,#2051,#2052,#2053,#2054,#2055,#2056,#2057,#2058,
#2059,#2060,#2061,#2062,#2063,#2064,#2065,#2066,#2067,#2068,#2069,#2070,
#2071,#2072,#2073,#2074,#2075,#2076,#2077,#2078,#2079,#2080,#2081,#2082,
#2083,#2084,#2085,#2086,#2087,#2088,#2089,#2090,#2091,#2092,#2093,#2094,
#2095,#2096,#2097,#2098,#2099,#2100,#2101,#2102,#2103,#2104,#2105,#2106,
#2107,#2108,#2109,#2110,#2111,#2112,#2113,#2114,#2115,#2116,#2117,#2118,
#2119,#2120,#2121,#2122,#2123,#2124,#2125,#2126,#2127,#2128,#2129,#2130,
#2131,#2132,#2133,#2134,#2135,#2136,#2137,#2138,#2139,#2140,#2141,#2142,
#2143,#2144,#2145,#2146,#2147,#2148,#2149,#2150,#2151,#2152,#2153,#2154,
#2155,#2156,#2157,#2158,#2159,#2160,#2161,#2162,#2163,#2164,#2165,#2166,
#2167,#2168,#2169,#2170,#2171,#2172,#2173,#2174,#2175,#2176,#2177,#2178,
#2179,#2180,#2181,#2182,#2183,#2184,#2185,#2186,#2187,#2188,#2189,#2190,
#2191,#2192,#2193,#2194,#2195,#2196,#2197,#2198,#2199,#2200,#2201,#2202,
#2203,#2204,#2205,#2206,#2207,#2208,#2209,#2210,#2211,#2212,#2213,#2214,
#2215,#2216,#2217,#2218,#2219,#2220,#2221,#2222,#2223,#2224,#2225,#2226,
#2227,#2228,#2229,#2230,#2231,#2232,#2233,#2234,#2235),(#2236,#2237,#2238,
#2239,#2240,#2241,#2242,#2243,#2244,#2245,#2246,#2247,#2248,#2249,#2250,
#2251,#2252,#2253,#2254,#2255,#2256,#2257,#2258,#2259,#2260,#2261,#2262,
#2263,#2264,#2265,#2266,#2267,#2268,#2269,#2270,#2271,#2272,#2273,#2274,
#2275,#2276,#2277,#2278,#2279,#2280,#2281,#2282,#2283,#2284,#2285,#2286,
#2287,#2288,#2289,#2290,#2291,#2292,#2293,#2294,#2295,#2296,#2297,#2298,
#2299,#2300,#2301,#2302,#2303,#2304,#2305,#2306,#2307,#2308,#2309,#2310,
#2311,#2312,#2313,#2314,#2315,#2316,#2317,#2318,#2319,#2320,#2321,#2322,
#2323,#2324,#2325,#2326,#2327,#2328,#2329,#2330,#2331,#2332,#2333,#2334,
#2335,#2336,#2337,#2338,#2339,#2340,#2341,#2342,#2343,#2344,#2345,#2346,
#2347,#2348,#2349,#2350,#2351,#2352,#2353,#2354,#2355,#2356,#2357,#2358,
#2359,#2360,#2361,#2362,#2363,#2364,#2365,#2366,#2367,#2368,#2369,#2370,
#2371,#2372,#2373,#2374,#2375,#2376,#2377,#2378,#2379,#2380,#2381,#2382,
#2383,#2384,#2385,#2386,#2387,#2388,#2389,#2390,#2391,#2392,#2393,#2394,
#2395,#2396,#2397,#2398,#2399,#2400,#2401,#2402,#2403,#2404,#2405,#2406,
#2407,#2408,#2409,#2410,#2411,#2412,#2413,#2414,#2415,#2416,#2417,#2418,
#2419,#2420,#2421,#2422,#2423,#2424,#2425,#2426,#2427,#2428,#2429,#2430,
#2431,#2432,#2433,#2434,#2435,#2436,#2437,#2438,#2439,#2440,#2441,#2442,
#2443,#2444,#2445,#2446,#2447,#2448,#2449,#2450,#2451,#2452,#2453,#2454,
#2455,#2456,#2457,#2458,#2459,#2460,#2461,#2462,#2463,#2464,#2465,#2466,
#2467,#2468,#2469,#2470,#2471,#2472,#2473,#2474,#2475,#2476,#2477,#2478,
#2479,#2480,#2481,#2482,#2483,#2484,#2485,#2486,#2487,#2488,#2489,#2490,
#2491,#2492,#2493,#2494,#2495,#2496,#2497,#2498,#2499,#2500,#2501,#2502,
#2503,#2504,#2505,#2506,#2507,#2508,#2509,#2510,#2511,#2512,#2513,#2514,
#2515,#2516,#2517,#2518,#2519,#2520,#2521,#2522,#2523,#2524,#2525,#2526,
#2527,#2528,#2529,#2530,#2531,#2532,#2533,#2534,#2535,#2536,#2537,#2538,
#2539,#2540,#2541,#2542,#2543,#2544,#2545,#2546,#2547,#2548,#2549,#2550,
#2551,#2552,#2553,#2554,#2555,#2556,#2557,#2558,#2559,#2560,#2561,#2562,
#2563,#2564,#2565,#2566,#2567,#2568,#2569,#2570,#2571,#2572,#2573,#2574,
#2575,#2576,#2577,#2578,#2579,#2580,#2581,#2582,#2583,#2584),(#2585,#2586,
#2587,#2588,#2589,#2590,#2591,#2592,#2593,#2594,#2595,#2596,#2597,#2598,
#2599,#2600,#2601,#2602,#2603,#2604,#2605,#2606,#2607,#2608,#2609,#2610,
#2611,#2612,#2613,#2614,#2615,#2616,#2617,#2618,#2619,#2620,#2621,#2622,
#2623,#2624,#2625,#2626,#2627,#2628,#2629,#2630,#2631,#2632,#2633,#2634,
#2635,#2636,#2637,#2638,#2639,#2640,#2641,#2642,#2643,#2644,#2645,#2646,
#2647,#2648,#2649,#2650,#2651,#2652,#2653,#2654,#2655,#2656,#2657,#2658,
#2659,#2660,#2661,#2662,#2663,#2664,#2665,#2666,#2667,#2668,#2669,#2670,
#2671,#2672,#2673,#2674,#2675,#2676,#2677,#2678,#2679,#2680,#2681,#2682,
#2683,#2684,#2685,#2686,#2687,#2688,#2689,#2690,#2691,#2692,#2693,#2694,
#2695,#2696,#2697,#2698,#2699,#2700,#2701,#2702,#2703,#2704,#2705,#2706,
#2707,#2708,#2709,#2710,#2711,#2712,#2713,#2714,#2715,#2716,#2717,#2718,
#2719,#2720,#2721,#2722,#2723,#2724,#2725,#2726,#2727,#2728,#2729,#2730,
#2731,#2732,#2733,#2734,#2735,#2736,#2737,#2738,#2739,#2740,#2741,#2742,
#2743,#2744,#2745,#2746,#2747,#2748,#2749,#2750,#2751,#2752,#2753,#2754,
#2755,#2756,#2757,#2758,#2759,#2760,#2761,#2762,#2763,#2764,#2765,#2766,
#2767,#2768,#2769,#2770,#2771,#2772,#2773,#2774,#2775,#2776,#2777,#2778,
#2779,#2780,#2781,#2782,#2783,#2784,#2785,#2786,#2787,#2788,#2789,#2790,
#2791,#2792,#2793,#2794,#2795,#2796,#2797,#2798,#2799,#2800,#2801,#2802,
#2803,#2804,#2805,#2806,#2807,#2808,#2809,#2810,#2811,#2812,#2813,#2814,
#2815,#2816,#2817,#2818,#2819,#2820,#2821,#2822,#2823,#2824,#2825,#2826,
#2827,#2828,#2829,#2830,#2831,#2832,#2833,#2834,#2835,#2836,#2837,#2838,
#2839,#2840,#2841,#2842,#2843,#2844,#2845,#2846,#2847,#2848,#2849,#2850,
#2851,#2852,#2853,#2854,#2855,#2856,#2857,#2858,#2859,#2860,#2861,#2862,
#2863,#2864,#2865,#2866,#2867,#2868,#2869,#2870,#2871,#2872,#2873,#2874,
#2875,#2876,#2877,#2878,#2879,#2880,#2881,#2882,#2883,#2884,#2885,#2886,
#2887,#2888,#2889,#2890,#2891,#2892,#2893,#2894,#2895,#2896,#2897,#2898,
#2899,#2900,#2901,#2902,#2903,#2904,#2905,#2906,#2907,#2908,#2909,#2910,
#2911,#2912,#2913,#2914,#2915,#2916,#2917,#2918,#2919,#2920,#2921,#2922,
#2923,#2924,#2925,#2926,#2927,#2928,#2929,#2930,#2931,#2932,#2933)),.UNSPECIFIED.,.F.,.F.,.F.,(4,4),(4,1,1,1,1,1,1,1,1,1,1,1,1,1,1,1,1,1,1,1,1,1,1,1,1,1,1,1,1,1,1,1,1,1,1,1,1,1,1,1,1,1,1,1,1,1,1,1,1,1,1,1,1,1,1,1,1,1,1,1,1,1,1,1,1,1,1,1,1,1,1,1,1,1,1,1,1,1,1,1,1,1,1,1,1,1,1,1,1,1,1,1,1,1,1,1,1,1,1,1,1,1,1,1,1,1,1,1,1,1,1,1,1,1,1,1,1,1,1,1,1,1,1,1,1,1,1,1,1,1,1,1,1,1,1,1,1,1,1,1,1,1,1,1,1,1,1,1,1,1,1,1,1,1,1,1,1,1,1,1,1,1,1,1,1,1,1,1,1,1,1,1,1,1,1,1,1,1,1,1,1,1,1,1,1,1,1,1,1,1,1,1,1,1,1,1,1,1,1,1,1,1,1,1,1,1,1,1,1,1,1,1,1,1,1,1,1,1,1,1,1,1,1,1,1,1,1,1,1,1,1,1,1,1,1,1,1,1,1,1,1,1,1,1,1,1,1,1,1,1,1,1,1,1,1,1,1,1,1,1,1,1,1,1,1,1,1,1,1,1,1,1,1,1,1,1,1,1,1,1,1,1,1,1,1,1,1,1,1,1,1,1,1,1,1,1,1,1,1,1,1,1,1,1,1,1,1,1,1,1,1,1,1,1,1,1,1,1,1,1,1,1,1,1,1,1,1,1,1,1,1,1,1,1,1,1,1,1,1,1,1,1,1,1,1,1,4),(-0.0400079837387834,0.971995693373007),(0.0283080093249444,0.0319736706666991,0.0338065013375764,0.0356393320084538,0.0374721626793311,0.0399159369071676,0.0429706546919631,0.0466363160337178,0.0496910338185133,0.0521348080463498,0.0545785822741862,0.0576333000589818,0.0606880178437773,0.0631317920716138,0.0655755662994502,0.0686302840842458,0.0722959454260005,0.075350663210796,0.0777944374386325,0.0802382116664689,0.0832929294512645,0.08634764723606,0.0887914214638965,0.0912351956917329,0.0942899134765284,0.0979555748182831,0.101010292603079,0.103454066830915,0.105897841058752,0.108952558843547,0.112007276628343,0.114451050856179,0.116894825084016,0.119949542868811,0.123615204210566,0.126669921995361,0.129113696223198,0.131557470451034,0.13461218823583,0.137666906020625,0.140110680248462,0.142554454476298,0.145609172261094,0.149274833602848,0.152329551387644,0.15477332561548,0.157217099843317,0.160271817628112,0.163326535412908,0.165770309640744,0.168214083868581,0.171268801653376,0.174934462995131,0.177989180779927,0.180432955007763,0.1828767292356,0.185931447020395,0.188986164805191,0.191429939033027,0.193873713260864,0.196928431045659,0.200594092387414,0.203648810172209,0.206092584400046,0.208536358627882,0.211591076412678,0.214645794197473,0.21708956842531,0.219533342653146,0.222588060437942,0.226253721779696,0.229308439564492,0.231752213792328,0.234195988020165,0.237250705804961,0.240305423589756,0.242749197817592,0.245192972045429,0.248247689830224,0.251913351171979,0.254968068956775,0.257411843184611,0.259855617412448,0.262910335197243,0.265965052982039,0.268408827209875,0.270852601437712,0.273907319222507,0.277572980564262,0.280627698349057,0.283071472576894,0.28551524680473,0.288569964589526,0.291624682374321,0.294068456602158,0.296512230829994,0.29956694861479,0.303232609956544,0.30628732774134,0.308731101969177,0.311174876197013,0.314229593981808,0.317284311766604,0.319728085994441,0.322171860222277,0.325226578007072,0.328892239348827,0.331946957133623,0.334390731361459,0.336834505589296,0.339889223374091,0.342943941158887,0.345387715386723,0.34783148961456,0.350886207399355,0.35455186874111,0.357606586525905,0.360050360753742,0.362494134981578,0.365548852766374,0.368603570551169,0.371047344779006,0.373491119006842,0.376545836791638,0.380211498133392,0.383266215918188,0.385709990146025,0.388153764373861,0.391208482158657,0.394263199943452,0.396706974171289,0.399150748399125,0.402205466183921,0.405871127525675,0.408925845310471,0.411369619538307,0.413813393766144,0.416868111550939,0.419922829335735,0.422366603563571,0.424810377791408,0.427865095576203,0.431530756917958,0.434585474702753,0.43702924893059,0.439473023158426,0.442527740943222,0.445582458728017,0.448026232955854,0.45047000718369,0.453524724968486,0.457190386310241,0.460245104095036,0.462688878322872,0.465132652550709,0.468187370335504,0.4712420881203,0.473685862348137,0.476129636575973,0.479184354360769,0.482850015702523,0.485904733487319,0.488348507715155,0.490792281942992,0.493846999727787,0.496901717512583,0.499345491740419,0.501789265968256,0.504843983753051,0.508509645094806,0.511564362879601,0.514008137107438,0.516451911335274,0.51950662912007,0.522561346904865,0.525005121132702,0.527448895360538,0.530503613145334,0.534169274487089,0.537223992271884,0.539667766499721,0.542111540727557,0.545166258512353,0.548220976297148,0.550664750524985,0.553108524752821,0.556163242537617,0.559217960322412,0.561661734550248,0.563494565221126,0.565327395892003,0.56777117011984,0.570825887904635,0.573880605689431,0.576324379917267,0.578768154145104,0.581822871929899,0.584877589714695,0.587321363942531,0.589154194613409,0.590987025284286,0.593430799512122,0.596485517296918,0.599540235081713,0.60198400930955,0.604427783537386,0.607482501322182,0.610537219106977,0.612980993334814,0.614813824005691,0.616646654676569,0.619090428904405,0.622145146689201,0.625199864473996,0.627643638701833,0.630087412929669,0.633142130714465,0.63619684849926,0.638640622727097,0.640473453397974,0.642306284068851,0.644750058296688,0.647804776081483,0.650859493866279,0.653303268094115,0.655747042321952,0.658801760106747,0.661856477891543,0.664300252119379,0.666133082790257,0.667965913461134,0.67040968768897,0.673464405473766,0.676519123258561,0.678962897486398,0.681406671714234,0.68446138949903,0.687516107283825,0.689959881511662,0.691792712182539,0.693625542853416,0.696069317081253,0.699124034866049,0.702178752650844,0.70462252687868,0.707066301106517,0.710121018891313,0.713175736676108,0.715619510903945,0.717452341574822,0.719285172245699,0.721728946473536,0.724783664258331,0.727838382043127,0.730282156270963,0.7327259304988,0.735780648283595,0.738835366068391,0.741279140296227,0.743111970967104,0.744944801637982,0.747388575865818,0.750443293650614,0.753498011435409,0.755941785663246,0.758385559891082,0.761440277675878,0.764494995460673,0.76693876968851,0.768771600359387,0.770604431030264,0.773048205258101,0.776102923042897,0.779157640827692,0.781601415055528,0.784045189283365,0.787099907068161,0.790154624852956,0.792598399080793,0.79443122975167,0.796264060422547,0.798707834650384,0.801762552435179,0.804817270219975,0.807261044447811,0.809704818675648,0.812759536460443,0.815814254245239,0.818258028473075,0.820090859143953,0.82192368981483,0.824367464042666,0.827422181827462,0.830476899612257,0.832920673840094,0.83536444806793,0.838419165852726,0.841473883637521,0.843917657865358,0.845750488536235,0.847583319207112,0.850027093434949,0.853081811219745,0.85613652900454,0.858580303232377,0.861024077460213,0.864078795245009,0.867133513029804,0.86957728725764,0.871410117928518,0.873242948599395,0.875686722827232,0.878741440612027,0.881796158396823,0.884239932624659,0.886683706852496,0.889738424637291,0.892793142422087,0.895236916649923,0.8970697473208,0.898902577991678,0.901346352219514,0.90440107000431,0.907455787789105,0.909899562016942,0.912343336244778,0.915398054029574,0.918452771814369,0.920896546042206,0.922729376713083,0.924562207383961,0.927005981611797,0.930060699396593,0.933115417181388,0.935559191409224,0.938002965637061,0.941057683421857,0.944112401206652,0.946556175434488,0.948389006105366,0.950221836776243,0.95266561100408,0.955720328788875,0.958775046573671,0.961218820801507,0.963051651472385,0.966717312814139),.UNSPECIFIED.);
#126=B_SPLINE_SURFACE_WITH_KNOTS('',3,3,((#3225,#3226,#3227,#3228,#3229,
#3230,#3231,#3232,#3233,#3234,#3235,#3236,#3237,#3238,#3239,#3240,#3241,
#3242,#3243,#3244,#3245,#3246,#3247,#3248,#3249,#3250,#3251,#3252,#3253,
#3254,#3255,#3256,#3257,#3258,#3259,#3260,#3261,#3262,#3263,#3264,#3265,
#3266,#3267,#3268,#3269,#3270,#3271,#3272,#3273,#3274,#3275,#3276,#3277,
#3278,#3279,#3280,#3281,#3282,#3283,#3284,#3285,#3286,#3287,#3288,#3289,
#3290,#3291,#3292,#3293,#3294,#3295,#3296,#3297,#3298,#3299,#3300,#3301,
#3302,#3303,#3304,#3305,#3306,#3307,#3308,#3309,#3310,#3311,#3312,#3313,
#3314,#3315,#3316,#3317,#3318,#3319,#3320,#3321,#3322,#3323,#3324,#3325,
#3326,#3327,#3328,#3329,#3330,#3331,#3332,#3333,#3334,#3335,#3336,#3337,
#3338,#3339,#3340,#3341,#3342,#3343,#3344,#3345,#3346,#3347,#3348,#3349,
#3350,#3351,#3352,#3353,#3354,#3355,#3356,#3357,#3358,#3359,#3360,#3361,
#3362,#3363,#3364,#3365,#3366,#3367,#3368,#3369,#3370,#3371,#3372,#3373,
#3374,#3375,#3376,#3377,#3378,#3379,#3380,#3381,#3382,#3383,#3384,#3385,
#3386,#3387,#3388,#3389,#3390,#3391,#3392,#3393,#3394,#3395,#3396,#3397,
#3398,#3399,#3400,#3401,#3402,#3403,#3404,#3405,#3406,#3407,#3408,#3409,
#3410,#3411,#3412,#3413,#3414,#3415,#3416,#3417,#3418,#3419,#3420,#3421,
#3422,#3423,#3424,#3425,#3426,#3427,#3428,#3429,#3430,#3431,#3432,#3433,
#3434,#3435,#3436,#3437,#3438,#3439,#3440,#3441,#3442,#3443,#3444,#3445,
#3446,#3447,#3448,#3449,#3450,#3451,#3452,#3453,#3454,#3455,#3456,#3457,
#3458,#3459,#3460,#3461,#3462,#3463,#3464,#3465,#3466,#3467,#3468,#3469,
#3470,#3471,#3472,#3473,#3474,#3475,#3476,#3477,#3478,#3479,#3480,#3481,
#3482,#3483,#3484,#3485,#3486,#3487,#3488,#3489,#3490,#3491,#3492,#3493,
#3494,#3495,#3496,#3497,#3498,#3499,#3500,#3501,#3502,#3503,#3504,#3505,
#3506,#3507,#3508,#3509,#3510,#3511,#3512,#3513,#3514,#3515,#3516,#3517,
#3518,#3519,#3520,#3521,#3522,#3523,#3524,#3525,#3526,#3527,#3528,#3529,
#3530,#3531,#3532,#3533,#3534,#3535,#3536,#3537,#3538,#3539,#3540,#3541,
#3542,#3543,#3544,#3545,#3546,#3547,#3548,#3549,#3550,#3551,#3552,#3553,
#3554,#3555,#3556,#3557,#3558,#3559,#3560,#3561,#3562,#3563),(#3564,#3565,
#3566,#3567,#3568,#3569,#3570,#3571,#3572,#3573,#3574,#3575,#3576,#3577,
#3578,#3579,#3580,#3581,#3582,#3583,#3584,#3585,#3586,#3587,#3588,#3589,
#3590,#3591,#3592,#3593,#3594,#3595,#3596,#3597,#3598,#3599,#3600,#3601,
#3602,#3603,#3604,#3605,#3606,#3607,#3608,#3609,#3610,#3611,#3612,#3613,
#3614,#3615,#3616,#3617,#3618,#3619,#3620,#3621,#3622,#3623,#3624,#3625,
#3626,#3627,#3628,#3629,#3630,#3631,#3632,#3633,#3634,#3635,#3636,#3637,
#3638,#3639,#3640,#3641,#3642,#3643,#3644,#3645,#3646,#3647,#3648,#3649,
#3650,#3651,#3652,#3653,#3654,#3655,#3656,#3657,#3658,#3659,#3660,#3661,
#3662,#3663,#3664,#3665,#3666,#3667,#3668,#3669,#3670,#3671,#3672,#3673,
#3674,#3675,#3676,#3677,#3678,#3679,#3680,#3681,#3682,#3683,#3684,#3685,
#3686,#3687,#3688,#3689,#3690,#3691,#3692,#3693,#3694,#3695,#3696,#3697,
#3698,#3699,#3700,#3701,#3702,#3703,#3704,#3705,#3706,#3707,#3708,#3709,
#3710,#3711,#3712,#3713,#3714,#3715,#3716,#3717,#3718,#3719,#3720,#3721,
#3722,#3723,#3724,#3725,#3726,#3727,#3728,#3729,#3730,#3731,#3732,#3733,
#3734,#3735,#3736,#3737,#3738,#3739,#3740,#3741,#3742,#3743,#3744,#3745,
#3746,#3747,#3748,#3749,#3750,#3751,#3752,#3753,#3754,#3755,#3756,#3757,
#3758,#3759,#3760,#3761,#3762,#3763,#3764,#3765,#3766,#3767,#3768,#3769,
#3770,#3771,#3772,#3773,#3774,#3775,#3776,#3777,#3778,#3779,#3780,#3781,
#3782,#3783,#3784,#3785,#3786,#3787,#3788,#3789,#3790,#3791,#3792,#3793,
#3794,#3795,#3796,#3797,#3798,#3799,#3800,#3801,#3802,#3803,#3804,#3805,
#3806,#3807,#3808,#3809,#3810,#3811,#3812,#3813,#3814,#3815,#3816,#3817,
#3818,#3819,#3820,#3821,#3822,#3823,#3824,#3825,#3826,#3827,#3828,#3829,
#3830,#3831,#3832,#3833,#3834,#3835,#3836,#3837,#3838,#3839,#3840,#3841,
#3842,#3843,#3844,#3845,#3846,#3847,#3848,#3849,#3850,#3851,#3852,#3853,
#3854,#3855,#3856,#3857,#3858,#3859,#3860,#3861,#3862,#3863,#3864,#3865,
#3866,#3867,#3868,#3869,#3870,#3871,#3872,#3873,#3874,#3875,#3876,#3877,
#3878,#3879,#3880,#3881,#3882,#3883,#3884,#3885,#3886,#3887,#3888,#3889,
#3890,#3891,#3892,#3893,#3894,#3895,#3896,#3897,#3898,#3899,#3900,#3901,
#3902),(#3903,#3904,#3905,#3906,#3907,#3908,#3909,#3910,#3911,#3912,#3913,
#3914,#3915,#3916,#3917,#3918,#3919,#3920,#3921,#3922,#3923,#3924,#3925,
#3926,#3927,#3928,#3929,#3930,#3931,#3932,#3933,#3934,#3935,#3936,#3937,
#3938,#3939,#3940,#3941,#3942,#3943,#3944,#3945,#3946,#3947,#3948,#3949,
#3950,#3951,#3952,#3953,#3954,#3955,#3956,#3957,#3958,#3959,#3960,#3961,
#3962,#3963,#3964,#3965,#3966,#3967,#3968,#3969,#3970,#3971,#3972,#3973,
#3974,#3975,#3976,#3977,#3978,#3979,#3980,#3981,#3982,#3983,#3984,#3985,
#3986,#3987,#3988,#3989,#3990,#3991,#3992,#3993,#3994,#3995,#3996,#3997,
#3998,#3999,#4000,#4001,#4002,#4003,#4004,#4005,#4006,#4007,#4008,#4009,
#4010,#4011,#4012,#4013,#4014,#4015,#4016,#4017,#4018,#4019,#4020,#4021,
#4022,#4023,#4024,#4025,#4026,#4027,#4028,#4029,#4030,#4031,#4032,#4033,
#4034,#4035,#4036,#4037,#4038,#4039,#4040,#4041,#4042,#4043,#4044,#4045,
#4046,#4047,#4048,#4049,#4050,#4051,#4052,#4053,#4054,#4055,#4056,#4057,
#4058,#4059,#4060,#4061,#4062,#4063,#4064,#4065,#4066,#4067,#4068,#4069,
#4070,#4071,#4072,#4073,#4074,#4075,#4076,#4077,#4078,#4079,#4080,#4081,
#4082,#4083,#4084,#4085,#4086,#4087,#4088,#4089,#4090,#4091,#4092,#4093,
#4094,#4095,#4096,#4097,#4098,#4099,#4100,#4101,#4102,#4103,#4104,#4105,
#4106,#4107,#4108,#4109,#4110,#4111,#4112,#4113,#4114,#4115,#4116,#4117,
#4118,#4119,#4120,#4121,#4122,#4123,#4124,#4125,#4126,#4127,#4128,#4129,
#4130,#4131,#4132,#4133,#4134,#4135,#4136,#4137,#4138,#4139,#4140,#4141,
#4142,#4143,#4144,#4145,#4146,#4147,#4148,#4149,#4150,#4151,#4152,#4153,
#4154,#4155,#4156,#4157,#4158,#4159,#4160,#4161,#4162,#4163,#4164,#4165,
#4166,#4167,#4168,#4169,#4170,#4171,#4172,#4173,#4174,#4175,#4176,#4177,
#4178,#4179,#4180,#4181,#4182,#4183,#4184,#4185,#4186,#4187,#4188,#4189,
#4190,#4191,#4192,#4193,#4194,#4195,#4196,#4197,#4198,#4199,#4200,#4201,
#4202,#4203,#4204,#4205,#4206,#4207,#4208,#4209,#4210,#4211,#4212,#4213,
#4214,#4215,#4216,#4217,#4218,#4219,#4220,#4221,#4222,#4223,#4224,#4225,
#4226,#4227,#4228,#4229,#4230,#4231,#4232,#4233,#4234,#4235,#4236,#4237,
#4238,#4239,#4240,#4241),(#4242,#4243,#4244,#4245,#4246,#4247,#4248,#4249,
#4250,#4251,#4252,#4253,#4254,#4255,#4256,#4257,#4258,#4259,#4260,#4261,
#4262,#4263,#4264,#4265,#4266,#4267,#4268,#4269,#4270,#4271,#4272,#4273,
#4274,#4275,#4276,#4277,#4278,#4279,#4280,#4281,#4282,#4283,#4284,#4285,
#4286,#4287,#4288,#4289,#4290,#4291,#4292,#4293,#4294,#4295,#4296,#4297,
#4298,#4299,#4300,#4301,#4302,#4303,#4304,#4305,#4306,#4307,#4308,#4309,
#4310,#4311,#4312,#4313,#4314,#4315,#4316,#4317,#4318,#4319,#4320,#4321,
#4322,#4323,#4324,#4325,#4326,#4327,#4328,#4329,#4330,#4331,#4332,#4333,
#4334,#4335,#4336,#4337,#4338,#4339,#4340,#4341,#4342,#4343,#4344,#4345,
#4346,#4347,#4348,#4349,#4350,#4351,#4352,#4353,#4354,#4355,#4356,#4357,
#4358,#4359,#4360,#4361,#4362,#4363,#4364,#4365,#4366,#4367,#4368,#4369,
#4370,#4371,#4372,#4373,#4374,#4375,#4376,#4377,#4378,#4379,#4380,#4381,
#4382,#4383,#4384,#4385,#4386,#4387,#4388,#4389,#4390,#4391,#4392,#4393,
#4394,#4395,#4396,#4397,#4398,#4399,#4400,#4401,#4402,#4403,#4404,#4405,
#4406,#4407,#4408,#4409,#4410,#4411,#4412,#4413,#4414,#4415,#4416,#4417,
#4418,#4419,#4420,#4421,#4422,#4423,#4424,#4425,#4426,#4427,#4428,#4429,
#4430,#4431,#4432,#4433,#4434,#4435,#4436,#4437,#4438,#4439,#4440,#4441,
#4442,#4443,#4444,#4445,#4446,#4447,#4448,#4449,#4450,#4451,#4452,#4453,
#4454,#4455,#4456,#4457,#4458,#4459,#4460,#4461,#4462,#4463,#4464,#4465,
#4466,#4467,#4468,#4469,#4470,#4471,#4472,#4473,#4474,#4475,#4476,#4477,
#4478,#4479,#4480,#4481,#4482,#4483,#4484,#4485,#4486,#4487,#4488,#4489,
#4490,#4491,#4492,#4493,#4494,#4495,#4496,#4497,#4498,#4499,#4500,#4501,
#4502,#4503,#4504,#4505,#4506,#4507,#4508,#4509,#4510,#4511,#4512,#4513,
#4514,#4515,#4516,#4517,#4518,#4519,#4520,#4521,#4522,#4523,#4524,#4525,
#4526,#4527,#4528,#4529,#4530,#4531,#4532,#4533,#4534,#4535,#4536,#4537,
#4538,#4539,#4540,#4541,#4542,#4543,#4544,#4545,#4546,#4547,#4548,#4549,
#4550,#4551,#4552,#4553,#4554,#4555,#4556,#4557,#4558,#4559,#4560,#4561,
#4562,#4563,#4564,#4565,#4566,#4567,#4568,#4569,#4570,#4571,#4572,#4573,
#4574,#4575,#4576,#4577,#4578,#4579,#4580)),.UNSPECIFIED.,.F.,.F.,.F.,(4,4),(4,1,1,1,1,1,1,1,1,1,1,1,1,1,1,1,1,1,1,1,1,1,1,1,1,1,1,1,1,1,1,1,1,1,1,1,1,1,1,1,1,1,1,1,1,1,1,1,1,1,1,1,1,1,1,1,1,1,1,1,1,1,1,1,1,1,1,1,1,1,1,1,1,1,1,1,1,1,1,1,1,1,1,1,1,1,1,1,1,1,1,1,1,1,1,1,1,1,1,1,1,1,1,1,1,1,1,1,1,1,1,1,1,1,1,1,1,1,1,1,1,1,1,1,1,1,1,1,1,1,1,1,1,1,1,1,1,1,1,1,1,1,1,1,1,1,1,1,1,1,1,1,1,1,1,1,1,1,1,1,1,1,1,1,1,1,1,1,1,1,1,1,1,1,1,1,1,1,1,1,1,1,1,1,1,1,1,1,1,1,1,1,1,1,1,1,1,1,1,1,1,1,1,1,1,1,1,1,1,1,1,1,1,1,1,1,1,1,1,1,1,1,1,1,1,1,1,1,1,1,1,1,1,1,1,1,1,1,1,1,1,1,1,1,1,1,1,1,1,1,1,1,1,1,1,1,1,1,1,1,1,1,1,1,1,1,1,1,1,1,1,1,1,1,1,1,1,1,1,1,1,1,1,1,1,1,1,1,1,1,1,1,1,1,1,1,1,1,1,1,1,1,1,1,1,1,1,1,1,1,1,1,1,1,1,1,1,1,1,1,1,1,1,1,1,1,1,1,1,1,1,1,1,1,1,1,4),(0.0280043948946898,1.04000798324552),(0.0104495376897917,0.0145116955883513,0.0174132369444652,0.020895086571802,0.0237966279279159,0.0261178610128071,0.0284390940976983,0.0313406354538122,0.0342421768099262,0.0365634098948173,0.0383043347084857,0.0400452595221541,0.0423664926070452,0.0452680339631592,0.0481695753192732,0.0504908084041643,0.0528120414890555,0.0557135828451694,0.0591954324725062,0.0620969738286201,0.0644182069135113,0.0667394399984025,0.0696409813545164,0.0725425227106304,0.0748637557955215,0.0766046806091899,0.0783456054228583,0.0806668385077494,0.0835683798638634,0.0864699212199774,0.0887911543048685,0.0911123873897597,0.0940139287458736,0.0974957783732104,0.100977628000547,0.104459477627884,0.107941327255221,0.110842868611335,0.113164101696226,0.114905026509894,0.116645951323562,0.118967184408454,0.121868725764568,0.124770267120682,0.127091500205573,0.129412733290464,0.132314274646578,0.135796124273915,0.139277973901251,0.142759823528588,0.146241673155925,0.149723522783262,0.152625064139376,0.154946297224267,0.157267530309158,0.160169071665272,0.163070613021386,0.165391846106277,0.167132770919945,0.168873695733614,0.171194928818505,0.174096470174619,0.177578319801956,0.181060169429292,0.184542019056629,0.188023868683966,0.19092541004008,0.193246643124971,0.195567876209862,0.198469417565976,0.20137095892209,0.203692192006981,0.205433116820649,0.207174041634318,0.209495274719209,0.212396816075323,0.215298357431437,0.217619590516328,0.219940823601219,0.222842364957333,0.22632421458467,0.229225755940784,0.231546989025675,0.233868222110566,0.23676976346668,0.239671304822794,0.241992537907685,0.243733462721354,0.245474387535022,0.247795620619913,0.250697161976027,0.253598703332141,0.255919936417032,0.258241169501923,0.261142710858037,0.264624560485374,0.267526101841488,0.269847334926379,0.27216856801127,0.275070109367384,0.277971650723498,0.28029288380839,0.282033808622058,0.283774733435726,0.286095966520617,0.288997507876731,0.291899049232845,0.294220282317737,0.296541515402628,0.299443056758742,0.302924906386078,0.305826447742192,0.308147680827084,0.310468913911975,0.313370455268089,0.316271996624203,0.318593229709094,0.320334154522762,0.32207507933643,0.324396312421322,0.327297853777436,0.33019939513355,0.332520628218441,0.334841861303332,0.337743402659446,0.341225252286783,0.344126793642897,0.346448026727788,0.348769259812679,0.351670801168793,0.354572342524907,0.356893575609798,0.358634500423466,0.360375425237135,0.362696658322026,0.36559819967814,0.368499741034254,0.370820974119145,0.373142207204036,0.37604374856015,0.379525598187487,0.383007447814824,0.38648929744216,0.389971147069497,0.393452996696834,0.396354538052948,0.398675771137839,0.40099700422273,0.403898545578844,0.406800086934958,0.409121320019849,0.41144255310474,0.414344094460854,0.417825944088191,0.421307793715528,0.424789643342865,0.428271492970201,0.431753342597538,0.434654883953652,0.436976117038543,0.439297350123434,0.442198891479548,0.445100432835662,0.447421665920553,0.449162590734222,0.45090351554789,0.453224748632781,0.456126289988895,0.459608139616232,0.463089989243569,0.466571838870905,0.470053688498242,0.472955229854356,0.475276462939247,0.477597696024138,0.480499237380252,0.483400778736366,0.485722011821258,0.487462936634926,0.489203861448594,0.491525094533485,0.494426635889599,0.497328177245713,0.499649410330604,0.501970643415496,0.50487218477161,0.508354034398946,0.51125557575506,0.513576808839951,0.515898041924843,0.518799583280957,0.521701124637071,0.524022357721962,0.52576328253563,0.527504207349298,0.52982544043419,0.532726981790304,0.535628523146418,0.537949756231309,0.5402709893162,0.543172530672314,0.546654380299651,0.549555921655765,0.551877154740656,0.554198387825547,0.557099929181661,0.560001470537775,0.562322703622666,0.564063628436334,0.565804553250003,0.568125786334894,0.571027327691008,0.573928869047122,0.576250102132013,0.578571335216904,0.581472876573018,0.584954726200355,0.587856267556469,0.59017750064136,0.592498733726251,0.595400275082365,0.598301816438479,0.60062304952337,0.602363974337039,0.604104899150707,0.606426132235598,0.609327673591712,0.612229214947826,0.614550448032717,0.616871681117608,0.619773222473722,0.623255072101059,0.626156613457173,0.628477846542064,0.630799079626955,0.633700620983069,0.636602162339183,0.638923395424074,0.640664320237743,0.642405245051411,0.644726478136302,0.647628019492416,0.65052956084853,0.652850793933421,0.655172027018313,0.658073568374427,0.661555418001763,0.6650372676291,0.668519117256437,0.672000966883773,0.67548281651111,0.678384357867224,0.680705590952115,0.683026824037007,0.68592836539312,0.688829906749234,0.691151139834126,0.693472372919017,0.696373914275131,0.699855763902467,0.703337613529804,0.706819463157141,0.710301312784478,0.713783162411814,0.716684703767929,0.71900593685282,0.721327169937711,0.724228711293824,0.727130252649939,0.72945148573483,0.731192410548498,0.732933335362167,0.735254568447058,0.738156109803172,0.741637959430509,0.745119809057845,0.748601658685182,0.752083508312519,0.754985049668633,0.757306282753524,0.759627515838415,0.762529057194529,0.765430598550643,0.767751831635534,0.769492756449202,0.771233681262871,0.773554914347762,0.776456455703876,0.77935799705999,0.781679230144881,0.784000463229772,0.786902004585886,0.790383854213223,0.793285395569337,0.795606628654228,0.797927861739119,0.800829403095233,0.803730944451347,0.806052177536238,0.807793102349907,0.809534027163575,0.811855260248466,0.81475680160458,0.817658342960694,0.819979576045585,0.822300809130476,0.82520235048659,0.828684200113927,0.831585741470041,0.833906974554932,0.836228207639823,0.839129748995937,0.842031290352051,0.844352523436942,0.846093448250611,0.847834373064279,0.85015560614917,0.853057147505284,0.855958688861398,0.85827992194629,0.860601155031181,0.863502696387294,0.866984546014631,0.869886087370745,0.872207320455636,0.874528553540527,0.877430094896642,0.880331636252755,0.882652869337647,0.884393794151315,0.886134718964983,0.888455952049874,0.891357493405989,0.894259034762102,0.896580267846994,0.898321192660662,0.901803042287999),.UNSPECIFIED.);
#127=B_SPLINE_CURVE_WITH_KNOTS('',3,(#1273,#1274,#1275,#1276,#1277,#1278,#1279,#1280,#1281,#1282,#1283,#1284,#1285,#1286,#1287,#1288,#1289,#1290,#1291,#1292,#1293,#1294,#1295,#1296,#1297,#1298,#1299,#1300,#1301,#1302,#1303,#1304,#1305,#1306,#1307,#1308,#1309,#1310,#1311,#1312,#1313,#1314,#1315,#1316,#1317,#1318,#1319,#1320,#1321,#1322,#1323,#1324,#1325,#1326,#1327,#1328,#1329,#1330,#1331,#1332,#1333,#1334,#1335,#1336,#1337,#1338,#1339,#1340,#1341,#1342,#1343,#1344,#1345,#1346,#1347,#1348,#1349,#1350,#1351,#1352,#1353,#1354,#1355,#1356,#1357,#1358,#1359,#1360,#1361,#1362,#1363,#1364,#1365,#1366,#1367,#1368,#1369,#1370,#1371,#1372,#1373,#1374,#1375,#1376,#1377,#1378,#1379,#1380,#1381,#1382,#1383,#1384,#1385,#1386,#1387,#1388,#1389,#1390,#1391,#1392,#1393,#1394,#1395,#1396,#1397,#1398,#1399,#1400,#1401,#1402,#1403),.UNSPECIFIED.,.F.,.F.,(4,1,1,1,1,1,1,1,1,1,1,1,1,1,1,1,1,1,1,1,1,1,1,1,1,1,1,1,1,1,1,1,1,1,1,1,1,1,1,1,1,1,1,1,1,1,1,1,1,1,1,1,1,1,1,1,1,1,1,1,1,1,1,1,1,1,1,1,1,1,1,1,1,1,1,1,1,1,1,1,1,1,1,1,1,1,1,1,1,1,1,1,1,1,1,1,1,1,1,1,1,1,1,1,1,1,1,1,1,1,1,1,1,1,1,1,1,1,1,1,1,1,1,1,1,1,1,1,4),(0.0102972987878571,0.0147639716359548,0.0192306444840524,0.02369731733215,0.0281639901802476,0.0326306630283452,0.0370973358764428,0.0415640087245404,0.046030681572638,0.0504973544207356,0.0549640272688333,0.0594307001169309,0.0638973729650285,0.0683640458131261,0.0728307186612237,0.0772973915093213,0.0817640643574189,0.0862307372055165,0.0906974100536142,0.0951640829017118,0.0996307557498094,0.104097428597907,0.108564101446005,0.113030774294102,0.1174974471422,0.121964119990297,0.126430792838395,0.130897465686493,0.13536413853459,0.139830811382688,0.144297484230786,0.148764157078883,0.153230829926981,0.157697502775078,0.162164175623176,0.166630848471274,0.171097521319371,0.175564194167469,0.180030867015566,0.184497539863664,0.188964212711762,0.193430885559859,0.197897558407957,0.202364231256054,0.206830904104152,0.21129757695225,0.215764249800347,0.220230922648445,0.224697595496543,0.22916426834464,0.233630941192738,0.238097614040835,0.242564286888933,0.247030959737031,0.251497632585128,0.255964305433226,0.260430978281323,0.264897651129421,0.269364323977519,0.273830996825616,0.278297669673714,0.282764342521811,0.287231015369909,0.291697688218007,0.296164361066104,0.300631033914202,0.3050977067623,0.309564379610397,0.314031052458495,0.318497725306592,0.32296439815469,0.327431071002788,0.331897743850885,0.336364416698983,0.34083108954708,0.345297762395178,0.349764435243276,0.354231108091373,0.358697780939471,0.363164453787569,0.367631126635666,0.372097799483764,0.376564472331861,0.381031145179959,0.385497818028057,0.389964490876154,0.394431163724252,0.398897836572349,0.403364509420447,0.407831182268545,0.412297855116642,0.41676452796474,0.421231200812837,0.425697873660935,0.430164546509033,0.43463121935713,0.439097892205228,0.443564565053326,0.448031237901423,0.452497910749521,0.456964583597618,0.461431256445716,0.465897929293814,0.470364602141911,0.474831274990009,0.479297947838106,0.483764620686204,0.488231293534302,0.492697966382399,0.497164639230497,0.501631312078595,0.506097984926692,0.51056465777479,0.515031330622887,0.519498003470985,0.523964676319083,0.52843134916718,0.532898022015278,0.537364694863375,0.541831367711473,0.546298040559571,0.550764713407668,0.555231386255766,0.559698059103863,0.564164731951961,0.568631404800059,0.573098077648156,0.577564750496254,0.582031423344352),.UNSPECIFIED.);
#128=B_SPLINE_CURVE_WITH_KNOTS('',3,(#1407,#1408,#1409,#1410,#1411,#1412,#1413,#1414,#1415,#1416,#1417,#1418,#1419,#1420,#1421,#1422,#1423,#1424,#1425,#1426,#1427,#1428,#1429,#1430,#1431,#1432,#1433,#1434,#1435,#1436,#1437,#1438,#1439,#1440,#1441,#1442,#1443,#1444,#1445,#1446,#1447,#1448,#1449,#1450,#1451,#1452,#1453,#1454,#1455,#1456,#1457,#1458,#1459,#1460,#1461,#1462,#1463,#1464,#1465,#1466,#1467,#1468,#1469,#1470,#1471,#1472,#1473,#1474,#1475,#1476,#1477,#1478,#1479,#1480,#1481,#1482,#1483,#1484,#1485,#1486,#1487,#1488,#1489,#1490,#1491,#1492,#1493,#1494,#1495,#1496,#1497,#1498,#1499,#1500,#1501,#1502,#1503,#1504,#1505,#1506,#1507,#1508,#1509,#1510,#1511,#1512,#1513,#1514,#1515,#1516,#1517,#1518,#1519,#1520,#1521,#1522,#1523,#1524,#1525,#1526,#1527,#1528,#1529,#1530,#1531,#1532,#1533,#1534,#1535,#1536,#1537),.UNSPECIFIED.,.F.,.F.,(4,1,1,1,1,1,1,1,1,1,1,1,1,1,1,1,1,1,1,1,1,1,1,1,1,1,1,1,1,1,1,1,1,1,1,1,1,1,1,1,1,1,1,1,1,1,1,1,1,1,1,1,1,1,1,1,1,1,1,1,1,1,1,1,1,1,1,1,1,1,1,1,1,1,1,1,1,1,1,1,1,1,1,1,1,1,1,1,1,1,1,1,1,1,1,1,1,1,1,1,1,1,1,1,1,1,1,1,1,1,1,1,1,1,1,1,1,1,1,1,1,1,1,1,1,1,1,1,4),(0.0162903530255325,0.0207575300304244,0.0252247070353163,0.0296918840402082,0.0341590610451,0.0386262380499919,0.0430934150548838,0.0475605920597757,0.0520277690646676,0.0564949460695595,0.0609621230744514,0.0654293000793432,0.0698964770842351,0.074363654089127,0.0788308310940189,0.0832980080989108,0.0877651851038027,0.0922323621086946,0.0966995391135865,0.101166716118478,0.10563389312337,0.110101070128262,0.114568247133154,0.119035424138046,0.123502601142938,0.12796977814783,0.132436955152722,0.136904132157613,0.141371309162505,0.145838486167397,0.150305663172289,0.154772840177181,0.159240017182073,0.163707194186965,0.168174371191857,0.172641548196749,0.17710872520164,0.181575902206532,0.186043079211424,0.190510256216316,0.194977433221208,0.1994446102261,0.203911787230992,0.208378964235884,0.212846141240775,0.217313318245667,0.221780495250559,0.226247672255451,0.230714849260343,0.235182026265235,0.239649203270127,0.244116380275019,0.248583557279911,0.253050734284803,0.257517911289694,0.261985088294586,0.266452265299478,0.27091944230437,0.275386619309262,0.279853796314154,0.284320973319046,0.288788150323938,0.293255327328829,0.297722504333721,0.302189681338613,0.306656858343505,0.311124035348397,0.315591212353289,0.320058389358181,0.324525566363073,0.328992743367965,0.333459920372856,0.337927097377748,0.34239427438264,0.346861451387532,0.351328628392424,0.355795805397316,0.360262982402208,0.3647301594071,0.369197336411992,0.373664513416883,0.378131690421775,0.382598867426667,0.387066044431559,0.391533221436451,0.396000398441343,0.400467575446235,0.404934752451127,0.409401929456018,0.41386910646091,0.418336283465802,0.422803460470694,0.427270637475586,0.431737814480478,0.43620499148537,0.440672168490262,0.445139345495154,0.449606522500046,0.454073699504937,0.458540876509829,0.463008053514721,0.467475230519613,0.471942407524505,0.476409584529397,0.480876761534289,0.485343938539181,0.489811115544072,0.494278292548964,0.498745469553856,0.503212646558748,0.50767982356364,0.512147000568532,0.516614177573424,0.521081354578316,0.525548531583208,0.530015708588099,0.534482885592991,0.538950062597883,0.543417239602775,0.547884416607667,0.552351593612559,0.556818770617451,0.561285947622343,0.565753124627234,0.570220301632126,0.574687478637018,0.57915465564191,0.583621832646802,0.588089009651694),.UNSPECIFIED.);
#129=B_SPLINE_CURVE_WITH_KNOTS('',3,(#2934,#2935,#2936,#2937,#2938,#2939,#2940,#2941,#2942,#2943,#2944),.UNSPECIFIED.,.F.,.F.,(4,1,1,1,1,1,1,1,4),(0.000174096869211928,0.00374040255257909,0.00730670823594625,0.0108730139193134,0.0144393196026806,0.0180056252860477,0.0215719309694149,0.0251382366527821,0.0287045423361492),.UNSPECIFIED.);
#130=B_SPLINE_CURVE_WITH_KNOTS('',3,(#2946,#2947,#2948,#2949,#2950,#2951,#2952,#2953,#2954,#2955,#2956),.UNSPECIFIED.,.F.,.F.,(4,1,1,1,1,1,1,1,4),(0.,0.00437961092501422,0.00875922185002845,0.0131388327750427,0.0175184437000569,0.0218980546250711,0.0262776655500853,0.0306572764750996,0.0350368874001138),.UNSPECIFIED.);
#131=B_SPLINE_CURVE_WITH_KNOTS('',3,(#2958,#2959,#2960,#2961,#2962,#2963,#2964,#2965,#2966,#2967,#2968,#2969,#2970,#2971,#2972,#2973,#2974,#2975,#2976,#2977,#2978,#2979,#2980,#2981,#2982,#2983,#2984,#2985,#2986,#2987,#2988,#2989,#2990,#2991,#2992,#2993,#2994,#2995,#2996,#2997,#2998,#2999,#3000,#3001,#3002,#3003,#3004,#3005,#3006,#3007,#3008,#3009,#3010,#3011,#3012,#3013,#3014,#3015,#3016,#3017,#3018,#3019,#3020,#3021,#3022,#3023,#3024,#3025,#3026,#3027,#3028,#3029,#3030,#3031,#3032,#3033,#3034,#3035,#3036,#3037,#3038,#3039,#3040,#3041,#3042,#3043,#3044,#3045,#3046,#3047,#3048,#3049,#3050,#3051,#3052,#3053,#3054,#3055,#3056,#3057,#3058,#3059,#3060,#3061,#3062,#3063,#3064,#3065,#3066,#3067,#3068,#3069,#3070,#3071,#3072,#3073,#3074,#3075,#3076,#3077,#3078,#3079,#3080,#3081,#3082,#3083,#3084,#3085,#3086,#3087,#3088),.UNSPECIFIED.,.F.,.F.,(4,1,1,1,1,1,1,1,1,1,1,1,1,1,1,1,1,1,1,1,1,1,1,1,1,1,1,1,1,1,1,1,1,1,1,1,1,1,1,1,1,1,1,1,1,1,1,1,1,1,1,1,1,1,1,1,1,1,1,1,1,1,1,1,1,1,1,1,1,1,1,1,1,1,1,1,1,1,1,1,1,1,1,1,1,1,1,1,1,1,1,1,1,1,1,1,1,1,1,1,1,1,1,1,1,1,1,1,1,1,1,1,1,1,1,1,1,1,1,1,1,1,1,1,1,1,1,1,4),(0.027603308551651,0.0315627839656107,0.0355222593795704,0.03948173479353,0.0434412102074897,0.0474006856214494,0.0513601610354091,0.0553196364493687,0.0592791118633284,0.0632385872772881,0.0671980626912477,0.0711575381052074,0.0751170135191671,0.0790764889331268,0.0830359643470864,0.0869954397610461,0.0909549151750058,0.0949143905889654,0.0988738660029251,0.102833341416885,0.106792816830844,0.110752292244804,0.114711767658764,0.118671243072723,0.122630718486683,0.126590193900643,0.130549669314602,0.134509144728562,0.138468620142522,0.142428095556482,0.146387570970441,0.150347046384401,0.154306521798361,0.15826599721232,0.16222547262628,0.16618494804024,0.170144423454199,0.174103898868159,0.178063374282119,0.182022849696078,0.185982325110038,0.189941800523998,0.193901275937957,0.197860751351917,0.201820226765877,0.205779702179836,0.209739177593796,0.213698653007756,0.217658128421715,0.221617603835675,0.225577079249635,0.229536554663594,0.233496030077554,0.237455505491514,0.241414980905473,0.245374456319433,0.249333931733393,0.253293407147352,0.257252882561312,0.261212357975272,0.265171833389231,0.269131308803191,0.273090784217151,0.27705025963111,0.28100973504507,0.28496921045903,0.288928685872989,0.292888161286949,0.296847636700909,0.300807112114868,0.304766587528828,0.308726062942788,0.312685538356747,0.316645013770707,0.320604489184667,0.324563964598626,0.328523440012586,0.332482915426546,0.336442390840505,0.340401866254465,0.344361341668425,0.348320817082384,0.352280292496344,0.356239767910304,0.360199243324263,0.364158718738223,0.368118194152183,0.372077669566143,0.376037144980102,0.379996620394062,0.383956095808021,0.387915571221981,0.391875046635941,0.395834522049901,0.39979399746386,0.40375347287782,0.40771294829178,0.411672423705739,0.415631899119699,0.419591374533659,0.423550849947618,0.427510325361578,0.431469800775538,0.435429276189497,0.439388751603457,0.443348227017417,0.447307702431376,0.451267177845336,0.455226653259296,0.459186128673255,0.463145604087215,0.467105079501175,0.471064554915134,0.475024030329094,0.478983505743054,0.482942981157013,0.486902456570973,0.490861931984933,0.494821407398892,0.498780882812852,0.502740358226812,0.506699833640771,0.510659309054731,0.514618784468691,0.51857825988265,0.52253773529661,0.52649721071057,0.530456686124529,0.534416161538489),.UNSPECIFIED.);
#132=B_SPLINE_CURVE_WITH_KNOTS('',3,(#3090,#3091,#3092,#3093,#3094,#3095,#3096,#3097,#3098,#3099,#3100,#3101,#3102,#3103,#3104,#3105,#3106,#3107,#3108,#3109,#3110,#3111,#3112,#3113,#3114,#3115,#3116,#3117,#3118,#3119,#3120,#3121,#3122,#3123,#3124,#3125,#3126,#3127,#3128,#3129,#3130,#3131,#3132,#3133,#3134,#3135,#3136,#3137,#3138,#3139,#3140,#3141,#3142,#3143,#3144,#3145,#3146,#3147,#3148,#3149,#3150,#3151,#3152,#3153,#3154,#3155,#3156,#3157,#3158,#3159,#3160,#3161,#3162,#3163,#3164,#3165,#3166,#3167,#3168,#3169,#3170,#3171,#3172,#3173,#3174,#3175,#3176,#3177,#3178,#3179,#3180,#3181,#3182,#3183,#3184,#3185,#3186,#3187,#3188,#3189,#3190,#3191,#3192,#3193,#3194,#3195,#3196,#3197,#3198,#3199,#3200,#3201,#3202,#3203,#3204,#3205,#3206,#3207,#3208,#3209,#3210,#3211,#3212,#3213,#3214,#3215,#3216,#3217,#3218,#3219,#3220),.UNSPECIFIED.,.F.,.F.,(4,1,1,1,1,1,1,1,1,1,1,1,1,1,1,1,1,1,1,1,1,1,1,1,1,1,1,1,1,1,1,1,1,1,1,1,1,1,1,1,1,1,1,1,1,1,1,1,1,1,1,1,1,1,1,1,1,1,1,1,1,1,1,1,1,1,1,1,1,1,1,1,1,1,1,1,1,1,1,1,1,1,1,1,1,1,1,1,1,1,1,1,1,1,1,1,1,1,1,1,1,1,1,1,1,1,1,1,1,1,1,1,1,1,1,1,1,1,1,1,1,1,1,1,1,1,1,1,4),(0.00901963336021789,0.0129789366212581,0.0169382398822984,0.0208975431433386,0.0248568464043789,0.0288161496654191,0.0327754529264594,0.0367347561874996,0.0406940594485398,0.0446533627095801,0.0486126659706203,0.0525719692316606,0.0565312724927008,0.0604905757537411,0.0644498790147813,0.0684091822758215,0.0723684855368618,0.076327788797902,0.0802870920589423,0.0842463953199825,0.0882056985810228,0.092165001842063,0.0961243051031032,0.100083608364143,0.104042911625184,0.108002214886224,0.111961518147264,0.115920821408304,0.119880124669345,0.123839427930385,0.127798731191425,0.131758034452465,0.135717337713506,0.139676640974546,0.143635944235586,0.147595247496626,0.151554550757667,0.155513854018707,0.159473157279747,0.163432460540787,0.167391763801828,0.171351067062868,0.175310370323908,0.179269673584948,0.183228976845989,0.187188280107029,0.191147583368069,0.195106886629109,0.19906618989015,0.20302549315119,0.20698479641223,0.21094409967327,0.214903402934311,0.218862706195351,0.222822009456391,0.226781312717431,0.230740615978472,0.234699919239512,0.238659222500552,0.242618525761592,0.246577829022633,0.250537132283673,0.254496435544713,0.258455738805753,0.262415042066794,0.266374345327834,0.270333648588874,0.274292951849914,0.278252255110955,0.282211558371995,0.286170861633035,0.290130164894075,0.294089468155115,0.298048771416156,0.302008074677196,0.305967377938236,0.309926681199276,0.313885984460317,0.317845287721357,0.321804590982397,0.325763894243437,0.329723197504478,0.333682500765518,0.337641804026558,0.341601107287598,0.345560410548639,0.349519713809679,0.353479017070719,0.357438320331759,0.3613976235928,0.36535692685384,0.36931623011488,0.37327553337592,0.377234836636961,0.381194139898001,0.385153443159041,0.389112746420081,0.393072049681122,0.397031352942162,0.400990656203202,0.404949959464242,0.408909262725282,0.412868565986323,0.416827869247363,0.420787172508403,0.424746475769443,0.428705779030484,0.432665082291524,0.436624385552564,0.440583688813604,0.444542992074645,0.448502295335685,0.452461598596725,0.456420901857765,0.460380205118806,0.464339508379846,0.468298811640886,0.472258114901926,0.476217418162967,0.480176721424007,0.484136024685047,0.488095327946087,0.492054631207128,0.496013934468168,0.499973237729208,0.503932540990248,0.507891844251289,0.511851147512329,0.515810450773369),.UNSPECIFIED.);
#133=B_SPLINE_CURVE_WITH_KNOTS('',3,(#4581,#4582,#4583,#4584),.UNSPECIFIED.,.F.,.F.,(4,4),(7.00614922999903E-06,0.00117320255710167),.UNSPECIFIED.);
#134=B_SPLINE_CURVE_WITH_KNOTS('',3,(#4585,#4586,#4587,#4588),.UNSPECIFIED.,.F.,.F.,(4,4),(0.,0.00665496062059036),.UNSPECIFIED.);
#135=B_SPLINE_CURVE_WITH_KNOTS('',3,(#5271,#5272,#5273,#5274,#5275,#5276,#5277),.UNSPECIFIED.,.F.,.F.,(4,1,1,1,4),(5.51588193565597E-16,0.00354164785606104,0.00708329571212153,0.010624943568182,0.0141665914242425),.UNSPECIFIED.);
#136=B_SPLINE_CURVE_WITH_KNOTS('',3,(#5437,#5438,#5439,#5440,#5441,#5442,#5443,#5444,#5445,#5446,#5447),.UNSPECIFIED.,.F.,.F.,(4,1,1,1,1,1,1,1,4),(1.67409803395013E-16,0.00432501349090449,0.00865002698180881,0.0129750404727131,0.0173000539636174,0.0216250674545218,0.0259500809454261,0.0302750944363304,0.0346001079272347),.UNSPECIFIED.);
#137=B_SPLINE_CURVE_WITH_KNOTS('',3,(#5903,#5904,#5905,#5906),.UNSPECIFIED.,.F.,.F.,(4,4),(5.05754456963979E-18,0.00659996081390291),.UNSPECIFIED.);
#138=B_SPLINE_CURVE_WITH_KNOTS('',3,(#5920,#5921,#5922,#5923),.UNSPECIFIED.,.F.,.F.,(4,4),(0.00347057357188727,0.0037152482568044),.UNSPECIFIED.);
#139=B_SPLINE_CURVE_WITH_KNOTS('',3,(#5926,#5927,#5928,#5929),.UNSPECIFIED.,.F.,.F.,(4,4),(1.43741657860216E-17,0.000501624434581056),.UNSPECIFIED.);
#140=B_SPLINE_CURVE_WITH_KNOTS('',3,(#5931,#5932,#5933,#5934,#5935,#5936,#5937,#5938,#5939,#5940,#5941,#5942,#5943,#5944,#5945,#5946,#5947,#5948,#5949,#5950,#5951,#5952,#5953,#5954,#5955,#5956,#5957,#5958,#5959,#5960,#5961,#5962,#5963,#5964,#5965,#5966,#5967,#5968,#5969,#5970,#5971,#5972,#5973,#5974,#5975,#5976,#5977,#5978,#5979,#5980,#5981,#5982,#5983,#5984,#5985,#5986,#5987,#5988,#5989,#5990,#5991,#5992,#5993,#5994,#5995,#5996,#5997,#5998,#5999,#6000,#6001,#6002,#6003,#6004,#6005,#6006,#6007,#6008,#6009,#6010,#6011,#6012,#6013,#6014,#6015,#6016,#6017,#6018,#6019,#6020,#6021,#6022,#6023,#6024,#6025,#6026,#6027,#6028,#6029,#6030,#6031,#6032,#6033,#6034,#6035,#6036,#6037,#6038,#6039,#6040,#6041,#6042,#6043,#6044,#6045,#6046,#6047,#6048,#6049,#6050,#6051,#6052,#6053,#6054,#6055,#6056,#6057,#6058,#6059,#6060,#6061,#6062),.UNSPECIFIED.,.F.,.F.,(4,1,1,1,1,1,1,1,1,1,1,1,1,1,1,1,1,1,1,1,1,1,1,1,1,1,1,1,1,1,1,1,1,1,1,1,1,1,1,1,1,1,1,1,1,1,1,1,1,1,1,1,1,1,1,1,1,1,1,1,1,1,1,1,1,1,1,1,1,1,1,1,1,1,1,1,1,1,1,1,1,1,1,1,1,1,1,1,1,1,1,1,1,1,1,1,1,1,1,1,1,1,1,1,1,1,1,1,1,1,1,1,1,1,1,1,1,1,1,1,1,1,1,1,1,1,1,1,1,4),(5.8986975498274E-18,0.00289484366923572,0.00578968733847144,0.0115793746769429,0.0173690620154143,0.0231587493538858,0.0289484366923572,0.0347381240308286,0.0405278113693001,0.0463174987077715,0.0521071860462429,0.0578968733847144,0.0636865607231858,0.0694762480616573,0.0752659354001287,0.0810556227386001,0.0868453100770716,0.092634997415543,0.0984246847540144,0.104214372092486,0.110004059430957,0.115793746769429,0.1215834341079,0.127373121446372,0.133162808784843,0.138952496123315,0.144742183461786,0.150531870800257,0.156321558138729,0.1621112454772,0.167900932815672,0.173690620154143,0.179480307492615,0.185269994831086,0.191059682169557,0.196849369508029,0.2026390568465,0.208428744184972,0.214218431523443,0.220008118861915,0.225797806200386,0.231587493538858,0.237377180877329,0.2431668682158,0.248956555554272,0.254746242892743,0.260535930231215,0.266325617569686,0.272115304908158,0.277904992246629,0.2836946795851,0.289484366923572,0.295274054262043,0.301063741600515,0.306853428938986,0.312643116277458,0.318432803615929,0.324222490954401,0.330012178292872,0.335801865631343,0.341591552969815,0.347381240308286,0.353170927646758,0.358960614985229,0.364750302323701,0.370539989662172,0.376329677000643,0.382119364339115,0.387909051677586,0.393698739016058,0.399488426354529,0.405278113693001,0.411067801031472,0.416857488369944,0.422647175708415,0.428436863046886,0.434226550385358,0.440016237723829,0.445805925062301,0.451595612400772,0.457385299739244,0.463174987077715,0.468964674416186,0.474754361754658,0.480544049093129,0.486333736431601,0.492123423770072,0.497913111108544,0.503702798447015,0.509492485785487,0.515282173123958,0.521071860462429,0.526861547800901,0.532651235139372,0.538440922477844,0.544230609816315,0.550020297154787,0.555809984493258,0.561599671831729,0.567389359170201,0.573179046508672,0.578968733847144,0.584758421185615,0.590548108524087,0.596337795862558,0.602127483201029,0.607917170539501,0.613706857877972,0.619496545216444,0.625286232554915,0.631075919893387,0.636865607231858,0.64265529457033,0.648444981908801,0.654234669247272,0.660024356585744,0.665814043924215,0.671603731262687,0.677393418601158,0.68318310593963,0.688972793278101,0.694762480616573,0.700552167955044,0.706341855293515,0.712131542631987,0.717921229970458,0.72371091730893,0.729500604647401,0.735290291985873,0.741079979324344),.UNSPECIFIED.);
#141=B_SPLINE_CURVE_WITH_KNOTS('',3,(#6066,#6067,#6068,#6069),.UNSPECIFIED.,.F.,.F.,(4,4),(8.67361737988403E-19,0.00120007458274874),.UNSPECIFIED.);
#142=B_SPLINE_CURVE_WITH_KNOTS('',3,(#6073,#6074,#6075,#6076),.UNSPECIFIED.,.F.,.F.,(4,4),(4.77246499209345E-11,0.000694308054992608),.UNSPECIFIED.);
#143=B_SPLINE_CURVE_WITH_KNOTS('',3,(#6078,#6079,#6080,#6081,#6082,#6083,#6084,#6085,#6086,#6087,#6088,#6089,#6090,#6091,#6092,#6093,#6094,#6095,#6096,#6097,#6098,#6099,#6100,#6101,#6102,#6103,#6104,#6105,#6106,#6107,#6108,#6109,#6110,#6111,#6112,#6113,#6114,#6115,#6116,#6117,#6118,#6119,#6120,#6121,#6122,#6123,#6124,#6125,#6126,#6127,#6128,#6129,#6130,#6131,#6132,#6133,#6134,#6135,#6136,#6137,#6138,#6139,#6140,#6141,#6142,#6143,#6144,#6145,#6146,#6147,#6148,#6149,#6150,#6151,#6152,#6153,#6154,#6155,#6156,#6157,#6158,#6159,#6160,#6161,#6162,#6163,#6164,#6165,#6166,#6167,#6168,#6169,#6170,#6171,#6172,#6173,#6174,#6175,#6176,#6177,#6178,#6179,#6180,#6181,#6182,#6183,#6184,#6185,#6186,#6187,#6188,#6189,#6190,#6191,#6192,#6193,#6194,#6195,#6196,#6197,#6198,#6199,#6200,#6201,#6202,#6203,#6204,#6205,#6206,#6207,#6208,#6209),.UNSPECIFIED.,.F.,.F.,(4,1,1,1,1,1,1,1,1,1,1,1,1,1,1,1,1,1,1,1,1,1,1,1,1,1,1,1,1,1,1,1,1,1,1,1,1,1,1,1,1,1,1,1,1,1,1,1,1,1,1,1,1,1,1,1,1,1,1,1,1,1,1,1,1,1,1,1,1,1,1,1,1,1,1,1,1,1,1,1,1,1,1,1,1,1,1,1,1,1,1,1,1,1,1,1,1,1,1,1,1,1,1,1,1,1,1,1,1,1,1,1,1,1,1,1,1,1,1,1,1,1,1,1,1,1,1,1,1,4),(3.48681845981186E-17,0.00279087908903233,0.00558175817806462,0.0111635163561292,0.0167452745341938,0.0223270327122584,0.027908790890323,0.0334905490683875,0.0390723072464521,0.0446540654245167,0.0502358236025813,0.0558175817806459,0.0613993399587105,0.0669810981367751,0.0725628563148396,0.0781446144929042,0.0837263726709688,0.0893081308490334,0.094889889027098,0.100471647205163,0.106053405383227,0.111635163561292,0.117216921739356,0.122798679917421,0.128380438095485,0.13396219627355,0.139543954451615,0.145125712629679,0.150707470807744,0.156289228985808,0.161870987163873,0.167452745341938,0.173034503520002,0.178616261698067,0.184198019876131,0.189779778054196,0.195361536232261,0.200943294410325,0.20652505258839,0.212106810766454,0.217688568944519,0.223270327122583,0.228852085300648,0.234433843478713,0.240015601656777,0.245597359834842,0.251179118012906,0.256760876190971,0.262342634369035,0.2679243925471,0.273506150725165,0.279087908903229,0.284669667081294,0.290251425259358,0.295833183437423,0.301414941615488,0.306996699793552,0.312578457971617,0.318160216149681,0.323741974327746,0.32932373250581,0.334905490683875,0.34048724886194,0.346069007040004,0.351650765218069,0.357232523396133,0.362814281574198,0.368396039752263,0.373977797930327,0.379559556108392,0.385141314286456,0.390723072464521,0.396304830642586,0.40188658882065,0.407468346998715,0.413050105176779,0.418631863354844,0.424213621532909,0.429795379710973,0.435377137889038,0.440958896067102,0.446540654245167,0.452122412423231,0.457704170601296,0.463285928779361,0.468867686957425,0.47444944513549,0.480031203313554,0.485612961491619,0.491194719669684,0.496776477847748,0.502358236025813,0.507939994203877,0.513521752381942,0.519103510560006,0.524685268738071,0.530267026916136,0.5358487850942,0.541430543272265,0.547012301450329,0.552594059628394,0.558175817806459,0.563757575984523,0.569339334162588,0.574921092340652,0.580502850518717,0.586084608696781,0.591666366874846,0.597248125052911,0.602829883230975,0.60841164140904,0.613993399587104,0.619575157765169,0.625156915943234,0.630738674121298,0.636320432299363,0.641902190477427,0.647483948655492,0.653065706833556,0.658647465011621,0.664229223189686,0.66981098136775,0.675392739545815,0.680974497723879,0.686556255901944,0.692138014080009,0.697719772258073,0.703301530436138,0.708883288614202,0.714465046792267),.UNSPECIFIED.);
#144=B_SPLINE_CURVE_WITH_KNOTS('',3,(#6213,#6214,#6215,#6216),.UNSPECIFIED.,.F.,.F.,(4,4),(-7.72507067436685E-06,0.000310930879170247),.UNSPECIFIED.);
#145=B_SPLINE_CURVE_WITH_KNOTS('',3,(#8303,#8304,#8305,#8306),.UNSPECIFIED.,.F.,.F.,(4,4),(2.16840434497101E-19,0.00112995219902538),.UNSPECIFIED.);
#146=B_SPLINE_CURVE_WITH_KNOTS('',3,(#8308,#8309,#8310,#8311,#8312,#8313,#8314,#8315,#8316,#8317,#8318),.UNSPECIFIED.,.F.,.F.,(4,1,1,1,1,1,1,1,4),(0.000215052633902945,0.000814841414922941,0.00141463019594294,0.00201441897696293,0.00261420775798293,0.00321399653900293,0.00381378532002292,0.00441357410104292,0.00501336288206291),.UNSPECIFIED.);
#147=B_SPLINE_CURVE_WITH_KNOTS('',3,(#8320,#8321,#8322,#8323,#8324,#8325,#8326),.UNSPECIFIED.,.F.,.F.,(4,1,1,1,4),(7.152448122691E-18,0.00365334568003296,0.00730669136006592,0.0109600370400989,0.0146133827201318),.UNSPECIFIED.);
#148=B_SPLINE_CURVE_WITH_KNOTS('',3,(#8328,#8329,#8330,#8331,#8332),.UNSPECIFIED.,.F.,.F.,(4,1,4),(6.9928938926747E-18,0.00420607303931234,0.00841214607862466),.UNSPECIFIED.);
#149=B_SPLINE_CURVE_WITH_KNOTS('',3,(#8333,#8334,#8335,#8336,#8337,#8338,#8339,#8340,#8341,#8342,#8343,#8344),.UNSPECIFIED.,.F.,.F.,(4,1,1,1,1,1,1,1,1,4),(0.,0.000674584724085632,0.00134916944817126,0.0020237541722569,0.00236104653429971,0.00269833889634253,0.00337292362042816,0.00404750834451379,0.00472209306859942,0.00539667779268505),.UNSPECIFIED.);
#150=B_SPLINE_CURVE_WITH_KNOTS('',3,(#8346,#8347,#8348,#8349,#8350,#8351,#8352),.UNSPECIFIED.,.F.,.F.,(4,1,1,1,4),(0.,0.00379455482077067,0.00758910964154133,0.011383664462312,0.0151782192830827),.UNSPECIFIED.);
#151=B_SPLINE_CURVE_WITH_KNOTS('',3,(#8354,#8355,#8356,#8357,#8358),.UNSPECIFIED.,.F.,.F.,(4,1,4),(4.85741933640745E-17,0.00420607303936799,0.00841214607873593),.UNSPECIFIED.);
#152=B_SPLINE_CURVE_WITH_KNOTS('',3,(#8360,#8361,#8362,#8363,#8364,#8365,#8366,#8367,#8368,#8369,#8370),.UNSPECIFIED.,.F.,.F.,(4,1,1,1,1,1,1,1,4),(7.58941520739853E-19,0.0033556955065801,0.0067113910131602,0.0100670865197403,0.0134227820263204,0.0167784775329005,0.0201341730394806,0.0234898685460607,0.0268455640526408),.UNSPECIFIED.);
#153=B_SPLINE_CURVE_WITH_KNOTS('',3,(#8372,#8373,#8374,#8375,#8376),.UNSPECIFIED.,.F.,.F.,(4,1,4),(3.25260651745651E-19,0.000809452420637011,0.00161890484127402),.UNSPECIFIED.);
#154=B_SPLINE_CURVE_WITH_KNOTS('',3,(#8380,#8381,#8382,#8383),.UNSPECIFIED.,.F.,.F.,(4,4),(0.,0.00193919889514688),.UNSPECIFIED.);
#155=B_SPLINE_CURVE_WITH_KNOTS('',3,(#8431,#8432,#8433,#8434),.UNSPECIFIED.,.F.,.F.,(4,4),(4.55364912443912E-18,0.000303926854503899),.UNSPECIFIED.);
#156=B_SPLINE_CURVE_WITH_KNOTS('',3,(#8436,#8437,#8438,#8439,#8440),.UNSPECIFIED.,.F.,.F.,(4,1,4),(0.00120687593554876,0.0028149324594307,0.00442298898331264),.UNSPECIFIED.);
#157=B_SPLINE_CURVE_WITH_KNOTS('',3,(#8444,#8445,#8446,#8447),.UNSPECIFIED.,.F.,.F.,(4,4),(7.78514538903399E-18,0.000632876042921153),.UNSPECIFIED.);
#158=B_SPLINE_CURVE_WITH_KNOTS('',3,(#8449,#8450,#8451,#8452,#8453,#8454,#8455),.UNSPECIFIED.,.F.,.F.,(4,1,1,1,4),(0.0011725352807672,0.00215451074311283,0.00313648620545845,0.00411846166780407,0.00510043713014969),.UNSPECIFIED.);
#159=B_SPLINE_CURVE_WITH_KNOTS('',3,(#8459,#8460,#8461,#8462),.UNSPECIFIED.,.F.,.F.,(4,4),(0.,0.000858665460565789),.UNSPECIFIED.);
#160=B_SPLINE_CURVE_WITH_KNOTS('',3,(#8464,#8465,#8466,#8467),.UNSPECIFIED.,.F.,.F.,(4,4),(0.,0.000879640645144353),.UNSPECIFIED.);
#161=B_SPLINE_CURVE_WITH_KNOTS('',3,(#8559,#8560,#8561,#8562,#8563,#8564,#8565,#8566,#8567,#8568,#8569,#8570,#8571,#8572,#8573,#8574,#8575,#8576,#8577,#8578,#8579,#8580,#8581),.UNSPECIFIED.,.F.,.F.,(4,1,1,1,1,1,1,1,1,1,1,1,1,1,1,1,1,1,1,1,4),(8.67361737988404E-18,0.000765936903716771,0.00153187380743353,0.0022978107111503,0.00268077916300868,0.00306374761486706,0.00344671606672544,0.00382968451858382,0.0042126529704422,0.00459562142230058,0.00497858987415897,0.00517007410008816,0.00536155832601735,0.00555304255194654,0.00574452677787573,0.00584026889084032,0.00593601100380492,0.00603175311676952,0.00607962417325181,0.00610355970149296,0.00612749522973411),.UNSPECIFIED.);
#162=B_SPLINE_CURVE_WITH_KNOTS('',3,(#8585,#8586,#8587,#8588),.UNSPECIFIED.,.F.,.F.,(4,4),(1.58163508053688E-17,0.000325054827110011),.UNSPECIFIED.);
#163=B_SPLINE_CURVE_WITH_KNOTS('',3,(#8631,#8632,#8633,#8634,#8635,#8636,#8637,#8638,#8639,#8640,#8641),.UNSPECIFIED.,.F.,.F.,(4,1,1,1,1,1,1,1,4),(0.,0.00068128220900965,0.0013625644180193,0.00204384662702895,0.0027251288360386,0.00340641104504825,0.0040876932540579,0.00476897546306755,0.0054502576720772),.UNSPECIFIED.);
#164=ORIENTED_EDGE('',*,*,#398,.F.);
#165=ORIENTED_EDGE('',*,*,#399,.T.);
#166=ORIENTED_EDGE('',*,*,#400,.T.);
#167=ORIENTED_EDGE('',*,*,#401,.F.);
#168=ORIENTED_EDGE('',*,*,#402,.F.);
#169=ORIENTED_EDGE('',*,*,#401,.T.);
#170=ORIENTED_EDGE('',*,*,#403,.T.);
#171=ORIENTED_EDGE('',*,*,#404,.F.);
#172=ORIENTED_EDGE('',*,*,#405,.F.);
#173=ORIENTED_EDGE('',*,*,#406,.T.);
#174=ORIENTED_EDGE('',*,*,#404,.T.);
#175=ORIENTED_EDGE('',*,*,#407,.F.);
#176=ORIENTED_EDGE('',*,*,#408,.F.);
#177=ORIENTED_EDGE('',*,*,#405,.T.);
#178=ORIENTED_EDGE('',*,*,#409,.T.);
#179=ORIENTED_EDGE('',*,*,#399,.F.);
#180=ORIENTED_EDGE('',*,*,#410,.T.);
#181=ORIENTED_EDGE('',*,*,#411,.F.);
#182=ORIENTED_EDGE('',*,*,#412,.T.);
#183=ORIENTED_EDGE('',*,*,#413,.T.);
#184=ORIENTED_EDGE('',*,*,#414,.F.);
#185=ORIENTED_EDGE('',*,*,#415,.T.);
#186=ORIENTED_EDGE('',*,*,#416,.T.);
#187=ORIENTED_EDGE('',*,*,#417,.F.);
#188=ORIENTED_EDGE('',*,*,#403,.F.);
#189=ORIENTED_EDGE('',*,*,#400,.F.);
#190=ORIENTED_EDGE('',*,*,#409,.F.);
#191=ORIENTED_EDGE('',*,*,#407,.T.);
#192=ORIENTED_EDGE('',*,*,#417,.T.);
#193=ORIENTED_EDGE('',*,*,#418,.T.);
#194=ORIENTED_EDGE('',*,*,#419,.T.);
#195=ORIENTED_EDGE('',*,*,#411,.T.);
#196=ORIENTED_EDGE('',*,*,#419,.F.);
#197=ORIENTED_EDGE('',*,*,#420,.T.);
#198=ORIENTED_EDGE('',*,*,#421,.T.);
#199=ORIENTED_EDGE('',*,*,#422,.T.);
#200=ORIENTED_EDGE('',*,*,#413,.F.);
#201=ORIENTED_EDGE('',*,*,#423,.T.);
#202=ORIENTED_EDGE('',*,*,#424,.T.);
#203=ORIENTED_EDGE('',*,*,#423,.F.);
#204=ORIENTED_EDGE('',*,*,#418,.F.);
#205=ORIENTED_EDGE('',*,*,#424,.F.);
#206=ORIENTED_EDGE('',*,*,#421,.F.);
#207=ORIENTED_EDGE('',*,*,#420,.F.);
#208=ORIENTED_EDGE('',*,*,#422,.F.);
#209=ORIENTED_EDGE('',*,*,#415,.F.);
#210=ORIENTED_EDGE('',*,*,#410,.F.);
#211=ORIENTED_EDGE('',*,*,#398,.T.);
#212=ORIENTED_EDGE('',*,*,#402,.T.);
#213=ORIENTED_EDGE('',*,*,#406,.F.);
#214=ORIENTED_EDGE('',*,*,#408,.T.);
#215=ORIENTED_EDGE('',*,*,#414,.T.);
#216=ORIENTED_EDGE('',*,*,#412,.F.);
#217=ORIENTED_EDGE('',*,*,#416,.F.);
#218=ORIENTED_EDGE('',*,*,#425,.F.);
#219=ORIENTED_EDGE('',*,*,#426,.T.);
#220=ORIENTED_EDGE('',*,*,#427,.F.);
#221=ORIENTED_EDGE('',*,*,#428,.F.);
#222=ORIENTED_EDGE('',*,*,#427,.T.);
#223=ORIENTED_EDGE('',*,*,#429,.T.);
#224=ORIENTED_EDGE('',*,*,#430,.T.);
#225=ORIENTED_EDGE('',*,*,#431,.F.);
#226=ORIENTED_EDGE('',*,*,#432,.F.);
#227=ORIENTED_EDGE('',*,*,#430,.F.);
#228=ORIENTED_EDGE('',*,*,#433,.T.);
#229=ORIENTED_EDGE('',*,*,#434,.T.);
#230=ORIENTED_EDGE('',*,*,#435,.F.);
#231=ORIENTED_EDGE('',*,*,#436,.F.);
#232=ORIENTED_EDGE('',*,*,#437,.T.);
#233=ORIENTED_EDGE('',*,*,#438,.T.);
#234=ORIENTED_EDGE('',*,*,#439,.T.);
#235=ORIENTED_EDGE('',*,*,#434,.F.);
#236=ORIENTED_EDGE('',*,*,#440,.T.);
#237=ORIENTED_EDGE('',*,*,#425,.T.);
#238=ORIENTED_EDGE('',*,*,#436,.T.);
#239=ORIENTED_EDGE('',*,*,#441,.F.);
#240=ORIENTED_EDGE('',*,*,#442,.F.);
#241=ORIENTED_EDGE('',*,*,#438,.F.);
#242=ORIENTED_EDGE('',*,*,#428,.T.);
#243=ORIENTED_EDGE('',*,*,#432,.T.);
#244=ORIENTED_EDGE('',*,*,#435,.T.);
#245=ORIENTED_EDGE('',*,*,#439,.F.);
#246=ORIENTED_EDGE('',*,*,#442,.T.);
#247=ORIENTED_EDGE('',*,*,#431,.T.);
#248=ORIENTED_EDGE('',*,*,#437,.F.);
#249=ORIENTED_EDGE('',*,*,#443,.T.);
#250=ORIENTED_EDGE('',*,*,#429,.F.);
#251=ORIENTED_EDGE('',*,*,#426,.F.);
#252=ORIENTED_EDGE('',*,*,#440,.F.);
#253=ORIENTED_EDGE('',*,*,#433,.F.);
#254=ORIENTED_EDGE('',*,*,#444,.T.);
#255=ORIENTED_EDGE('',*,*,#441,.T.);
#256=ORIENTED_EDGE('',*,*,#445,.T.);
#257=ORIENTED_EDGE('',*,*,#446,.T.);
#258=ORIENTED_EDGE('',*,*,#447,.T.);
#259=ORIENTED_EDGE('',*,*,#448,.T.);
#260=ORIENTED_EDGE('',*,*,#449,.T.);
#261=ORIENTED_EDGE('',*,*,#450,.F.);
#262=ORIENTED_EDGE('',*,*,#451,.T.);
#263=ORIENTED_EDGE('',*,*,#452,.F.);
#264=ORIENTED_EDGE('',*,*,#453,.T.);
#265=ORIENTED_EDGE('',*,*,#454,.T.);
#266=ORIENTED_EDGE('',*,*,#455,.F.);
#267=ORIENTED_EDGE('',*,*,#456,.T.);
#268=ORIENTED_EDGE('',*,*,#453,.F.);
#269=ORIENTED_EDGE('',*,*,#457,.F.);
#270=ORIENTED_EDGE('',*,*,#458,.T.);
#271=ORIENTED_EDGE('',*,*,#459,.F.);
#272=ORIENTED_EDGE('',*,*,#460,.T.);
#273=ORIENTED_EDGE('',*,*,#449,.F.);
#274=ORIENTED_EDGE('',*,*,#461,.T.);
#275=ORIENTED_EDGE('',*,*,#462,.F.);
#276=ORIENTED_EDGE('',*,*,#463,.T.);
#277=ORIENTED_EDGE('',*,*,#464,.F.);
#278=ORIENTED_EDGE('',*,*,#465,.T.);
#279=ORIENTED_EDGE('',*,*,#454,.F.);
#280=ORIENTED_EDGE('',*,*,#456,.F.);
#281=ORIENTED_EDGE('',*,*,#466,.T.);
#282=ORIENTED_EDGE('',*,*,#467,.T.);
#283=ORIENTED_EDGE('',*,*,#464,.T.);
#284=ORIENTED_EDGE('',*,*,#468,.T.);
#285=ORIENTED_EDGE('',*,*,#469,.T.);
#286=ORIENTED_EDGE('',*,*,#470,.T.);
#287=ORIENTED_EDGE('',*,*,#471,.F.);
#288=ORIENTED_EDGE('',*,*,#472,.F.);
#289=ORIENTED_EDGE('',*,*,#473,.F.);
#290=ORIENTED_EDGE('',*,*,#474,.F.);
#291=ORIENTED_EDGE('',*,*,#475,.F.);
#292=ORIENTED_EDGE('',*,*,#476,.F.);
#293=ORIENTED_EDGE('',*,*,#477,.F.);
#294=ORIENTED_EDGE('',*,*,#478,.T.);
#295=ORIENTED_EDGE('',*,*,#479,.T.);
#296=ORIENTED_EDGE('',*,*,#472,.T.);
#297=ORIENTED_EDGE('',*,*,#480,.F.);
#298=ORIENTED_EDGE('',*,*,#481,.T.);
#299=ORIENTED_EDGE('',*,*,#477,.T.);
#300=ORIENTED_EDGE('',*,*,#471,.T.);
#301=ORIENTED_EDGE('',*,*,#482,.F.);
#302=ORIENTED_EDGE('',*,*,#483,.T.);
#303=ORIENTED_EDGE('',*,*,#480,.T.);
#304=ORIENTED_EDGE('',*,*,#476,.T.);
#305=ORIENTED_EDGE('',*,*,#484,.F.);
#306=ORIENTED_EDGE('',*,*,#485,.T.);
#307=ORIENTED_EDGE('',*,*,#482,.T.);
#308=ORIENTED_EDGE('',*,*,#475,.T.);
#309=ORIENTED_EDGE('',*,*,#486,.F.);
#310=ORIENTED_EDGE('',*,*,#487,.T.);
#311=ORIENTED_EDGE('',*,*,#484,.T.);
#312=ORIENTED_EDGE('',*,*,#474,.T.);
#313=ORIENTED_EDGE('',*,*,#479,.F.);
#314=ORIENTED_EDGE('',*,*,#488,.T.);
#315=ORIENTED_EDGE('',*,*,#486,.T.);
#316=ORIENTED_EDGE('',*,*,#473,.T.);
#317=ORIENTED_EDGE('',*,*,#489,.T.);
#318=ORIENTED_EDGE('',*,*,#462,.T.);
#319=ORIENTED_EDGE('',*,*,#490,.T.);
#320=ORIENTED_EDGE('',*,*,#491,.T.);
#321=ORIENTED_EDGE('',*,*,#492,.T.);
#322=ORIENTED_EDGE('',*,*,#459,.T.);
#323=ORIENTED_EDGE('',*,*,#493,.T.);
#324=ORIENTED_EDGE('',*,*,#494,.T.);
#325=ORIENTED_EDGE('',*,*,#495,.T.);
#326=ORIENTED_EDGE('',*,*,#443,.F.);
#327=ORIENTED_EDGE('',*,*,#496,.F.);
#328=ORIENTED_EDGE('',*,*,#450,.T.);
#329=ORIENTED_EDGE('',*,*,#460,.F.);
#330=ORIENTED_EDGE('',*,*,#495,.F.);
#331=ORIENTED_EDGE('',*,*,#497,.F.);
#332=ORIENTED_EDGE('',*,*,#466,.F.);
#333=ORIENTED_EDGE('',*,*,#463,.F.);
#334=ORIENTED_EDGE('',*,*,#492,.F.);
#335=ORIENTED_EDGE('',*,*,#446,.F.);
#336=ORIENTED_EDGE('',*,*,#491,.F.);
#337=ORIENTED_EDGE('',*,*,#498,.T.);
#338=ORIENTED_EDGE('',*,*,#447,.F.);
#339=ORIENTED_EDGE('',*,*,#465,.F.);
#340=ORIENTED_EDGE('',*,*,#467,.F.);
#341=ORIENTED_EDGE('',*,*,#497,.T.);
#342=ORIENTED_EDGE('',*,*,#452,.T.);
#343=ORIENTED_EDGE('',*,*,#499,.F.);
#344=ORIENTED_EDGE('',*,*,#500,.T.);
#345=ORIENTED_EDGE('',*,*,#457,.T.);
#346=ORIENTED_EDGE('',*,*,#455,.T.);
#347=ORIENTED_EDGE('',*,*,#444,.F.);
#348=ORIENTED_EDGE('',*,*,#494,.F.);
#349=ORIENTED_EDGE('',*,*,#501,.T.);
#350=ORIENTED_EDGE('',*,*,#499,.T.);
#351=ORIENTED_EDGE('',*,*,#451,.F.);
#352=ORIENTED_EDGE('',*,*,#496,.T.);
#353=ORIENTED_EDGE('',*,*,#502,.T.);
#354=ORIENTED_EDGE('',*,*,#503,.T.);
#355=ORIENTED_EDGE('',*,*,#504,.T.);
#356=ORIENTED_EDGE('',*,*,#505,.T.);
#357=ORIENTED_EDGE('',*,*,#506,.T.);
#358=ORIENTED_EDGE('',*,*,#507,.T.);
#359=ORIENTED_EDGE('',*,*,#508,.T.);
#360=ORIENTED_EDGE('',*,*,#469,.F.);
#361=ORIENTED_EDGE('',*,*,#489,.F.);
#362=ORIENTED_EDGE('',*,*,#470,.F.);
#363=ORIENTED_EDGE('',*,*,#468,.F.);
#364=ORIENTED_EDGE('',*,*,#509,.F.);
#365=ORIENTED_EDGE('',*,*,#485,.F.);
#366=ORIENTED_EDGE('',*,*,#510,.F.);
#367=ORIENTED_EDGE('',*,*,#506,.F.);
#368=ORIENTED_EDGE('',*,*,#510,.T.);
#369=ORIENTED_EDGE('',*,*,#487,.F.);
#370=ORIENTED_EDGE('',*,*,#511,.F.);
#371=ORIENTED_EDGE('',*,*,#507,.F.);
#372=ORIENTED_EDGE('',*,*,#509,.T.);
#373=ORIENTED_EDGE('',*,*,#505,.F.);
#374=ORIENTED_EDGE('',*,*,#512,.F.);
#375=ORIENTED_EDGE('',*,*,#483,.F.);
#376=ORIENTED_EDGE('',*,*,#511,.T.);
#377=ORIENTED_EDGE('',*,*,#488,.F.);
#378=ORIENTED_EDGE('',*,*,#513,.F.);
#379=ORIENTED_EDGE('',*,*,#508,.F.);
#380=ORIENTED_EDGE('',*,*,#512,.T.);
#381=ORIENTED_EDGE('',*,*,#504,.F.);
#382=ORIENTED_EDGE('',*,*,#514,.F.);
#383=ORIENTED_EDGE('',*,*,#481,.F.);
#384=ORIENTED_EDGE('',*,*,#513,.T.);
#385=ORIENTED_EDGE('',*,*,#478,.F.);
#386=ORIENTED_EDGE('',*,*,#514,.T.);
#387=ORIENTED_EDGE('',*,*,#503,.F.);
#388=ORIENTED_EDGE('',*,*,#445,.F.);
#389=ORIENTED_EDGE('',*,*,#502,.F.);
#390=ORIENTED_EDGE('',*,*,#500,.F.);
#391=ORIENTED_EDGE('',*,*,#501,.F.);
#392=ORIENTED_EDGE('',*,*,#493,.F.);
#393=ORIENTED_EDGE('',*,*,#458,.F.);
#394=ORIENTED_EDGE('',*,*,#448,.F.);
#395=ORIENTED_EDGE('',*,*,#498,.F.);
#396=ORIENTED_EDGE('',*,*,#490,.F.);
#397=ORIENTED_EDGE('',*,*,#461,.F.);
#398=EDGE_CURVE('',#515,#516,#600,.F.);
#399=EDGE_CURVE('',#515,#517,#127,.T.);
#400=EDGE_CURVE('',#517,#518,#601,.F.);
#401=EDGE_CURVE('',#516,#518,#128,.T.);
#402=EDGE_CURVE('',#516,#519,#129,.T.);
#403=EDGE_CURVE('',#518,#520,#130,.T.);
#404=EDGE_CURVE('',#519,#520,#131,.T.);
#405=EDGE_CURVE('',#521,#522,#132,.T.);
#406=EDGE_CURVE('',#521,#519,#602,.T.);
#407=EDGE_CURVE('',#522,#520,#603,.T.);
#408=EDGE_CURVE('',#521,#515,#133,.T.);
#409=EDGE_CURVE('',#522,#517,#134,.T.);
#410=EDGE_CURVE('',#523,#523,#604,.T.);
#411=EDGE_CURVE('',#524,#524,#605,.T.);
#412=EDGE_CURVE('',#525,#525,#606,.F.);
#413=EDGE_CURVE('',#526,#526,#607,.T.);
#414=EDGE_CURVE('',#527,#527,#608,.F.);
#415=EDGE_CURVE('',#528,#528,#609,.F.);
#416=EDGE_CURVE('',#529,#529,#610,.T.);
#417=EDGE_CURVE('',#530,#530,#611,.T.);
#418=EDGE_CURVE('',#531,#531,#612,.F.);
#419=EDGE_CURVE('',#532,#532,#613,.T.);
#420=EDGE_CURVE('',#533,#533,#614,.F.);
#421=EDGE_CURVE('',#534,#534,#615,.T.);
#422=EDGE_CURVE('',#535,#535,#616,.T.);
#423=EDGE_CURVE('',#536,#536,#617,.F.);
#424=EDGE_CURVE('',#537,#537,#618,.T.);
#425=EDGE_CURVE('',#538,#539,#29,.T.);
#426=EDGE_CURVE('',#538,#540,#30,.T.);
#427=EDGE_CURVE('',#541,#540,#31,.T.);
#428=EDGE_CURVE('',#539,#541,#32,.F.);
#429=EDGE_CURVE('',#540,#542,#619,.F.);
#430=EDGE_CURVE('',#542,#543,#25,.T.);
#431=EDGE_CURVE('',#544,#543,#620,.F.);
#432=EDGE_CURVE('',#541,#544,#26,.T.);
#433=EDGE_CURVE('',#542,#545,#135,.T.);
#434=EDGE_CURVE('',#545,#546,#27,.T.);
#435=EDGE_CURVE('',#543,#546,#136,.T.);
#436=EDGE_CURVE('',#547,#547,#621,.T.);
#437=EDGE_CURVE('',#548,#548,#622,.T.);
#438=EDGE_CURVE('',#539,#549,#28,.T.);
#439=EDGE_CURVE('',#549,#546,#623,.T.);
#440=EDGE_CURVE('',#545,#538,#624,.T.);
#441=EDGE_CURVE('',#550,#550,#625,.T.);
#442=EDGE_CURVE('',#549,#544,#137,.T.);
#443=EDGE_CURVE('',#551,#551,#626,.T.);
#444=EDGE_CURVE('',#552,#552,#627,.F.);
#445=EDGE_CURVE('',#553,#553,#628,.T.);
#446=EDGE_CURVE('',#554,#554,#629,.F.);
#447=EDGE_CURVE('',#555,#556,#138,.T.);
#448=EDGE_CURVE('',#556,#557,#139,.T.);
#449=EDGE_CURVE('',#557,#558,#140,.T.);
#450=EDGE_CURVE('',#559,#558,#630,.T.);
#451=EDGE_CURVE('',#559,#560,#141,.T.);
#452=EDGE_CURVE('',#561,#560,#10,.T.);
#453=EDGE_CURVE('',#561,#562,#142,.T.);
#454=EDGE_CURVE('',#562,#555,#143,.T.);
#455=EDGE_CURVE('',#563,#561,#11,.F.);
#456=EDGE_CURVE('',#563,#562,#144,.T.);
#457=EDGE_CURVE('',#564,#563,#145,.T.);
#458=EDGE_CURVE('',#564,#565,#146,.T.);
#459=EDGE_CURVE('',#566,#565,#147,.T.);
#460=EDGE_CURVE('',#566,#558,#148,.T.);
#461=EDGE_CURVE('',#557,#567,#149,.T.);
#462=EDGE_CURVE('',#568,#567,#150,.T.);
#463=EDGE_CURVE('',#568,#569,#151,.T.);
#464=EDGE_CURVE('',#570,#569,#152,.T.);
#465=EDGE_CURVE('',#570,#555,#153,.T.);
#466=EDGE_CURVE('',#569,#571,#631,.T.);
#467=EDGE_CURVE('',#571,#570,#154,.T.);
#468=EDGE_CURVE('',#572,#572,#632,.T.);
#469=EDGE_CURVE('',#573,#573,#633,.F.);
#470=EDGE_CURVE('',#574,#574,#634,.F.);
#471=EDGE_CURVE('',#575,#576,#33,.T.);
#472=EDGE_CURVE('',#577,#575,#34,.T.);
#473=EDGE_CURVE('',#578,#577,#35,.T.);
#474=EDGE_CURVE('',#579,#578,#36,.T.);
#475=EDGE_CURVE('',#580,#579,#37,.T.);
#476=EDGE_CURVE('',#576,#580,#38,.T.);
#477=EDGE_CURVE('',#581,#575,#39,.T.);
#478=EDGE_CURVE('',#581,#582,#40,.T.);
#479=EDGE_CURVE('',#582,#577,#41,.T.);
#480=EDGE_CURVE('',#583,#576,#42,.T.);
#481=EDGE_CURVE('',#583,#581,#43,.T.);
#482=EDGE_CURVE('',#584,#580,#44,.T.);
#483=EDGE_CURVE('',#584,#583,#45,.T.);
#484=EDGE_CURVE('',#585,#579,#46,.T.);
#485=EDGE_CURVE('',#585,#584,#47,.T.);
#486=EDGE_CURVE('',#586,#578,#48,.T.);
#487=EDGE_CURVE('',#586,#585,#49,.T.);
#488=EDGE_CURVE('',#582,#586,#50,.T.);
#489=EDGE_CURVE('',#587,#587,#635,.F.);
#490=EDGE_CURVE('',#567,#588,#155,.T.);
#491=EDGE_CURVE('',#588,#589,#156,.T.);
#492=EDGE_CURVE('',#589,#568,#636,.F.);
#493=EDGE_CURVE('',#565,#590,#157,.T.);
#494=EDGE_CURVE('',#590,#591,#158,.T.);
#495=EDGE_CURVE('',#591,#566,#637,.T.);
#496=EDGE_CURVE('',#559,#591,#159,.T.);
#497=EDGE_CURVE('',#571,#589,#160,.T.);
#498=EDGE_CURVE('',#588,#556,#161,.T.);
#499=EDGE_CURVE('',#592,#560,#638,.F.);
#500=EDGE_CURVE('',#592,#564,#162,.T.);
#501=EDGE_CURVE('',#590,#592,#163,.T.);
#502=EDGE_CURVE('',#593,#593,#639,.F.);
#503=EDGE_CURVE('',#594,#595,#12,.F.);
#504=EDGE_CURVE('',#595,#596,#13,.F.);
#505=EDGE_CURVE('',#596,#597,#14,.F.);
#506=EDGE_CURVE('',#597,#598,#15,.F.);
#507=EDGE_CURVE('',#598,#599,#16,.F.);
#508=EDGE_CURVE('',#599,#594,#17,.F.);
#509=EDGE_CURVE('',#584,#597,#51,.T.);
#510=EDGE_CURVE('',#598,#585,#52,.F.);
#511=EDGE_CURVE('',#599,#586,#53,.F.);
#512=EDGE_CURVE('',#583,#596,#54,.T.);
#513=EDGE_CURVE('',#594,#582,#55,.F.);
#514=EDGE_CURVE('',#581,#595,#56,.F.);
#515=VERTEX_POINT('',#1271);
#516=VERTEX_POINT('',#1272);
#517=VERTEX_POINT('',#1404);
#518=VERTEX_POINT('',#1406);
#519=VERTEX_POINT('',#2945);
#520=VERTEX_POINT('',#2957);
#521=VERTEX_POINT('',#3221);
#522=VERTEX_POINT('',#3222);
#523=VERTEX_POINT('',#4591);
#524=VERTEX_POINT('',#4593);
#525=VERTEX_POINT('',#4596);
#526=VERTEX_POINT('',#4598);
#527=VERTEX_POINT('',#4601);
#528=VERTEX_POINT('',#4603);
#529=VERTEX_POINT('',#4606);
#530=VERTEX_POINT('',#4608);
#531=VERTEX_POINT('',#4612);
#532=VERTEX_POINT('',#4614);
#533=VERTEX_POINT('',#4618);
#534=VERTEX_POINT('',#4620);
#535=VERTEX_POINT('',#4623);
#536=VERTEX_POINT('',#4626);
#537=VERTEX_POINT('',#4628);
#538=VERTEX_POINT('',#4638);
#539=VERTEX_POINT('',#4639);
#540=VERTEX_POINT('',#4641);
#541=VERTEX_POINT('',#4643);
#542=VERTEX_POINT('',#4647);
#543=VERTEX_POINT('',#4805);
#544=VERTEX_POINT('',#4807);
#545=VERTEX_POINT('',#5278);
#546=VERTEX_POINT('',#5436);
#547=VERTEX_POINT('',#5450);
#548=VERTEX_POINT('',#5452);
#549=VERTEX_POINT('',#5611);
#550=VERTEX_POINT('',#5616);
#551=VERTEX_POINT('',#5910);
#552=VERTEX_POINT('',#5913);
#553=VERTEX_POINT('',#5916);
#554=VERTEX_POINT('',#5918);
#555=VERTEX_POINT('',#5924);
#556=VERTEX_POINT('',#5925);
#557=VERTEX_POINT('',#5930);
#558=VERTEX_POINT('',#6063);
#559=VERTEX_POINT('',#6065);
#560=VERTEX_POINT('',#6070);
#561=VERTEX_POINT('',#6072);
#562=VERTEX_POINT('',#6077);
#563=VERTEX_POINT('',#6212);
#564=VERTEX_POINT('',#8307);
#565=VERTEX_POINT('',#8319);
#566=VERTEX_POINT('',#8327);
#567=VERTEX_POINT('',#8345);
#568=VERTEX_POINT('',#8353);
#569=VERTEX_POINT('',#8359);
#570=VERTEX_POINT('',#8371);
#571=VERTEX_POINT('',#8379);
#572=VERTEX_POINT('',#8386);
#573=VERTEX_POINT('',#8388);
#574=VERTEX_POINT('',#8391);
#575=VERTEX_POINT('',#8393);
#576=VERTEX_POINT('',#8394);
#577=VERTEX_POINT('',#8396);
#578=VERTEX_POINT('',#8398);
#579=VERTEX_POINT('',#8400);
#580=VERTEX_POINT('',#8402);
#581=VERTEX_POINT('',#8406);
#582=VERTEX_POINT('',#8408);
#583=VERTEX_POINT('',#8412);
#584=VERTEX_POINT('',#8416);
#585=VERTEX_POINT('',#8420);
#586=VERTEX_POINT('',#8424);
#587=VERTEX_POINT('',#8430);
#588=VERTEX_POINT('',#8435);
#589=VERTEX_POINT('',#8441);
#590=VERTEX_POINT('',#8448);
#591=VERTEX_POINT('',#8456);
#592=VERTEX_POINT('',#8584);
#593=VERTEX_POINT('',#8644);
#594=VERTEX_POINT('',#8646);
#595=VERTEX_POINT('',#8647);
#596=VERTEX_POINT('',#8649);
#597=VERTEX_POINT('',#8651);
#598=VERTEX_POINT('',#8653);
#599=VERTEX_POINT('',#8655);
#600=CIRCLE('',#933,0.00807);
#601=CIRCLE('',#934,0.00807);
#602=CIRCLE('',#936,0.00707);
#603=CIRCLE('',#937,0.00707);
#604=CIRCLE('',#939,0.015);
#605=CIRCLE('',#940,0.015);
#606=CIRCLE('',#942,0.0040375);
#607=CIRCLE('',#943,0.0040375);
#608=CIRCLE('',#945,0.00914362448537956);
#609=CIRCLE('',#946,0.0146);
#610=CIRCLE('',#948,0.0050375);
#611=CIRCLE('',#949,0.00602641434603403);
#612=CIRCLE('',#952,0.02);
#613=CIRCLE('',#953,0.02);
#614=CIRCLE('',#956,0.0095);
#615=CIRCLE('',#957,0.0095);
#616=CIRCLE('',#959,0.0091);
#617=CIRCLE('',#961,0.0182426406871193);
#618=CIRCLE('',#962,0.0112573593128807);
#619=CIRCLE('',#972,0.008);
#620=CIRCLE('',#973,0.008);
#621=CIRCLE('',#975,0.0040375);
#622=CIRCLE('',#976,0.006);
#623=CIRCLE('',#978,0.007);
#624=CIRCLE('',#979,0.007);
#625=CIRCLE('',#981,0.0040375);
#626=CIRCLE('',#984,0.00875);
#627=CIRCLE('',#986,0.0018);
#628=CIRCLE('',#988,0.0018);
#629=CIRCLE('',#989,0.0018);
#630=CIRCLE('',#991,0.00815);
#631=CIRCLE('',#996,0.00815);
#632=CIRCLE('',#998,0.0143);
#633=CIRCLE('',#999,0.0143);
#634=CIRCLE('',#1001,0.0133);
#635=CIRCLE('',#1009,0.00875);
#636=CIRCLE('',#1010,0.00875);
#637=CIRCLE('',#1012,0.00875);
#638=CIRCLE('',#1016,0.0018);
#639=CIRCLE('',#1018,0.002);
#640=EDGE_LOOP('',(#164,#165,#166,#167));
#641=EDGE_LOOP('',(#168,#169,#170,#171));
#642=EDGE_LOOP('',(#172,#173,#174,#175));
#643=EDGE_LOOP('',(#176,#177,#178,#179));
#644=EDGE_LOOP('',(#180));
#645=EDGE_LOOP('',(#181));
#646=EDGE_LOOP('',(#182));
#647=EDGE_LOOP('',(#183));
#648=EDGE_LOOP('',(#184));
#649=EDGE_LOOP('',(#185));
#650=EDGE_LOOP('',(#186));
#651=EDGE_LOOP('',(#187));
#652=EDGE_LOOP('',(#188,#189,#190,#191));
#653=EDGE_LOOP('',(#192));
#654=EDGE_LOOP('',(#193));
#655=EDGE_LOOP('',(#194));
#656=EDGE_LOOP('',(#195));
#657=EDGE_LOOP('',(#196));
#658=EDGE_LOOP('',(#197));
#659=EDGE_LOOP('',(#198));
#660=EDGE_LOOP('',(#199));
#661=EDGE_LOOP('',(#200));
#662=EDGE_LOOP('',(#201));
#663=EDGE_LOOP('',(#202));
#664=EDGE_LOOP('',(#203));
#665=EDGE_LOOP('',(#204));
#666=EDGE_LOOP('',(#205));
#667=EDGE_LOOP('',(#206));
#668=EDGE_LOOP('',(#207));
#669=EDGE_LOOP('',(#208));
#670=EDGE_LOOP('',(#209));
#671=EDGE_LOOP('',(#210));
#672=EDGE_LOOP('',(#211,#212,#213,#214));
#673=EDGE_LOOP('',(#215));
#674=EDGE_LOOP('',(#216));
#675=EDGE_LOOP('',(#217));
#676=EDGE_LOOP('',(#218,#219,#220,#221));
#677=EDGE_LOOP('',(#222,#223,#224,#225,#226));
#678=EDGE_LOOP('',(#227,#228,#229,#230));
#679=EDGE_LOOP('',(#231));
#680=EDGE_LOOP('',(#232));
#681=EDGE_LOOP('',(#233,#234,#235,#236,#237));
#682=EDGE_LOOP('',(#238));
#683=EDGE_LOOP('',(#239));
#684=EDGE_LOOP('',(#240,#241,#242,#243));
#685=EDGE_LOOP('',(#244,#245,#246,#247));
#686=EDGE_LOOP('',(#248));
#687=EDGE_LOOP('',(#249));
#688=EDGE_LOOP('',(#250,#251,#252,#253));
#689=EDGE_LOOP('',(#254));
#690=EDGE_LOOP('',(#255));
#691=EDGE_LOOP('',(#256));
#692=EDGE_LOOP('',(#257));
#693=EDGE_LOOP('',(#258,#259,#260,#261,#262,#263,#264,#265));
#694=EDGE_LOOP('',(#266,#267,#268));
#695=EDGE_LOOP('',(#269,#270,#271,#272,#273,#274,#275,#276,#277,#278,#279,#280));
#696=EDGE_LOOP('',(#281,#282,#283));
#697=EDGE_LOOP('',(#284));
#698=EDGE_LOOP('',(#285));
#699=EDGE_LOOP('',(#286));
#700=EDGE_LOOP('',(#287,#288,#289,#290,#291,#292));
#701=EDGE_LOOP('',(#293,#294,#295,#296));
#702=EDGE_LOOP('',(#297,#298,#299,#300));
#703=EDGE_LOOP('',(#301,#302,#303,#304));
#704=EDGE_LOOP('',(#305,#306,#307,#308));
#705=EDGE_LOOP('',(#309,#310,#311,#312));
#706=EDGE_LOOP('',(#313,#314,#315,#316));
#707=EDGE_LOOP('',(#317));
#708=EDGE_LOOP('',(#318,#319,#320,#321));
#709=EDGE_LOOP('',(#322,#323,#324,#325));
#710=EDGE_LOOP('',(#326));
#711=EDGE_LOOP('',(#327,#328,#329,#330));
#712=EDGE_LOOP('',(#331,#332,#333,#334));
#713=EDGE_LOOP('',(#335));
#714=EDGE_LOOP('',(#336,#337,#338,#339,#340,#341));
#715=EDGE_LOOP('',(#342,#343,#344,#345,#346));
#716=EDGE_LOOP('',(#347));
#717=EDGE_LOOP('',(#348,#349,#350,#351,#352));
#718=EDGE_LOOP('',(#353));
#719=EDGE_LOOP('',(#354,#355,#356,#357,#358,#359));
#720=EDGE_LOOP('',(#360));
#721=EDGE_LOOP('',(#361));
#722=EDGE_LOOP('',(#362));
#723=EDGE_LOOP('',(#363));
#724=EDGE_LOOP('',(#364,#365,#366,#367));
#725=EDGE_LOOP('',(#368,#369,#370,#371));
#726=EDGE_LOOP('',(#372,#373,#374,#375));
#727=EDGE_LOOP('',(#376,#377,#378,#379));
#728=EDGE_LOOP('',(#380,#381,#382,#383));
#729=EDGE_LOOP('',(#384,#385,#386,#387));
#730=EDGE_LOOP('',(#388));
#731=EDGE_LOOP('',(#389));
#732=EDGE_LOOP('',(#390,#391,#392,#393));
#733=EDGE_LOOP('',(#394,#395,#396,#397));
#734=FACE_BOUND('',#640,.T.);
#735=FACE_BOUND('',#641,.T.);
#736=FACE_BOUND('',#642,.T.);
#737=FACE_BOUND('',#643,.T.);
#738=FACE_BOUND('',#644,.T.);
#739=FACE_BOUND('',#645,.T.);
#740=FACE_BOUND('',#646,.T.);
#741=FACE_BOUND('',#647,.T.);
#742=FACE_BOUND('',#648,.T.);
#743=FACE_BOUND('',#649,.T.);
#744=FACE_BOUND('',#650,.T.);
#745=FACE_BOUND('',#651,.T.);
#746=FACE_BOUND('',#652,.T.);
#747=FACE_BOUND('',#653,.T.);
#748=FACE_BOUND('',#654,.T.);
#749=FACE_BOUND('',#655,.T.);
#750=FACE_BOUND('',#656,.T.);
#751=FACE_BOUND('',#657,.T.);
#752=FACE_BOUND('',#658,.T.);
#753=FACE_BOUND('',#659,.T.);
#754=FACE_BOUND('',#660,.T.);
#755=FACE_BOUND('',#661,.T.);
#756=FACE_BOUND('',#662,.T.);
#757=FACE_BOUND('',#663,.T.);
#758=FACE_BOUND('',#664,.T.);
#759=FACE_BOUND('',#665,.T.);
#760=FACE_BOUND('',#666,.T.);
#761=FACE_BOUND('',#667,.T.);
#762=FACE_BOUND('',#668,.T.);
#763=FACE_BOUND('',#669,.T.);
#764=FACE_BOUND('',#670,.T.);
#765=FACE_BOUND('',#671,.T.);
#766=FACE_BOUND('',#672,.T.);
#767=FACE_BOUND('',#673,.T.);
#768=FACE_BOUND('',#674,.T.);
#769=FACE_BOUND('',#675,.T.);
#770=FACE_BOUND('',#676,.T.);
#771=FACE_BOUND('',#677,.T.);
#772=FACE_BOUND('',#678,.T.);
#773=FACE_BOUND('',#679,.T.);
#774=FACE_BOUND('',#680,.T.);
#775=FACE_BOUND('',#681,.T.);
#776=FACE_BOUND('',#682,.T.);
#777=FACE_BOUND('',#683,.T.);
#778=FACE_BOUND('',#684,.T.);
#779=FACE_BOUND('',#685,.T.);
#780=FACE_BOUND('',#686,.T.);
#781=FACE_BOUND('',#687,.T.);
#782=FACE_BOUND('',#688,.T.);
#783=FACE_BOUND('',#689,.T.);
#784=FACE_BOUND('',#690,.T.);
#785=FACE_BOUND('',#691,.T.);
#786=FACE_BOUND('',#692,.T.);
#787=FACE_BOUND('',#693,.T.);
#788=FACE_BOUND('',#694,.T.);
#789=FACE_BOUND('',#695,.T.);
#790=FACE_BOUND('',#696,.T.);
#791=FACE_BOUND('',#697,.T.);
#792=FACE_BOUND('',#698,.T.);
#793=FACE_BOUND('',#699,.T.);
#794=FACE_BOUND('',#700,.T.);
#795=FACE_BOUND('',#701,.T.);
#796=FACE_BOUND('',#702,.T.);
#797=FACE_BOUND('',#703,.T.);
#798=FACE_BOUND('',#704,.T.);
#799=FACE_BOUND('',#705,.T.);
#800=FACE_BOUND('',#706,.T.);
#801=FACE_BOUND('',#707,.T.);
#802=FACE_BOUND('',#708,.T.);
#803=FACE_BOUND('',#709,.T.);
#804=FACE_BOUND('',#710,.T.);
#805=FACE_BOUND('',#711,.T.);
#806=FACE_BOUND('',#712,.T.);
#807=FACE_BOUND('',#713,.T.);
#808=FACE_BOUND('',#714,.T.);
#809=FACE_BOUND('',#715,.T.);
#810=FACE_BOUND('',#716,.T.);
#811=FACE_BOUND('',#717,.T.);
#812=FACE_BOUND('',#718,.T.);
#813=FACE_BOUND('',#719,.T.);
#814=FACE_BOUND('',#720,.T.);
#815=FACE_BOUND('',#721,.T.);
#816=FACE_BOUND('',#722,.T.);
#817=FACE_BOUND('',#723,.T.);
#818=FACE_BOUND('',#724,.T.);
#819=FACE_BOUND('',#725,.T.);
#820=FACE_BOUND('',#726,.T.);
#821=FACE_BOUND('',#727,.T.);
#822=FACE_BOUND('',#728,.T.);
#823=FACE_BOUND('',#729,.T.);
#824=FACE_BOUND('',#730,.T.);
#825=FACE_BOUND('',#731,.T.);
#826=FACE_BOUND('',#732,.T.);
#827=FACE_BOUND('',#733,.T.);
#828=CYLINDRICAL_SURFACE('',#932,0.00807);
#829=CYLINDRICAL_SURFACE('',#935,0.00707);
#830=CYLINDRICAL_SURFACE('',#938,0.015);
#831=CYLINDRICAL_SURFACE('',#941,0.0040375);
#832=CYLINDRICAL_SURFACE('',#951,0.02);
#833=CYLINDRICAL_SURFACE('',#955,0.0095);
#834=CYLINDRICAL_SURFACE('',#971,0.008);
#835=CYLINDRICAL_SURFACE('',#977,0.007);
#836=CYLINDRICAL_SURFACE('',#980,0.0040375);
#837=CYLINDRICAL_SURFACE('',#987,0.0018);
#838=CYLINDRICAL_SURFACE('',#990,0.00815);
#839=CYLINDRICAL_SURFACE('',#993,0.00150000489644714);
#840=CYLINDRICAL_SURFACE('',#995,0.00815);
#841=CYLINDRICAL_SURFACE('',#997,0.0143);
#842=CYLINDRICAL_SURFACE('',#1008,0.00875);
#843=CYLINDRICAL_SURFACE('',#1011,0.00875);
#844=CYLINDRICAL_SURFACE('',#1017,0.002);
#845=ADVANCED_FACE('',(#734),#828,.F.);
#846=ADVANCED_FACE('',(#735),#125,.F.);
#847=ADVANCED_FACE('',(#736),#829,.F.);
#848=ADVANCED_FACE('',(#737),#126,.F.);
#849=ADVANCED_FACE('',(#738,#739),#830,.T.);
#850=ADVANCED_FACE('',(#740,#741),#831,.F.);
#851=ADVANCED_FACE('',(#742,#743),#103,.F.);
#852=ADVANCED_FACE('',(#744,#745),#104,.F.);
#853=ADVANCED_FACE('',(#746,#747),#91,.F.);
#854=ADVANCED_FACE('',(#748,#749),#832,.T.);
#855=ADVANCED_FACE('',(#750,#751),#105,.F.);
#856=ADVANCED_FACE('',(#752,#753),#833,.T.);
#857=ADVANCED_FACE('',(#754,#755),#106,.T.);
#858=ADVANCED_FACE('',(#756,#757),#92,.T.);
#859=ADVANCED_FACE('',(#758,#759),#89,.T.);
#860=ADVANCED_FACE('',(#760,#761),#90,.F.);
#861=ADVANCED_FACE('',(#762,#763),#93,.T.);
#862=ADVANCED_FACE('',(#764,#765),#94,.T.);
#863=ADVANCED_FACE('',(#766,#767),#95,.F.);
#864=ADVANCED_FACE('',(#768,#769),#96,.F.);
#865=ADVANCED_FACE('',(#770),#107,.T.);
#866=ADVANCED_FACE('',(#771),#834,.T.);
#867=ADVANCED_FACE('',(#772),#18,.T.);
#868=ADVANCED_FACE('',(#773,#774),#108,.T.);
#869=ADVANCED_FACE('',(#775),#835,.T.);
#870=ADVANCED_FACE('',(#776,#777),#836,.F.);
#871=ADVANCED_FACE('',(#778),#19,.T.);
#872=ADVANCED_FACE('',(#779,#780),#97,.T.);
#873=ADVANCED_FACE('',(#781,#782),#109,.T.);
#874=ADVANCED_FACE('',(#783,#784),#110,.T.);
#875=ADVANCED_FACE('',(#785,#786),#837,.F.);
#876=ADVANCED_FACE('',(#787),#838,.T.);
#877=ADVANCED_FACE('',(#788),#839,.F.);
#878=ADVANCED_FACE('',(#789),#20,.F.);
#879=ADVANCED_FACE('',(#790),#840,.T.);
#880=ADVANCED_FACE('',(#791,#792),#841,.T.);
#881=ADVANCED_FACE('',(#793,#794),#111,.F.);
#882=ADVANCED_FACE('',(#795),#112,.F.);
#883=ADVANCED_FACE('',(#796),#113,.F.);
#884=ADVANCED_FACE('',(#797),#114,.F.);
#885=ADVANCED_FACE('',(#798),#115,.F.);
#886=ADVANCED_FACE('',(#799),#116,.F.);
#887=ADVANCED_FACE('',(#800),#117,.F.);
#888=ADVANCED_FACE('',(#801,#802),#842,.T.);
#889=ADVANCED_FACE('',(#803,#804),#843,.T.);
#890=ADVANCED_FACE('',(#805),#98,.T.);
#891=ADVANCED_FACE('',(#806),#99,.T.);
#892=ADVANCED_FACE('',(#807,#808),#21,.F.);
#893=ADVANCED_FACE('',(#809),#118,.T.);
#894=ADVANCED_FACE('',(#810,#811),#22,.F.);
#895=ADVANCED_FACE('',(#812,#813),#844,.F.);
#896=ADVANCED_FACE('',(#814,#815),#100,.T.);
#897=ADVANCED_FACE('',(#816,#817),#101,.T.);
#898=ADVANCED_FACE('',(#818),#119,.F.);
#899=ADVANCED_FACE('',(#819),#120,.F.);
#900=ADVANCED_FACE('',(#820),#121,.F.);
#901=ADVANCED_FACE('',(#821),#122,.F.);
#902=ADVANCED_FACE('',(#822),#123,.F.);
#903=ADVANCED_FACE('',(#823),#124,.F.);
#904=ADVANCED_FACE('',(#824,#825),#102,.F.);
#905=ADVANCED_FACE('',(#826),#23,.T.);
#906=ADVANCED_FACE('',(#827),#24,.T.);
#907=CLOSED_SHELL('',(#845,#846,#847,#848,#849,#850,#851,#852,#853,#854,#855,#856,#857,#858,#859,#860,#861,#862,#863,#864));
#908=CLOSED_SHELL('',(#865,#866,#867,#868,#869,#870,#871,#872,#873,#874,#875,#876,#877,#878,#879,#880,#881,#882,#883,#884,#885,#886,#887,#888,#889,#890,#891,#892,#893,#894,#895,#896,#897,#898,#899,#900,#901,#902,#903,#904,#905,#906));
#909=STYLED_ITEM('',(#911),#925);
#910=STYLED_ITEM('',(#912),#926);
#911=PRESENTATION_STYLE_ASSIGNMENT((#913));
#912=PRESENTATION_STYLE_ASSIGNMENT((#914));
#913=SURFACE_STYLE_USAGE(.BOTH.,#915);
#914=SURFACE_STYLE_USAGE(.BOTH.,#916);
#915=SURFACE_SIDE_STYLE('',(#917));
#916=SURFACE_SIDE_STYLE('',(#918));
#917=SURFACE_STYLE_FILL_AREA(#919);
#918=SURFACE_STYLE_FILL_AREA(#920);
#919=FILL_AREA_STYLE('',(#921));
#920=FILL_AREA_STYLE('',(#922));
#921=FILL_AREA_STYLE_COLOUR('',#923);
#922=FILL_AREA_STYLE_COLOUR('',#924);
#923=COLOUR_RGB('',0.231372549019608,0.380392156862745,0.705882352941177);
#924=COLOUR_RGB('',0.647058823529412,0.647058823529412,0.647058823529412);
#925=MANIFOLD_SOLID_BREP('Top',#907);
#926=MANIFOLD_SOLID_BREP('Bottom',#908);
#927=SHAPE_DEFINITION_REPRESENTATION(#8765,#929);
#928=SHAPE_DEFINITION_REPRESENTATION(#8766,#930);
#929=SHAPE_REPRESENTATION('Top',(#931),#8755);
#930=SHAPE_REPRESENTATION('Bottom',(#969),#8756);
#931=AXIS2_PLACEMENT_3D('',#1268,#1034,#1035);
#932=AXIS2_PLACEMENT_3D('',#1269,#1036,#1037);
#933=AXIS2_PLACEMENT_3D('',#1270,#1038,#1039);
#934=AXIS2_PLACEMENT_3D('',#1405,#1040,#1041);
#935=AXIS2_PLACEMENT_3D('',#3089,#1042,#1043);
#936=AXIS2_PLACEMENT_3D('',#3223,#1044,#1045);
#937=AXIS2_PLACEMENT_3D('',#3224,#1046,#1047);
#938=AXIS2_PLACEMENT_3D('',#4589,#1048,#1049);
#939=AXIS2_PLACEMENT_3D('',#4590,#1050,#1051);
#940=AXIS2_PLACEMENT_3D('',#4592,#1052,#1053);
#941=AXIS2_PLACEMENT_3D('',#4594,#1054,#1055);
#942=AXIS2_PLACEMENT_3D('',#4595,#1056,#1057);
#943=AXIS2_PLACEMENT_3D('',#4597,#1058,#1059);
#944=AXIS2_PLACEMENT_3D('',#4599,#1060,#1061);
#945=AXIS2_PLACEMENT_3D('',#4600,#1062,#1063);
#946=AXIS2_PLACEMENT_3D('',#4602,#1064,#1065);
#947=AXIS2_PLACEMENT_3D('',#4604,#1066,#1067);
#948=AXIS2_PLACEMENT_3D('',#4605,#1068,#1069);
#949=AXIS2_PLACEMENT_3D('',#4607,#1070,#1071);
#950=AXIS2_PLACEMENT_3D('',#4609,#1072,#1073);
#951=AXIS2_PLACEMENT_3D('',#4610,#1074,#1075);
#952=AXIS2_PLACEMENT_3D('',#4611,#1076,#1077);
#953=AXIS2_PLACEMENT_3D('',#4613,#1078,#1079);
#954=AXIS2_PLACEMENT_3D('',#4615,#1080,#1081);
#955=AXIS2_PLACEMENT_3D('',#4616,#1082,#1083);
#956=AXIS2_PLACEMENT_3D('',#4617,#1084,#1085);
#957=AXIS2_PLACEMENT_3D('',#4619,#1086,#1087);
#958=AXIS2_PLACEMENT_3D('',#4621,#1088,#1089);
#959=AXIS2_PLACEMENT_3D('',#4622,#1090,#1091);
#960=AXIS2_PLACEMENT_3D('',#4624,#1092,#1093);
#961=AXIS2_PLACEMENT_3D('',#4625,#1094,#1095);
#962=AXIS2_PLACEMENT_3D('',#4627,#1096,#1097);
#963=AXIS2_PLACEMENT_3D('',#4629,#1098,#1099);
#964=AXIS2_PLACEMENT_3D('',#4630,#1100,#1101);
#965=AXIS2_PLACEMENT_3D('',#4631,#1102,#1103);
#966=AXIS2_PLACEMENT_3D('',#4632,#1104,#1105);
#967=AXIS2_PLACEMENT_3D('',#4633,#1106,#1107);
#968=AXIS2_PLACEMENT_3D('',#4634,#1108,#1109);
#969=AXIS2_PLACEMENT_3D('',#4635,#1110,#1111);
#970=AXIS2_PLACEMENT_3D('',#4636,#1112,#1113);
#971=AXIS2_PLACEMENT_3D('',#4645,#1118,#1119);
#972=AXIS2_PLACEMENT_3D('',#4646,#1120,#1121);
#973=AXIS2_PLACEMENT_3D('',#4806,#1122,#1123);
#974=AXIS2_PLACEMENT_3D('',#5448,#1124,#1125);
#975=AXIS2_PLACEMENT_3D('',#5449,#1126,#1127);
#976=AXIS2_PLACEMENT_3D('',#5451,#1128,#1129);
#977=AXIS2_PLACEMENT_3D('',#5453,#1130,#1131);
#978=AXIS2_PLACEMENT_3D('',#5612,#1132,#1133);
#979=AXIS2_PLACEMENT_3D('',#5613,#1134,#1135);
#980=AXIS2_PLACEMENT_3D('',#5614,#1136,#1137);
#981=AXIS2_PLACEMENT_3D('',#5615,#1138,#1139);
#982=AXIS2_PLACEMENT_3D('',#5907,#1140,#1141);
#983=AXIS2_PLACEMENT_3D('',#5908,#1142,#1143);
#984=AXIS2_PLACEMENT_3D('',#5909,#1144,#1145);
#985=AXIS2_PLACEMENT_3D('',#5911,#1146,#1147);
#986=AXIS2_PLACEMENT_3D('',#5912,#1148,#1149);
#987=AXIS2_PLACEMENT_3D('',#5914,#1150,#1151);
#988=AXIS2_PLACEMENT_3D('',#5915,#1152,#1153);
#989=AXIS2_PLACEMENT_3D('',#5917,#1154,#1155);
#990=AXIS2_PLACEMENT_3D('',#5919,#1156,#1157);
#991=AXIS2_PLACEMENT_3D('',#6064,#1158,#1159);
#992=AXIS2_PLACEMENT_3D('',#6071,#1160,#1161);
#993=AXIS2_PLACEMENT_3D('',#6210,#1162,#1163);
#994=AXIS2_PLACEMENT_3D('',#6211,#1164,#1165);
#995=AXIS2_PLACEMENT_3D('',#8377,#1166,#1167);
#996=AXIS2_PLACEMENT_3D('',#8378,#1168,#1169);
#997=AXIS2_PLACEMENT_3D('',#8384,#1170,#1171);
#998=AXIS2_PLACEMENT_3D('',#8385,#1172,#1173);
#999=AXIS2_PLACEMENT_3D('',#8387,#1174,#1175);
#1000=AXIS2_PLACEMENT_3D('',#8389,#1176,#1177);
#1001=AXIS2_PLACEMENT_3D('',#8390,#1178,#1179);
#1002=AXIS2_PLACEMENT_3D('',#8404,#1186,#1187);
#1003=AXIS2_PLACEMENT_3D('',#8410,#1191,#1192);
#1004=AXIS2_PLACEMENT_3D('',#8414,#1195,#1196);
#1005=AXIS2_PLACEMENT_3D('',#8418,#1199,#1200);
#1006=AXIS2_PLACEMENT_3D('',#8422,#1203,#1204);
#1007=AXIS2_PLACEMENT_3D('',#8426,#1207,#1208);
#1008=AXIS2_PLACEMENT_3D('',#8428,#1210,#1211);
#1009=AXIS2_PLACEMENT_3D('',#8429,#1212,#1213);
#1010=AXIS2_PLACEMENT_3D('',#8442,#1214,#1215);
#1011=AXIS2_PLACEMENT_3D('',#8443,#1216,#1217);
#1012=AXIS2_PLACEMENT_3D('',#8457,#1218,#1219);
#1013=AXIS2_PLACEMENT_3D('',#8458,#1220,#1221);
#1014=AXIS2_PLACEMENT_3D('',#8463,#1222,#1223);
#1015=AXIS2_PLACEMENT_3D('',#8582,#1224,#1225);
#1016=AXIS2_PLACEMENT_3D('',#8583,#1226,#1227);
#1017=AXIS2_PLACEMENT_3D('',#8642,#1228,#1229);
#1018=AXIS2_PLACEMENT_3D('',#8643,#1230,#1231);
#1019=AXIS2_PLACEMENT_3D('',#8645,#1232,#1233);
#1020=AXIS2_PLACEMENT_3D('',#8648,#1234,#1235);
#1021=AXIS2_PLACEMENT_3D('',#8650,#1236,#1237);
#1022=AXIS2_PLACEMENT_3D('',#8652,#1238,#1239);
#1023=AXIS2_PLACEMENT_3D('',#8654,#1240,#1241);
#1024=AXIS2_PLACEMENT_3D('',#8656,#1242,#1243);
#1025=AXIS2_PLACEMENT_3D('',#8657,#1244,#1245);
#1026=AXIS2_PLACEMENT_3D('',#8658,#1246,#1247);
#1027=AXIS2_PLACEMENT_3D('',#8659,#1248,#1249);
#1028=AXIS2_PLACEMENT_3D('',#8662,#1252,#1253);
#1029=AXIS2_PLACEMENT_3D('',#8664,#1255,#1256);
#1030=AXIS2_PLACEMENT_3D('',#8666,#1258,#1259);
#1031=AXIS2_PLACEMENT_3D('',#8668,#1261,#1262);
#1032=AXIS2_PLACEMENT_3D('',#8670,#1264,#1265);
#1033=AXIS2_PLACEMENT_3D('',#8671,#1266,#1267);
#1034=DIRECTION('',(0.,0.,1.));
#1035=DIRECTION('',(1.,0.,0.));
#1036=DIRECTION('',(0.,0.,1.));
#1037=DIRECTION('',(1.,0.,0.));
#1038=DIRECTION('',(0.,0.,-1.));
#1039=DIRECTION('',(-1.,0.,0.));
#1040=DIRECTION('',(0.,0.,-1.));
#1041=DIRECTION('',(-1.,0.,0.));
#1042=DIRECTION('',(0.,0.,-1.));
#1043=DIRECTION('',(-1.,0.,0.));
#1044=DIRECTION('',(0.,0.,-1.));
#1045=DIRECTION('',(-1.,0.,0.));
#1046=DIRECTION('',(0.,0.,-1.));
#1047=DIRECTION('',(-1.,0.,0.));
#1048=DIRECTION('',(0.,0.,-1.));
#1049=DIRECTION('',(-1.,0.,0.));
#1050=DIRECTION('',(0.,0.,1.));
#1051=DIRECTION('',(1.,0.,0.));
#1052=DIRECTION('',(0.,0.,1.));
#1053=DIRECTION('',(1.,0.,0.));
#1054=DIRECTION('',(0.,0.,-1.));
#1055=DIRECTION('',(-1.,0.,0.));
#1056=DIRECTION('',(0.,0.,1.));
#1057=DIRECTION('',(1.,0.,0.));
#1058=DIRECTION('',(0.,0.,1.));
#1059=DIRECTION('',(1.,0.,0.));
#1060=DIRECTION('',(0.,0.,1.));
#1061=DIRECTION('',(1.,0.,0.));
#1062=DIRECTION('',(0.,0.,1.));
#1063=DIRECTION('',(1.,0.,0.));
#1064=DIRECTION('',(0.,0.,1.));
#1065=DIRECTION('',(1.,0.,0.));
#1066=DIRECTION('',(0.,0.,1.));
#1067=DIRECTION('',(1.,0.,0.));
#1068=DIRECTION('',(0.,0.,1.));
#1069=DIRECTION('',(1.,0.,0.));
#1070=DIRECTION('',(0.,0.,1.));
#1071=DIRECTION('',(1.,0.,0.));
#1072=DIRECTION('',(0.,0.,-1.));
#1073=DIRECTION('',(-1.,0.,0.));
#1074=DIRECTION('',(0.,0.,1.));
#1075=DIRECTION('',(1.,0.,0.));
#1076=DIRECTION('',(0.,0.,1.));
#1077=DIRECTION('',(1.,0.,0.));
#1078=DIRECTION('',(0.,0.,1.));
#1079=DIRECTION('',(1.,0.,0.));
#1080=DIRECTION('',(0.,0.,1.));
#1081=DIRECTION('',(1.,0.,0.));
#1082=DIRECTION('',(0.,0.,-1.));
#1083=DIRECTION('',(-1.,0.,0.));
#1084=DIRECTION('',(0.,0.,1.));
#1085=DIRECTION('',(1.,0.,0.));
#1086=DIRECTION('',(0.,0.,1.));
#1087=DIRECTION('',(1.,0.,0.));
#1088=DIRECTION('',(0.,0.,1.));
#1089=DIRECTION('',(1.,0.,0.));
#1090=DIRECTION('',(0.,0.,1.));
#1091=DIRECTION('',(1.,0.,0.));
#1092=DIRECTION('',(0.,0.,-1.));
#1093=DIRECTION('',(-1.,0.,0.));
#1094=DIRECTION('',(0.,0.,-1.));
#1095=DIRECTION('',(-1.,0.,0.));
#1096=DIRECTION('',(0.,0.,-1.));
#1097=DIRECTION('',(-1.,0.,0.));
#1098=DIRECTION('',(0.,0.,1.));
#1099=DIRECTION('',(1.,0.,0.));
#1100=DIRECTION('',(0.,0.,1.));
#1101=DIRECTION('',(1.,0.,0.));
#1102=DIRECTION('',(0.,0.,-1.));
#1103=DIRECTION('',(-1.,0.,0.));
#1104=DIRECTION('',(0.,0.,1.));
#1105=DIRECTION('',(1.,0.,0.));
#1106=DIRECTION('',(0.,0.,-1.));
#1107=DIRECTION('',(-1.,0.,0.));
#1108=DIRECTION('',(0.,0.,-1.));
#1109=DIRECTION('',(-1.,0.,0.));
#1110=DIRECTION('',(0.,0.,1.));
#1111=DIRECTION('',(1.,0.,0.));
#1112=DIRECTION('',(0.,-1.,0.));
#1113=DIRECTION('',(1.,0.,0.));
#1114=DIRECTION('',(0.,0.,1.));
#1115=DIRECTION('',(1.,0.,0.));
#1116=DIRECTION('',(0.,0.,-1.));
#1117=DIRECTION('',(-0.857492925712543,0.,0.514495755427529));
#1118=DIRECTION('',(0.,0.,1.));
#1119=DIRECTION('',(1.,0.,0.));
#1120=DIRECTION('',(0.,0.,-1.));
#1121=DIRECTION('',(-1.,0.,0.));
#1122=DIRECTION('',(0.,0.,-1.));
#1123=DIRECTION('',(-1.,0.,0.));
#1124=DIRECTION('',(0.,0.,1.));
#1125=DIRECTION('',(1.,0.,0.));
#1126=DIRECTION('',(0.,0.,1.));
#1127=DIRECTION('',(1.,0.,0.));
#1128=DIRECTION('',(0.,0.,1.));
#1129=DIRECTION('',(1.,0.,0.));
#1130=DIRECTION('',(0.,0.,-1.));
#1131=DIRECTION('',(-1.,0.,0.));
#1132=DIRECTION('',(0.,0.,-1.));
#1133=DIRECTION('',(-1.,0.,0.));
#1134=DIRECTION('',(0.,0.,1.));
#1135=DIRECTION('',(1.,0.,0.));
#1136=DIRECTION('',(0.,0.,-1.));
#1137=DIRECTION('',(-1.,0.,0.));
#1138=DIRECTION('',(0.,0.,1.));
#1139=DIRECTION('',(1.,0.,0.));
#1140=DIRECTION('',(0.,0.,-1.));
#1141=DIRECTION('',(-1.,0.,0.));
#1142=DIRECTION('',(0.,0.,1.));
#1143=DIRECTION('',(1.,0.,0.));
#1144=DIRECTION('',(0.,0.,1.));
#1145=DIRECTION('',(1.,0.,0.));
#1146=DIRECTION('',(0.,0.,1.));
#1147=DIRECTION('',(1.,0.,0.));
#1148=DIRECTION('',(0.,0.,1.));
#1149=DIRECTION('',(1.,0.,0.));
#1150=DIRECTION('',(0.,0.,1.));
#1151=DIRECTION('',(1.,0.,0.));
#1152=DIRECTION('',(0.,0.,-1.));
#1153=DIRECTION('',(-1.,0.,0.));
#1154=DIRECTION('',(0.,0.,-1.));
#1155=DIRECTION('',(-1.,0.,0.));
#1156=DIRECTION('',(0.,0.,-1.));
#1157=DIRECTION('',(-1.,0.,0.));
#1158=DIRECTION('',(0.,0.,1.));
#1159=DIRECTION('',(1.,0.,0.));
#1160=DIRECTION('',(-0.84194700244315,9.07565636959085E-15,0.539560233038903));
#1161=DIRECTION('',(-0.539560233038903,5.81611817792307E-15,-0.84194700244315));
#1162=DIRECTION('',(-0.841941496084739,1.10269998801192E-05,0.539568825127061));
#1163=DIRECTION('',(0.539568825159865,0.,0.841941496135927));
#1164=DIRECTION('',(-0.84194700244315,9.07565636959085E-15,0.539560233038903));
#1165=DIRECTION('',(0.366483125684351,0.733929545393577,0.571871962057073));
#1166=DIRECTION('',(0.,0.,-1.));
#1167=DIRECTION('',(-1.,0.,0.));
#1168=DIRECTION('',(0.,0.,1.));
#1169=DIRECTION('',(1.,0.,0.));
#1170=DIRECTION('',(0.,0.,-1.));
#1171=DIRECTION('',(-1.,0.,0.));
#1172=DIRECTION('',(0.,0.,1.));
#1173=DIRECTION('',(1.,0.,0.));
#1174=DIRECTION('',(0.,0.,1.));
#1175=DIRECTION('',(1.,0.,0.));
#1176=DIRECTION('',(0.,0.,1.));
#1177=DIRECTION('',(1.,0.,0.));
#1178=DIRECTION('',(0.,0.,1.));
#1179=DIRECTION('',(1.,0.,0.));
#1180=DIRECTION('',(1.,0.,0.));
#1181=DIRECTION('',(0.5,0.866025403784439,0.));
#1182=DIRECTION('',(-0.5,0.866025403784438,0.));
#1183=DIRECTION('',(-1.,0.,0.));
#1184=DIRECTION('',(-0.5,-0.866025403784439,0.));
#1185=DIRECTION('',(0.5,-0.866025403784439,0.));
#1186=DIRECTION('',(-0.866025403784439,0.5,0.));
#1187=DIRECTION('',(-0.5,-0.866025403784439,0.));
#1188=DIRECTION('',(0.,0.,-1.));
#1189=DIRECTION('',(-0.5,-0.866025403784439,0.));
#1190=DIRECTION('',(0.,0.,-1.));
#1191=DIRECTION('',(0.,1.,0.));
#1192=DIRECTION('',(0.,0.,1.));
#1193=DIRECTION('',(0.,0.,-1.));
#1194=DIRECTION('',(-1.,0.,0.));
#1195=DIRECTION('',(0.866025403784439,0.5,0.));
#1196=DIRECTION('',(-0.5,0.866025403784439,0.));
#1197=DIRECTION('',(0.,0.,-1.));
#1198=DIRECTION('',(-0.5,0.866025403784439,0.));
#1199=DIRECTION('',(0.866025403784439,-0.5,0.));
#1200=DIRECTION('',(0.5,0.866025403784439,0.));
#1201=DIRECTION('',(0.,0.,-1.));
#1202=DIRECTION('',(0.5,0.866025403784439,0.));
#1203=DIRECTION('',(0.,-1.,0.));
#1204=DIRECTION('',(0.,0.,-1.));
#1205=DIRECTION('',(0.,0.,-1.));
#1206=DIRECTION('',(1.,0.,0.));
#1207=DIRECTION('',(-0.866025403784439,-0.5,0.));
#1208=DIRECTION('',(0.5,-0.866025403784439,0.));
#1209=DIRECTION('',(0.5,-0.866025403784439,0.));
#1210=DIRECTION('',(0.,0.,-1.));
#1211=DIRECTION('',(-1.,0.,0.));
#1212=DIRECTION('',(0.,0.,-1.));
#1213=DIRECTION('',(-1.,0.,0.));
#1214=DIRECTION('',(0.,0.,1.));
#1215=DIRECTION('',(1.,0.,0.));
#1216=DIRECTION('',(0.,0.,-1.));
#1217=DIRECTION('',(-1.,0.,0.));
#1218=DIRECTION('',(0.,0.,1.));
#1219=DIRECTION('',(1.,0.,0.));
#1220=DIRECTION('',(0.,0.,1.));
#1221=DIRECTION('',(1.,0.,0.));
#1222=DIRECTION('',(0.,0.,-1.));
#1223=DIRECTION('',(-1.,0.,0.));
#1224=DIRECTION('',(-0.84194700244315,9.07565636959085E-15,0.539560233038903));
#1225=DIRECTION('',(0.539560233038903,4.96324957711999E-15,0.84194700244315));
#1226=DIRECTION('',(-0.84194700244315,9.07565636959085E-15,0.539560233038903));
#1227=DIRECTION('',(0.539560233038903,4.96324957711999E-15,0.84194700244315));
#1228=DIRECTION('',(0.,0.,-1.));
#1229=DIRECTION('',(-1.,0.,0.));
#1230=DIRECTION('',(0.,0.,-1.));
#1231=DIRECTION('',(-1.,0.,0.));
#1232=DIRECTION('',(-0.612372435695794,0.353553390593274,0.707106781186548));
#1233=DIRECTION('',(-0.612372435695795,0.353553390593274,-0.707106781186548));
#1234=DIRECTION('',(0.,0.707106781186547,0.707106781186548));
#1235=DIRECTION('',(0.,0.707106781186548,-0.707106781186548));
#1236=DIRECTION('',(0.612372435695794,0.353553390593274,0.707106781186548));
#1237=DIRECTION('',(0.612372435695795,0.353553390593274,-0.707106781186547));
#1238=DIRECTION('',(0.612372435695795,-0.353553390593274,0.707106781186548));
#1239=DIRECTION('',(0.612372435695795,-0.353553390593274,-0.707106781186548));
#1240=DIRECTION('',(0.,-0.707106781186547,0.707106781186548));
#1241=DIRECTION('',(0.,-0.707106781186548,-0.707106781186548));
#1242=DIRECTION('',(-0.612372435695794,-0.353553390593274,0.707106781186548));
#1243=DIRECTION('',(-0.612372435695795,-0.353553390593275,-0.707106781186547));
#1244=DIRECTION('',(0.,0.,-1.));
#1245=DIRECTION('',(-1.,0.,0.));
#1246=DIRECTION('',(0.,0.,1.));
#1247=DIRECTION('',(1.,0.,0.));
#1248=DIRECTION('',(0.612372435695795,-0.353553390593274,0.707106781186548));
#1249=DIRECTION('',(-0.5,-0.866025403784439,0.));
#1250=DIRECTION('',(-0.755928946018455,-2.51774916255095E-16,0.654653670707977));
#1251=DIRECTION('',(-0.377964473009228,0.654653670707977,0.654653670707977));
#1252=DIRECTION('',(0.,-0.707106781186547,0.707106781186548));
#1253=DIRECTION('',(-1.,0.,0.));
#1254=DIRECTION('',(0.377964473009228,0.654653670707977,0.654653670707977));
#1255=DIRECTION('',(0.612372435695794,0.353553390593274,0.707106781186548));
#1256=DIRECTION('',(0.5,-0.866025403784439,0.));
#1257=DIRECTION('',(-0.377964473009228,-0.654653670707977,0.654653670707977));
#1258=DIRECTION('',(-0.612372435695794,-0.353553390593274,0.707106781186548));
#1259=DIRECTION('',(-0.5,0.866025403784439,0.));
#1260=DIRECTION('',(0.755928946018455,3.30608985116831E-16,0.654653670707977));
#1261=DIRECTION('',(0.,0.707106781186547,0.707106781186548));
#1262=DIRECTION('',(1.,0.,0.));
#1263=DIRECTION('',(-0.377964473009228,0.654653670707977,-0.654653670707977));
#1264=DIRECTION('',(-0.612372435695794,0.353553390593274,0.707106781186548));
#1265=DIRECTION('',(0.5,0.866025403784439,0.));
#1266=DIRECTION('',(0.,0.,-1.));
#1267=DIRECTION('',(-1.,0.,0.));
#1268=CARTESIAN_POINT('',(0.,0.,0.));
#1269=CARTESIAN_POINT('',(0.,4.28626379701574E-19,0.0949));
#1270=CARTESIAN_POINT('',(0.,1.43895998899814E-18,0.0955441872674723));
#1271=CARTESIAN_POINT('',(0.00231189188190205,0.00773175632871346,0.0955441872674647));
#1272=CARTESIAN_POINT('',(-0.00751979067996874,0.00292876221797619,0.0955441872674727));
#1273=CARTESIAN_POINT('',(0.00231189188189729,0.00773175632870161,0.0955441872674724));
#1274=CARTESIAN_POINT('',(0.000878143301164388,0.0081604650933808,0.0956034138354922));
#1275=CARTESIAN_POINT('',(-0.00222444470448553,0.00819966181355018,0.0957326536896529));
#1276=CARTESIAN_POINT('',(-0.00621679487433993,0.00578931774207256,0.0958926412839989));
#1277=CARTESIAN_POINT('',(-0.00833279864775466,0.00165225784399505,0.096085696647976));
#1278=CARTESIAN_POINT('',(-0.00795069290228736,-0.00299773353515175,0.0962473477829982));
#1279=CARTESIAN_POINT('',(-0.00517360952214452,-0.00673688014380455,0.0964380755826162));
#1280=CARTESIAN_POINT('',(-0.000851806388630851,-0.0084530151895617,0.0966027836963344));
#1281=CARTESIAN_POINT('',(0.0037409201318525,-0.00762856031300706,0.0967889811497307));
#1282=CARTESIAN_POINT('',(0.00719678988963334,-0.00451190221315222,0.0969595000083396));
#1283=CARTESIAN_POINT('',(0.00849637404354669,-4.3290312227484E-05,0.0971383685794647));
#1284=CARTESIAN_POINT('',(0.00723714306515493,0.00444994046411399,0.0973166358224628));
#1285=CARTESIAN_POINT('',(0.00380982102661399,0.00759191247691128,0.0974879241963503));
#1286=CARTESIAN_POINT('',(-0.000766185025755609,0.00846244874523255,0.0976729669986541));
#1287=CARTESIAN_POINT('',(-0.00511785514943539,0.00678043730542881,0.0978389322652743));
#1288=CARTESIAN_POINT('',(-0.00791921368856994,0.00307296550379162,0.0980287096876295));
#1289=CARTESIAN_POINT('',(-0.00835107031743521,-0.0015693016280973,0.0981906023830685));
#1290=CARTESIAN_POINT('',(-0.00626357806938395,-0.00573817928217676,0.098384040339501));
#1291=CARTESIAN_POINT('',(-0.00230667864190017,-0.00817576529982501,0.098543427832097));
#1292=CARTESIAN_POINT('',(0.00235714689491385,-0.00816366143792998,0.0987378663199527));
#1293=CARTESIAN_POINT('',(0.00630676721452568,-0.00569019789542782,0.0988978663763614));
#1294=CARTESIAN_POINT('',(0.0083584849812738,-0.00151963217204265,0.0990905041206755));
#1295=CARTESIAN_POINT('',(0.00790142620667427,0.00312444927350283,0.0992529076568586));
#1296=CARTESIAN_POINT('',(0.00506713543473121,0.00681723186725695,0.0994425182307801));
#1297=CARTESIAN_POINT('',(0.000716886053338252,0.00846593444596156,0.0996085416666027));
#1298=CARTESIAN_POINT('',(-0.00386213196842984,0.00756745784033887,0.0997932038121694));
#1299=CARTESIAN_POINT('',(-0.00726665179827657,0.00439857640242724,0.0999653327782701));
#1300=CARTESIAN_POINT('',(-0.00849632615750134,-9.26517124237501E-05,0.100142352636995));
#1301=CARTESIAN_POINT('',(-0.00716507222409768,-0.00456438028589729,0.100322540531912));
#1302=CARTESIAN_POINT('',(-0.0036897911561585,-0.00765112518319163,0.100492110324924));
#1303=CARTESIAN_POINT('',(0.000901536452890323,-0.00844926277571023,0.100678720720694));
#1304=CARTESIAN_POINT('',(0.00522465666368284,-0.00669812577982747,0.100843462507564));
#1305=CARTESIAN_POINT('',(0.00796705235080194,-0.00294735930904536,0.101034187124362));
#1306=CARTESIAN_POINT('',(0.00832485194244404,0.00170282915381856,0.101195470363887));
#1307=CARTESIAN_POINT('',(0.00617192627806707,0.00583634660101203,0.101389275314668));
#1308=CARTESIAN_POINT('',(0.00217658836941494,0.00821167687009561,0.101548524798328));
#1309=CARTESIAN_POINT('',(-0.00248747430809995,0.00812468395794107,0.101742908519583));
#1310=CARTESIAN_POINT('',(-0.00639545269496146,0.00559015528508884,0.101903167333188));
#1311=CARTESIAN_POINT('',(-0.00838202748264877,0.00138628431736988,0.102095243156166));
#1312=CARTESIAN_POINT('',(-0.00785009775398806,-0.00325025774551811,0.102258522919169));
#1313=CARTESIAN_POINT('',(-0.00495970038510645,-0.00689576920590973,0.102446873170681));
#1314=CARTESIAN_POINT('',(-0.00058152180328477,-0.00847671110569304,0.102614357405243));
#1315=CARTESIAN_POINT('',(0.00398212456232878,-0.0075045515804785,0.102797345631458));
#1316=CARTESIAN_POINT('',(0.00733496542985959,-0.00428388471479464,0.102971184002584));
#1317=CARTESIAN_POINT('',(0.00849399457198564,0.000228614752214882,0.103146404030975));
#1318=CARTESIAN_POINT('',(0.00709138550082303,0.00467744948699631,0.10332839314692));
#1319=CARTESIAN_POINT('',(0.003568575581123,0.00770861616737682,0.103496385528354));
#1320=CARTESIAN_POINT('',(-0.00103664844250723,0.00843380870445583,0.103684422903681));
#1321=CARTESIAN_POINT('',(-0.00532991694310343,0.00661437102181935,0.103848055432628));
#1322=CARTESIAN_POINT('',(-0.00801304028558093,0.002820755491878,0.104039618088835));
#1323=CARTESIAN_POINT('',(-0.00829640492208482,-0.00183586783969385,0.104200407540793));
#1324=CARTESIAN_POINT('',(-0.00607900504867919,-0.00593284676793399,0.104394434504735));
#1325=CARTESIAN_POINT('',(-0.00204569092122156,-0.00824563305595508,0.10455369716154));
#1326=CARTESIAN_POINT('',(0.00261709477461844,-0.00808353555305002,0.104747881379173));
#1327=CARTESIAN_POINT('',(0.00648237077590363,-0.00548903866929009,0.104908513659264));
#1328=CARTESIAN_POINT('',(0.00840349712804766,-0.00125229527774732,0.10509992076123));
#1329=CARTESIAN_POINT('',(0.00779682074697215,0.00337503888065906,0.105264183843693));
#1330=CARTESIAN_POINT('',(0.00485089888205336,0.00697279447443969,0.105451160592445));
#1331=CARTESIAN_POINT('',(0.000445878486623859,0.00848524591093672,0.105620223039398));
#1332=CARTESIAN_POINT('',(-0.00410089776698168,0.00743989497324268,0.105801407414301));
#1333=CARTESIAN_POINT('',(-0.00740168658527623,0.00416784766259814,0.105977049672876));
#1334=CARTESIAN_POINT('',(-0.00848938106646392,-0.000364549712812614,0.106150527767075));
#1335=CARTESIAN_POINT('',(-0.00701611544266973,-0.00478912133297896,0.106334190084545));
#1336=CARTESIAN_POINT('',(-0.00344620678893204,-0.00776435353435443,0.106500749014866));
#1337=CARTESIAN_POINT('',(0.00117147059440458,-0.0084160924322081,0.106690071499435));
#1338=CARTESIAN_POINT('',(0.00543360907520209,-0.00652921322072283,0.106852709245509));
#1339=CARTESIAN_POINT('',(0.00805714767358019,-0.00269319673279401,0.10704500043742));
#1340=CARTESIAN_POINT('',(0.00826574223570032,0.0019683592546802,0.107205411898898));
#1341=CARTESIAN_POINT('',(0.00598486818960675,0.00602765007879482,0.107399515592007));
#1342=CARTESIAN_POINT('',(0.00191403441278486,0.00827760050109234,0.107558942970226));
#1343=CARTESIAN_POINT('',(-0.00274592379991036,0.00804026483598265,0.10775278135695));
#1344=CARTESIAN_POINT('',(-0.00656758404178327,0.00538680222759753,0.107913908114095));
#1345=CARTESIAN_POINT('',(-0.00842283975680626,0.00111774098773448,0.10810453384667));
#1346=CARTESIAN_POINT('',(-0.00774167166284494,-0.00349872652115098,0.10826988683651));
#1347=CARTESIAN_POINT('',(-0.00474061638669906,-0.00704836869530421,0.10845538512639));
#1348=CARTESIAN_POINT('',(-0.000310046400332633,-0.00849150539433477,0.108626134828001));
#1349=CARTESIAN_POINT('',(0.00421842993156611,-0.0073735260364374,0.108805388411563));
#1350=CARTESIAN_POINT('',(0.00746677731493047,-0.00405049211072387,0.10898292765699));
#1351=CARTESIAN_POINT('',(0.0084824871369266,0.00050040976615297,0.109154722692094));
#1352=CARTESIAN_POINT('',(0.00693929540733898,0.00489937015506708,0.109339929476953));
#1353=CARTESIAN_POINT('',(0.00332271593068682,0.00781830772666364,0.10950519957499));
#1354=CARTESIAN_POINT('',(-0.00130595634022778,0.00839612057989955,0.109695664761213));
#1355=CARTESIAN_POINT('',(-0.00553570970857631,0.00644269167455241,0.109857422198772));
#1356=CARTESIAN_POINT('',(-0.00809934862992071,0.00256472067054323,0.110050332271961));
#1357=CARTESIAN_POINT('',(-0.00823287585150079,-0.00210024964712423,0.110210481692424));
#1358=CARTESIAN_POINT('',(-0.00588957121345437,-0.0061207401927294,0.110404516232217));
#1359=CARTESIAN_POINT('',(-0.00178164343972982,-0.00830752218874418,0.110564261709112));
#1360=CARTESIAN_POINT('',(0.00287380275585619,-0.00799501875157003,0.110757599946552));
#1361=CARTESIAN_POINT('',(0.0066514266304219,-0.00528304427919596,0.110919371819196));
#1362=CARTESIAN_POINT('',(0.008439940771124,-0.00098279762228948,0.111109074311804));
#1363=CARTESIAN_POINT('',(0.00768470991495544,0.00362130719925794,0.111275630522383));
#1364=CARTESIAN_POINT('',(0.00462888003475689,0.00712243935871115,0.111459547163963));
#1365=CARTESIAN_POINT('',(0.000174081806467584,0.00849548747128673,0.111632079884023));
#1366=CARTESIAN_POINT('',(-0.00433468642414731,0.00730547822624042,0.111809327932236));
#1367=CARTESIAN_POINT('',(-0.00753020341773045,0.00393184846028619,0.111988805027417));
#1368=CARTESIAN_POINT('',(-0.00847331450562591,-0.000636147374270885,0.112158990454366));
#1369=CARTESIAN_POINT('',(-0.00686096048480342,-0.00500817036296906,0.112345608688454));
#1370=CARTESIAN_POINT('',(-0.00319813359310928,-0.00787045086425744,0.112509736179051));
#1371=CARTESIAN_POINT('',(0.00144005894336619,-0.00837389975564319,0.112701201005816));
#1372=CARTESIAN_POINT('',(0.00563620159064414,-0.00635484925891534,0.1128621923586));
#1373=CARTESIAN_POINT('',(0.00813960457532003,-0.00243534981394198,0.113055612644434));
#1374=CARTESIAN_POINT('',(0.00819787399307446,0.00223144014491644,0.113215612223575));
#1375=CARTESIAN_POINT('',(0.00579296110085519,0.00621228434475144,0.113409445512799));
#1376=CARTESIAN_POINT('',(0.00164861701259017,0.00833532182669628,0.113569648576642));
#1377=CARTESIAN_POINT('',(-0.00300068578080964,0.00794785410494083,0.113762335331748));
#1378=CARTESIAN_POINT('',(-0.00673388590457514,0.00517774547609896,0.113924904655982));
#1379=CARTESIAN_POINT('',(-0.00845477827839868,0.000847551934724807,0.114113539635099));
#1380=CARTESIAN_POINT('',(-0.00762597643693075,-0.00374273569691524,0.114281410547609));
#1381=CARTESIAN_POINT('',(-0.0045157246112558,-0.00719496259263565,0.114463651850274));
#1382=CARTESIAN_POINT('',(-3.80471319343331E-05,-0.00849718823337556,0.114638028941857));
#1383=CARTESIAN_POINT('',(0.00444962492448101,-0.00723579242525919,0.114813324394109));
#1384=CARTESIAN_POINT('',(0.00759193012328832,-0.00381195220667428,0.114994652726954));
#1385=CARTESIAN_POINT('',(0.00846186636737621,0.000771709872617476,0.115163336759067));
#1386=CARTESIAN_POINT('',(0.00678114930361948,0.00511549423642007,0.115351223810722));
#1387=CARTESIAN_POINT('',(0.00307249283021361,0.00792075519539622,0.115514357974051));
#1388=CARTESIAN_POINT('',(-0.00157372843957945,0.00834943805550654,0.115706678428906));
#1389=CARTESIAN_POINT('',(-0.00573507417074504,0.00626573032528081,0.115867017740913));
#1390=CARTESIAN_POINT('',(-0.0081778649051071,0.00230509752958969,0.116060841230494));
#1391=CARTESIAN_POINT('',(-0.00816085350966608,-0.00236179764246071,0.116220796530259));
#1392=CARTESIAN_POINT('',(-0.00569470713682615,-0.00630258765322768,0.116414321217145));
#1393=CARTESIAN_POINT('',(-0.00151510105300341,-0.00836089299198943,0.116575096381499));
#1394=CARTESIAN_POINT('',(0.00312655599877453,-0.00789882366741339,0.11676698734598));
#1395=CARTESIAN_POINT('',(0.00681490874805527,-0.00507093344829889,0.11693050347637));
#1396=CARTESIAN_POINT('',(0.00846734437370441,-0.000712064697571367,0.117117929658452));
#1397=CARTESIAN_POINT('',(0.0075655143990834,0.0038629454498061,0.117287217773437));
#1398=CARTESIAN_POINT('',(0.00440117773519005,0.00726595249258954,0.11746772073044));
#1399=CARTESIAN_POINT('',(-9.79039975312634E-05,0.00849636737988336,0.117643889658424));
#1400=CARTESIAN_POINT('',(-0.00456352454621344,0.00716540899957113,0.117817710630051));
#1401=CARTESIAN_POINT('',(-0.00765072507156074,0.00368749301197176,0.117999234729931));
#1402=CARTESIAN_POINT('',(-0.00818531201499278,0.00063281758882112,0.118114650992691));
#1403=CARTESIAN_POINT('',(-0.00802332071012228,-0.000866732243846307,0.11817164462451));
#1404=CARTESIAN_POINT('',(-0.00802332071012231,-0.00086673224384631,0.11817164462451));
#1405=CARTESIAN_POINT('',(0.,2.47225572577872E-19,0.11817164462451));
#1406=CARTESIAN_POINT('',(0.000274282595175525,-0.00806533750428238,0.11817164462451));
#1407=CARTESIAN_POINT('',(-0.00751979067996937,0.00292876221797635,0.0955441872674731));
#1408=CARTESIAN_POINT('',(-0.00806577691079861,0.00152690646308403,0.0956056125164826));
#1409=CARTESIAN_POINT('',(-0.00835170995693283,-0.00154367863057719,0.0957091992476534));
#1410=CARTESIAN_POINT('',(-0.0062763110337797,-0.00572879963500444,0.0959043879023099));
#1411=CARTESIAN_POINT('',(-0.00231634241987479,-0.00817190058093582,0.0960635907552898));
#1412=CARTESIAN_POINT('',(0.00233852239720951,-0.00816871380241367,0.0962578038674721));
#1413=CARTESIAN_POINT('',(0.00629961586452071,-0.00570011464462841,0.0964180117432161));
#1414=CARTESIAN_POINT('',(0.00835535180094149,-0.00153061988873036,0.0966107624977957));
#1415=CARTESIAN_POINT('',(0.00790834289181661,0.00310824406666235,0.0967728114825784));
#1416=CARTESIAN_POINT('',(0.00507405107033459,0.00681325142709407,0.0969629373859876));
#1417=CARTESIAN_POINT('',(0.000728872801236304,0.00846340229790977,0.0971286395940059));
#1418=CARTESIAN_POINT('',(-0.00384871671504784,0.00757575502013672,0.0973133602181736));
#1419=CARTESIAN_POINT('',(-0.00726503957205745,0.00440215605395642,0.0974857410408591));
#1420=CARTESIAN_POINT('',(-0.00849475261219858,-7.98772437105694E-05,0.0976626378183405));
#1421=CARTESIAN_POINT('',(-0.00717365319443346,-0.00455425640531391,0.0978425913332547));
#1422=CARTESIAN_POINT('',(-0.00369141125949445,-0.00765032243061555,0.0980127620288169));
#1423=CARTESIAN_POINT('',(0.000888733153767154,-0.0084491567134286,0.098198811649868));
#1424=CARTESIAN_POINT('',(0.0052179990849682,-0.00670566798630604,0.0983637797432736));
#1425=CARTESIAN_POINT('',(0.00796596839136154,-0.00294884418803914,0.0985547322976468));
#1426=CARTESIAN_POINT('',(0.0083264701763094,0.00169096437783586,0.0987156727177717));
#1427=CARTESIAN_POINT('',(0.00617719281355901,0.00583303424125786,0.0989096763897432));
#1428=CARTESIAN_POINT('',(0.00217919495000391,0.00821001272127425,0.0990690539405997));
#1429=CARTESIAN_POINT('',(-0.00247747679214152,0.00812784468830091,0.0992631532739579));
#1430=CARTESIAN_POINT('',(-0.00639509951426667,0.00559229810958223,0.0994237208466367));
#1431=CARTESIAN_POINT('',(-0.008380062156287,0.00138984335396226,0.0996157673703281));
#1432=CARTESIAN_POINT('',(-0.00785433644266552,-0.00324258593172517,0.0997787896320121));
#1433=CARTESIAN_POINT('',(-0.00495800452096963,-0.00689785065242854,0.099967650679464));
#1434=CARTESIAN_POINT('',(-0.000585921728141023,-0.00847472290244766,0.100134781952567));
#1435=CARTESIAN_POINT('',(0.00397727451932945,-0.0075089991375415,0.100317798646915));
#1436=CARTESIAN_POINT('',(0.00733801017332919,-0.00427908103058788,0.100492008395037));
#1437=CARTESIAN_POINT('',(0.00849248080349325,0.000223811462784568,0.100666913047862));
#1438=CARTESIAN_POINT('',(0.00709482963175527,0.00467570673690589,0.100848869108988));
#1439=CARTESIAN_POINT('',(0.00356240630339806,0.00771114330568993,0.101017301249563));
#1440=CARTESIAN_POINT('',(-0.00103220254782719,0.00843320461894179,0.101204869163663));
#1441=CARTESIAN_POINT('',(-0.0053312391993481,0.00661552433746963,0.10136872179101));
#1442=CARTESIAN_POINT('',(-0.00801420659054655,0.00281512803662757,0.101560469184771));
#1443=CARTESIAN_POINT('',(-0.00829679731968753,-0.00183266702728661,0.101720922105006));
#1444=CARTESIAN_POINT('',(-0.00607697045688653,-0.0059368509231923,0.101915236253918));
#1445=CARTESIAN_POINT('',(-0.00204099482269555,-0.00824556564009821,0.102074509306541));
#1446=CARTESIAN_POINT('',(0.00261570966789771,-0.00808461182715687,0.102268452455107));
#1447=CARTESIAN_POINT('',(0.00648864117986158,-0.00548304508852278,0.102429482875623));
#1448=CARTESIAN_POINT('',(0.00840248113629783,-0.0012483921135712,0.102620702508458));
#1449=CARTESIAN_POINT('',(0.00779796114052828,0.00337597172571361,0.102784829333922));
#1450=CARTESIAN_POINT('',(0.00484077410094999,0.0069803651036572,0.102972267893972));
#1451=CARTESIAN_POINT('',(0.000442553712787244,0.00848368204171698,0.103140985548246));
#1452=CARTESIAN_POINT('',(-0.00410461578242232,0.00743999429566924,0.103322155918559));
#1453=CARTESIAN_POINT('',(-0.00740878660979132,0.00415507179127626,0.103498264833243));
#1454=CARTESIAN_POINT('',(-0.00848780345292565,-0.000367896667244761,0.103671276729857));
#1455=CARTESIAN_POINT('',(-0.00701390751801804,-0.00479569502181435,0.103855094186461));
#1456=CARTESIAN_POINT('',(-0.00343272498404904,-0.00776970301700836,0.104021915317207));
#1457=CARTESIAN_POINT('',(0.00117558681293567,-0.00841479188284944,0.104210875021526));
#1458=CARTESIAN_POINT('',(0.00544274838493174,-0.0065236109329706,0.104373738164196));
#1459=CARTESIAN_POINT('',(0.00806034026762398,-0.00268037682808942,0.104566150617024));
#1460=CARTESIAN_POINT('',(0.00826461887133792,0.00197387844126878,0.10472625163677));
#1461=CARTESIAN_POINT('',(0.00597518258248645,0.00603882773238717,0.104920714845557));
#1462=CARTESIAN_POINT('',(0.00190193279076417,0.00827890121372804,0.105080048499267));
#1463=CARTESIAN_POINT('',(-0.00275319946412317,0.00803893229149278,0.105273674129918));
#1464=CARTESIAN_POINT('',(-0.00658020616165034,0.0053724289423892,0.105435302429809));
#1465=CARTESIAN_POINT('',(-0.00842259000130839,0.00110630469121198,0.105625564189323));
#1466=CARTESIAN_POINT('',(-0.00773923643413487,-0.00350835090940608,0.105790929069003));
#1467=CARTESIAN_POINT('',(-0.00472240410895552,-0.00706077992426665,0.10597678755574));
#1468=CARTESIAN_POINT('',(-0.000298811796759504,-0.0084902648878729,0.106147248376297));
#1469=CARTESIAN_POINT('',(0.00423069604348124,-0.00736876479796433,0.10632643074944));
#1470=CARTESIAN_POINT('',(0.00747736318097788,-0.00403017596865321,0.106504508130486));
#1471=CARTESIAN_POINT('',(0.00848069832072119,0.000512092984922784,0.106675728087635));
#1472=CARTESIAN_POINT('',(0.00693096918981114,0.00491415684688703,0.10686126244409));
#1473=CARTESIAN_POINT('',(0.00330223154718469,0.00782607611053543,0.107026609978567));
#1474=CARTESIAN_POINT('',(-0.00131878079127161,0.00839389177256778,0.10721682504372));
#1475=CARTESIAN_POINT('',(-0.00555249965478332,0.00642998740272811,0.107378826951833));
#1476=CARTESIAN_POINT('',(-0.0081043428950968,0.00254460884569843,0.107571775243284));
#1477=CARTESIAN_POINT('',(-0.00822994709258183,-0.00211452108574891,0.10773165860866));
#1478=CARTESIAN_POINT('',(-0.00587187976719298,-0.00613893294370174,0.107926109944878));
#1479=CARTESIAN_POINT('',(-0.00176206488132544,-0.00830999015121123,0.108085669149458));
#1480=CARTESIAN_POINT('',(0.00288988259374117,-0.00799082621584613,0.1082788160266));
#1481=CARTESIAN_POINT('',(0.00666976790355264,-0.00526050149132289,0.108441177044668));
#1482=CARTESIAN_POINT('',(0.00844036855700111,-0.000963630659498022,0.108630350712302));
#1483=CARTESIAN_POINT('',(0.00767818452690621,0.00363967331005752,0.10879708560047));
#1484=CARTESIAN_POINT('',(0.00460294150188879,0.00713907952473362,0.108981212417016));
#1485=CARTESIAN_POINT('',(0.000154739070674651,0.00849445793148675,0.10915355292306));
#1486=CARTESIAN_POINT('',(-0.00435546890048556,0.00729533617689492,0.109330679467203));
#1487=CARTESIAN_POINT('',(-0.00754374016490317,0.00390444264120354,0.109510720494814));
#1488=CARTESIAN_POINT('',(-0.00847112839446461,-0.000656368133360125,0.109680271170166));
#1489=CARTESIAN_POINT('',(-0.0068461554803854,-0.0050310114396434,0.10986736636227));
#1490=CARTESIAN_POINT('',(-0.00317056603439779,-0.00788041359294867,0.110031400515548));
#1491=CARTESIAN_POINT('',(0.00146162467735102,-0.00837046097837244,0.110222712674532));
#1492=CARTESIAN_POINT('',(0.00566049074396738,-0.00633470722486903,0.110383987464561));
#1493=CARTESIAN_POINT('',(0.0081461756163888,-0.00240786905048019,0.110577340379453));
#1494=CARTESIAN_POINT('',(0.00819279798072397,0.00225453238781636,0.110737140933343));
#1495=CARTESIAN_POINT('',(0.00576711535915304,0.00623713053807867,0.110931419118034));
#1496=CARTESIAN_POINT('',(0.00162144859653754,0.00833880688656306,0.111091368844173));
#1497=CARTESIAN_POINT('',(-0.00302569871744106,0.00794031464346021,0.111283876037635));
#1498=CARTESIAN_POINT('',(-0.00675730074882816,0.00514731511404481,0.111447104154822));
#1499=CARTESIAN_POINT('',(-0.00845579753010768,0.000820423943390788,0.111635060507904));
#1500=CARTESIAN_POINT('',(-0.00761482994168326,-0.00376988522603068,0.111803294641144));
#1501=CARTESIAN_POINT('',(-0.00448243843318853,-0.00721525280089339,0.111985548482141));
#1502=CARTESIAN_POINT('',(-1.03719339718594E-05,-0.00849623140412899,0.112159869311648));
#1503=CARTESIAN_POINT('',(0.00447885648362313,-0.00721980060699185,0.112335004191191));
#1504=CARTESIAN_POINT('',(0.00760802862821661,-0.00377768287586664,0.112516882178054));
#1505=CARTESIAN_POINT('',(0.00845905368773389,0.000800614347265476,0.112684909473105));
#1506=CARTESIAN_POINT('',(0.00675951364467928,0.00514624384023749,0.112873402548703));
#1507=CARTESIAN_POINT('',(0.00303774743712972,0.00793268609211447,0.113036286483899));
#1508=CARTESIAN_POINT('',(-0.00160406302434039,0.00834450581526598,0.113228535707869));
#1509=CARTESIAN_POINT('',(-0.00576669514169191,0.00623781029341937,0.113389217928623));
#1510=CARTESIAN_POINT('',(-0.00818580991258114,0.00227020190235578,0.113582843881412));
#1511=CARTESIAN_POINT('',(-0.00815318663144182,-0.00239385488684916,0.113742696522904));
#1512=CARTESIAN_POINT('',(-0.00566093962597299,-0.00633339025493563,0.113936640273216));
#1513=CARTESIAN_POINT('',(-0.00148014277599316,-0.00836532569008496,0.114097145049194));
#1514=CARTESIAN_POINT('',(0.00316057755574609,-0.00788742401486138,0.114288851693998));
#1515=CARTESIAN_POINT('',(0.0068427774123808,-0.00503292993473397,0.114453080996912));
#1516=CARTESIAN_POINT('',(0.00846885920822319,-0.000676740610498246,0.114639691474287));
#1517=CARTESIAN_POINT('',(0.00754920105082959,0.00389892626993713,0.114809553582931));
#1518=CARTESIAN_POINT('',(0.00436095508259927,0.00728928852281695,0.114989794017426));
#1519=CARTESIAN_POINT('',(-0.000134249926185567,0.00849554874940917,0.115166195627436));
#1520=CARTESIAN_POINT('',(-0.004600767460831,0.00714228480001223,0.115339401498688));
#1521=CARTESIAN_POINT('',(-0.00767038757430236,0.00364959057517145,0.115523005996856));
#1522=CARTESIAN_POINT('',(-0.0084443869327252,-0.000944693242156851,0.11568963891522));
#1523=CARTESIAN_POINT('',(-0.00667123928341344,-0.00525982836086925,0.115879364632182));
#1524=CARTESIAN_POINT('',(-0.00290325917937945,-0.00798293327077021,0.11604128655327));
#1525=CARTESIAN_POINT('',(0.00174399452615333,-0.00831575103146554,0.11623421631586));
#1526=CARTESIAN_POINT('',(0.00586713924252768,-0.0061428336320067,0.116394320980098));
#1527=CARTESIAN_POINT('',(0.00822283654974288,-0.002135353336349,0.116588142763635));
#1528=CARTESIAN_POINT('',(0.00811133438603174,0.00253038383292114,0.116748245507516));
#1529=CARTESIAN_POINT('',(0.00555798386941202,0.00642349253095794,0.11694154434608));
#1530=CARTESIAN_POINT('',(0.00134114579182675,0.00838977179505347,0.117102873694266));
#1531=CARTESIAN_POINT('',(-0.00329213805905004,0.00783240699401036,0.117293683340366));
#1532=CARTESIAN_POINT('',(-0.00692220000552001,0.00492305376781933,0.117458787796246));
#1533=CARTESIAN_POINT('',(-0.00847994670614703,0.000534867805436005,0.117644303521269));
#1534=CARTESIAN_POINT('',(-0.00748258284335282,-0.00402404413972754,0.117815289027922));
#1535=CARTESIAN_POINT('',(-0.00424201464158312,-0.00735764247973166,0.117995393266611));
#1536=CARTESIAN_POINT('',(-0.00123307397830852,-0.00811659905069759,0.118109382241097));
#1537=CARTESIAN_POINT('',(0.000274282595175525,-0.00806533750428238,0.11817164462451));
#1538=CARTESIAN_POINT('',(-0.00542805102204387,0.00597980577658104,0.0953955280769905));
#1539=CARTESIAN_POINT('',(-0.00602526423334089,0.00543976359215995,0.0954271548524747));
#1540=CARTESIAN_POINT('',(-0.00681537311902727,0.00446951617544668,0.0954781325357254));
#1541=CARTESIAN_POINT('',(-0.00753941864548035,0.00298099680659685,0.0955462937740718));
#1542=CARTESIAN_POINT('',(-0.00790224709028519,0.00180876047622228,0.0955956582113403));
#1543=CARTESIAN_POINT('',(-0.00809991153558129,0.000489421625030918,0.0956470246495024));
#1544=CARTESIAN_POINT('',(-0.00807127727942621,-0.00104527136214848,0.0957006488733102));
#1545=CARTESIAN_POINT('',(-0.00759659218216773,-0.00304594473688527,0.0957830160237469));
#1546=CARTESIAN_POINT('',(-0.00649101430160043,-0.00498585895185781,0.0958744855318845));
#1547=CARTESIAN_POINT('',(-0.00500744084844404,-0.00641614792955247,0.0959574286876915));
#1548=CARTESIAN_POINT('',(-0.00359087891016942,-0.00728926949948515,0.0960156729290332));
#1549=CARTESIAN_POINT('',(-0.00196094091364149,-0.00790696838982267,0.096083005747543));
#1550=CARTESIAN_POINT('',(-3.78122248634786E-05,-0.00816475025877439,0.0961623686232691));
#1551=CARTESIAN_POINT('',(0.00188789316344686,-0.00792504882072591,0.0962417607211643));
#1552=CARTESIAN_POINT('',(0.00352725135548337,-0.00732042642206658,0.0963096421743955));
#1553=CARTESIAN_POINT('',(0.00495042392104193,-0.00645993736653663,0.0963677629804774));
#1554=CARTESIAN_POINT('',(0.00644411509652181,-0.00504585446391648,0.0964502084251638));
#1555=CARTESIAN_POINT('',(0.00756822570388355,-0.00311659235378165,0.0965416791003064));
#1556=CARTESIAN_POINT('',(0.0080618870644111,-0.00111653149768898,0.0966245452548934));
#1557=CARTESIAN_POINT('',(0.00810736813339269,0.000546658037608033,0.0966827632258916));
#1558=CARTESIAN_POINT('',(0.00782465079655313,0.00226743019642267,0.0967501878137516));
#1559=CARTESIAN_POINT('',(0.00708347028055369,0.00406066508194835,0.0968295554196368));
#1560=CARTESIAN_POINT('',(0.00591060885540441,0.00560663594976978,0.0969089426686063));
#1561=CARTESIAN_POINT('',(0.00456621267411669,0.00672156349974855,0.0969767376130895));
#1562=CARTESIAN_POINT('',(0.0031081691544532,0.00752179727830158,0.0970348722121539));
#1563=CARTESIAN_POINT('',(0.00113510134543166,0.008105535388844,0.0971174028367014));
#1564=CARTESIAN_POINT('',(-0.00109774867665875,0.00811081411945161,0.0972088724154093));
#1565=CARTESIAN_POINT('',(-0.00307515392270979,0.00753547340427502,0.097291660444236));
#1566=CARTESIAN_POINT('',(-0.00453695234303959,0.00674126968565509,0.0973498545107561));
#1567=CARTESIAN_POINT('',(-0.00588477511106412,0.00563353926267645,0.0974173698680207));
#1568=CARTESIAN_POINT('',(-0.00706475692347876,0.00409313423837914,0.0974967422175883));
#1569=CARTESIAN_POINT('',(-0.00781432708331994,0.00230327187451067,0.0975761246441369));
#1570=CARTESIAN_POINT('',(-0.00810498381296508,0.000581832441379086,0.097643832053793));
#1571=CARTESIAN_POINT('',(-0.00806660436462873,-0.00108107643159485,0.0977019828789785));
#1572=CARTESIAN_POINT('',(-0.00758238588398994,-0.00308163239961976,0.0977845969881049));
#1573=CARTESIAN_POINT('',(-0.00646741460372415,-0.00501617965503321,0.0978760659968299));
#1574=CARTESIAN_POINT('',(-0.00497878039594788,-0.00643824220665644,0.0979587742018781));
#1575=CARTESIAN_POINT('',(-0.00355898967568242,-0.00730497468335093,0.0980169467963525));
#1576=CARTESIAN_POINT('',(-0.00192412301095853,-0.00791618704925517,0.0980845519001473));
#1577=CARTESIAN_POINT('',(3.3652319095691E-07,-0.00816483528143828,0.0981639290176062));
#1578=CARTESIAN_POINT('',(0.00192475366662695,-0.00791600775918234,0.0982433066456899));
#1579=CARTESIAN_POINT('',(0.00355926681732066,-0.00730482699751832,0.0983109254956826));
#1580=CARTESIAN_POINT('',(0.00497910052437366,-0.0064380193421263,0.0983690949798522));
#1581=CARTESIAN_POINT('',(0.00646786307041148,-0.00501563941444962,0.0984517908774191));
#1582=CARTESIAN_POINT('',(0.00758262838278177,-0.00308097249098772,0.0985432598425981));
#1583=CARTESIAN_POINT('',(0.00806663655178198,-0.00108069328164015,0.0986258865267324));
#1584=CARTESIAN_POINT('',(0.00810497264071556,0.000582150188199014,0.0986840400818099));
#1585=CARTESIAN_POINT('',(0.0078141655734956,0.00230390716794853,0.098751733908328));
#1586=CARTESIAN_POINT('',(0.00706441975202477,0.00409371673489459,0.0988311158177662));
#1587=CARTESIAN_POINT('',(0.00588430334817135,0.0056339947749328,0.0989104886714609));
#1588=CARTESIAN_POINT('',(0.00453668900311373,0.00674143348175946,0.098978017937877));
#1589=CARTESIAN_POINT('',(0.00307479569014819,0.00753564130101185,0.0990362085137027));
#1590=CARTESIAN_POINT('',(0.00109705724337095,0.00811093070261991,0.0991189845026757));
#1591=CARTESIAN_POINT('',(-0.00113579473358433,0.00810541376287125,0.0992104539507462));
#1592=CARTESIAN_POINT('',(-0.00310851190892794,0.0075216357025472,0.099292997417726));
#1593=CARTESIAN_POINT('',(-0.00456648537458267,0.00672139256344786,0.0993511343662483));
#1594=CARTESIAN_POINT('',(-0.00591107710158106,0.00560617743893459,0.0994189158907597));
#1595=CARTESIAN_POINT('',(-0.00708380549562255,0.00406008146933654,0.099498302616144));
#1596=CARTESIAN_POINT('',(-0.00782480794340684,0.0022667933852586,0.099577670719647));
#1597=CARTESIAN_POINT('',(-0.00810737783712369,0.000546351983231888,0.0996451093795045));
#1598=CARTESIAN_POINT('',(-0.00806185256335737,-0.00111693119333406,0.0997033234794444));
#1599=CARTESIAN_POINT('',(-0.00756797983328569,-0.00311724802203658,0.099786177861908));
#1600=CARTESIAN_POINT('',(-0.00644366129902839,-0.00504639384763582,0.0998776483193038));
#1601=CARTESIAN_POINT('',(-0.0049501170462302,-0.0064601500198501,0.0999601068737993));
#1602=CARTESIAN_POINT('',(-0.00352696334738758,-0.0073205786066097,0.100018229648778));
#1603=CARTESIAN_POINT('',(-0.00188726169445498,-0.00792522355676206,0.100086097845638));
#1604=CARTESIAN_POINT('',(3.84852044640907E-05,-0.00816474802260012,0.100165489410816));
#1605=CARTESIAN_POINT('',(0.00196157078502811,-0.00790678451406882,0.100244852788446));
#1606=CARTESIAN_POINT('',(0.0035911450152473,-0.00728912651679127,0.100312199819703));
#1607=CARTESIAN_POINT('',(0.00500777480692903,-0.00641591440379619,0.100370439875978));
#1608=CARTESIAN_POINT('',(0.00649145048038945,-0.00498532141974882,0.100453370953151));
#1609=CARTESIAN_POINT('',(0.00759686133274371,-0.00304526553401618,0.100544842946299));
#1610=CARTESIAN_POINT('',(0.00807122360754071,-0.00104494692111904,0.100627214893907));
#1611=CARTESIAN_POINT('',(0.00810242056873276,0.000617710314860504,0.100685325928498));
#1612=CARTESIAN_POINT('',(0.00780350102892603,0.00234033009889528,0.100753279771158));
#1613=CARTESIAN_POINT('',(0.00704522025157635,0.00412668188538576,0.100832676199857));
#1614=CARTESIAN_POINT('',(0.00585786207497229,0.00566122460511876,0.100912034876055));
#1615=CARTESIAN_POINT('',(0.00450714688749146,0.00676113418641024,0.10097928925762));
#1616=CARTESIAN_POINT('',(0.00304126159377915,0.00754938928678688,0.101037557702188));
#1617=CARTESIAN_POINT('',(0.00105900474292695,0.00811613549762054,0.101120563774443));
#1618=CARTESIAN_POINT('',(-0.00117383087883909,0.00809982286703008,0.101212037829759));
#1619=CARTESIAN_POINT('',(-0.0031417090555688,0.00750770382766245,0.101294321477018));
#1620=CARTESIAN_POINT('',(-0.00459599854275714,0.00670134573101075,0.1013524232045));
#1621=CARTESIAN_POINT('',(-0.00593724231608129,0.00557868766783294,0.101420461665514));
#1622=CARTESIAN_POINT('',(-0.00710270447394125,0.00402694327893793,0.101499862981345));
#1623=CARTESIAN_POINT('',(-0.00783510908432965,0.00223026225510327,0.101579216980674));
#1624=CARTESIAN_POINT('',(-0.00810961636880605,0.000510940508574163,0.101646377692413));
#1625=CARTESIAN_POINT('',(-0.00805693682325168,-0.00115287669222093,0.101704676956947));
#1626=CARTESIAN_POINT('',(-0.00755340483226859,-0.00315277525261399,0.101787756323823));
#1627=CARTESIAN_POINT('',(-0.00641974817396141,-0.00507650377671325,0.101879232967708));
#1628=CARTESIAN_POINT('',(-0.0049214530886683,-0.00648187167707154,0.101961426622114));
#1629=CARTESIAN_POINT('',(-0.00349480009604575,-0.00733608002888122,0.102019521475865));
#1630=CARTESIAN_POINT('',(-0.00185035840326891,-0.00793407753257243,0.102087643526902));
#1631=CARTESIAN_POINT('',(7.66326734141141E-05,-0.00816448850420412,0.102167049753354));
#1632=CARTESIAN_POINT('',(0.00199834319133802,-0.00789737942098462,0.102246399100501));
#1633=CARTESIAN_POINT('',(0.00362288561563297,-0.00727332631082848,0.10231346512325));
#1634=CARTESIAN_POINT('',(0.00503644516511619,-0.00639362190971584,0.102371797639115));
#1635=CARTESIAN_POINT('',(0.00651487663717567,-0.00495490171968287,0.102454948599331));
#1636=CARTESIAN_POINT('',(0.0076109238416128,-0.00300947271023709,0.102546428358169));
#1637=CARTESIAN_POINT('',(0.00807564960091798,-0.00100929345711358,0.102628530328193));
#1638=CARTESIAN_POINT('',(0.00809971094266752,0.00065333744382693,0.102686620741663));
#1639=CARTESIAN_POINT('',(0.00779265755057822,0.0023766976786242,0.102754825353513));
#1640=CARTESIAN_POINT('',(0.00702587237616075,0.00415955951850648,0.102834236513961));
#1641=CARTESIAN_POINT('',(0.00583128599287684,0.00568832446568508,0.102913581233737));
#1642=CARTESIAN_POINT('',(0.00447758764414253,0.006780665993483,0.102980551549306));
#1643=CARTESIAN_POINT('',(0.00300756711804338,0.00756303952606758,0.103038919747534));
#1644=CARTESIAN_POINT('',(0.00102094526232445,0.00812114980126413,0.103122140599011));
#1645=CARTESIAN_POINT('',(-0.00121185569332726,0.00809404143355997,0.103213623999163));
#1646=CARTESIAN_POINT('',(-0.00317474515246574,0.00749367948522626,0.103295632594267));
#1647=CARTESIAN_POINT('',(-0.00462549051434436,0.00668112883536982,0.103353721000957));
#1648=CARTESIAN_POINT('',(-0.005963269816453,0.00555107094357205,0.103422007143543));
#1649=CARTESIAN_POINT('',(-0.00712145328113202,0.00399372069339251,0.103501423261243));
#1650=CARTESIAN_POINT('',(-0.00784523014479144,0.00219367980121756,0.103580763378583));
#1651=CARTESIAN_POINT('',(-0.00811170039770989,0.000475598963589623,0.103647636969769));
#1652=CARTESIAN_POINT('',(-0.00805185579311534,-0.00118891184851748,0.103706043281034));
#1653=CARTESIAN_POINT('',(-0.00753866161771215,-0.00318821287933872,0.103789332320907));
#1654=CARTESIAN_POINT('',(-0.00639567594353809,-0.00510650821637038,0.103880819888711));
#1655=CARTESIAN_POINT('',(-0.00489279010146911,-0.00650340785459411,0.103962733419359));
#1656=CARTESIAN_POINT('',(-0.00346250028759259,-0.00735147761907483,0.104020822252797));
#1657=CARTESIAN_POINT('',(-0.00181341446858826,-0.00794274866556777,0.104089188895183));
#1658=CARTESIAN_POINT('',(0.000114777752725884,-0.0081640567430227,0.104168609993276));
#1659=CARTESIAN_POINT('',(0.00203506956546611,-0.00788779282978632,0.10424794553324));
#1660=CARTESIAN_POINT('',(0.00365448829887954,-0.0072574277096437,0.104314721383836));
#1661=CARTESIAN_POINT('',(0.00506510998447119,-0.00637114123523967,0.104373168238432));
#1662=CARTESIAN_POINT('',(0.00653814086365176,-0.00492438156044877,0.104456523763067));
#1663=CARTESIAN_POINT('',(0.00762481520923473,-0.0029735952541824,0.104548016024829));
#1664=CARTESIAN_POINT('',(0.00807991590941586,-0.000973733912065042,0.104629832802508));
#1665=CARTESIAN_POINT('',(0.00809684279525308,0.000689030588309403,0.104687924496227));
#1666=CARTESIAN_POINT('',(0.00778163553881702,0.00241300859987587,0.104756370606625));
#1667=CARTESIAN_POINT('',(0.00700637673206564,0.0041923486249345,0.104835796708136));
#1668=CARTESIAN_POINT('',(0.00580457606787527,0.00571529339151396,0.10491512769591));
#1669=CARTESIAN_POINT('',(0.00444801258203488,0.00680002929540349,0.104981804790711));
#1670=CARTESIAN_POINT('',(0.00297371253601046,0.00757659030794508,0.105040294618529));
#1671=CARTESIAN_POINT('',(0.000982880219119033,0.00812597365488565,0.105123714923541));
#1672=CARTESIAN_POINT('',(-0.00124986775780549,0.00808806947801667,0.105215212405534));
#1673=CARTESIAN_POINT('',(-0.0032076200096282,0.00747956437864894,0.105296930742769));
#1674=CARTESIAN_POINT('',(-0.00465495994865248,0.00666074153660881,0.105355027730279));
#1675=CARTESIAN_POINT('',(-0.00598915867386589,0.00552332826956737,0.105423552276064));
#1676=CARTESIAN_POINT('',(-0.00714005134942426,0.00396041474415877,0.105502983403902));
#1677=CARTESIAN_POINT('',(-0.00785517077621263,0.00215704734368702,0.105582309864795));
#1678=CARTESIAN_POINT('',(-0.0081136309204568,0.000440328281255735,0.105648887189611));
#1679=CARTESIAN_POINT('',(-0.00804660813085702,-0.00122503556419721,0.105707422420114));
#1680=CARTESIAN_POINT('',(-0.00752375093807695,-0.00322355969778401,0.105790905800378));
#1681=CARTESIAN_POINT('',(-0.00637144533487657,-0.00513640594759433,0.105882409028841));
#1682=CARTESIAN_POINT('',(-0.00486412965078446,-0.00652475924500094,0.105964027239208));
#1683=CARTESIAN_POINT('',(-0.00343006430302031,-0.00736677004622161,0.106022131953974));
#1684=CARTESIAN_POINT('',(-0.00177643122489278,-0.00795123665729047,0.106090733901688));
#1685=CARTESIAN_POINT('',(0.000152919265346305,-0.00816345276670735,0.106170170078649));
#1686=CARTESIAN_POINT('',(0.00207174859120525,-0.00787802510278244,0.106249492038101));
#1687=CARTESIAN_POINT('',(0.00368595276027017,-0.00724143204258153,0.106315968579761));
#1688=CARTESIAN_POINT('',(0.00509376763931463,-0.00634847177281351,0.10637455164196));
#1689=CARTESIAN_POINT('',(0.00656124249513881,-0.00489376219452235,0.106458096391633));
#1690=CARTESIAN_POINT('',(0.00763853474749467,-0.0029376344073758,0.106549605892763));
#1691=CARTESIAN_POINT('',(0.00808402391854417,-0.000938269289794219,0.106631122290906));
#1692=CARTESIAN_POINT('',(0.00809381516691877,0.000724788748562683,0.106689237166326));
#1693=CARTESIAN_POINT('',(0.00777043540660638,0.00244926155892191,0.106757915481691));
#1694=CARTESIAN_POINT('',(0.00698673393484577,0.00422504820105083,0.106837356730456));
#1695=CARTESIAN_POINT('',(0.00577773327476091,0.00574213042710808,0.106916674214031));
#1696=CARTESIAN_POINT('',(0.00441842300206708,0.00681922449710635,0.106983048960396));
#1697=CARTESIAN_POINT('',(0.00293969814117807,0.00759003992043447,0.107041682282828));
#1698=CARTESIAN_POINT('',(0.000944811030027415,0.00813060711372992,0.10712528669536));
#1699=CARTESIAN_POINT('',(-0.00128786565305127,0.00808190702987674,0.107216802995311));
#1700=CARTESIAN_POINT('',(-0.00324033345716979,0.00746536020887654,0.10729821589696));
#1701=CARTESIAN_POINT('',(-0.0046844054976687,0.0066401835079965,0.107356343366339));
#1702=CARTESIAN_POINT('',(-0.00601490796888357,0.00549546065834634,0.107425097014263));
#1703=CARTESIAN_POINT('',(-0.00715849812064004,0.00392702646783221,0.1075045433574));
#1704=CARTESIAN_POINT('',(-0.00786493064275427,0.00212036620535934,0.10758385639079));
#1705=CARTESIAN_POINT('',(-0.0081154089404037,0.000405129381293109,0.107650128330762));
#1706=CARTESIAN_POINT('',(-0.00804119250375614,-0.00126124672303655,0.107708814341464));
#1707=CARTESIAN_POINT('',(-0.00750867355341996,-0.00325881451125071,0.107792476709618));
#1708=CARTESIAN_POINT('',(-0.00634705708711168,-0.00516619575839838,0.107884000334496));
#1709=CARTESIAN_POINT('',(-0.00483547329051371,-0.00654592655698819,0.107965308056477));
#1710=CARTESIAN_POINT('',(-0.00339749253841366,-0.0073819559796695,0.108023450553005));
#1711=CARTESIAN_POINT('',(-0.0017394100098061,-0.00795954122198939,0.108092278497594));
#1712=CARTESIAN_POINT('',(0.000191056034610959,-0.00816267661378793,0.10817172995756));
#1713=CARTESIAN_POINT('',(0.00210837895637753,-0.00786807661466188,0.108251038566583));
#1714=CARTESIAN_POINT('',(0.0037172787099145,-0.00722534063815264,0.108317206690115));
#1715=CARTESIAN_POINT('',(0.00512241649298928,-0.00632561293205856,0.108375947816587));
#1716=CARTESIAN_POINT('',(0.00658418087922714,-0.00486304488148734,0.108459666432587));
#1717=CARTESIAN_POINT('',(0.00765208178147242,-0.00290159141392307,0.1085511979078));
#1718=CARTESIAN_POINT('',(0.0080879750185606,-0.000902900587288172,0.108632398770048));
#1719=CARTESIAN_POINT('',(0.00809062711082155,0.000760610931164414,0.108690558722935));
#1720=CARTESIAN_POINT('',(0.0077590575606626,0.00248545518112885,0.108759459939093));
#1721=CARTESIAN_POINT('',(0.00696694478166562,0.00425765793259523,0.108838916444528));
#1722=CARTESIAN_POINT('',(0.00575075799514352,0.00576883224049897,0.108918221034546));
#1723=CARTESIAN_POINT('',(0.00438882117038474,0.00683825587529022,0.108984283560705));
#1724=CARTESIAN_POINT('',(0.00290552046885483,0.00760337166965728,0.109043084558555));
#1725=CARTESIAN_POINT('',(0.0010400260816942,0.00809974329705093,0.10912125401649));
#1726=CARTESIAN_POINT('',(-0.000905644854635061,0.00809691114075314,0.109201254037181));
#1727=CARTESIAN_POINT('',(-0.00250360728095307,0.0077215977634121,0.109267278980855));
#1728=CARTESIAN_POINT('',(-0.00371988115830373,0.00719956298865045,0.109317419023908));
#1729=CARTESIAN_POINT('',(-0.00481532273987362,0.00653153346144713,0.10936288147211));
#1730=CARTESIAN_POINT('',(-0.00604090953727857,0.00546697957382511,0.109426706325936));
#1731=CARTESIAN_POINT('',(-0.00717668103833665,0.00389369686101371,0.109506084384047));
#1732=CARTESIAN_POINT('',(-0.0078745199041336,0.00208362343137749,0.109585405160316));
#1733=CARTESIAN_POINT('',(-0.00811703520858956,0.000370005457121804,0.109651359493355));
#1734=CARTESIAN_POINT('',(-0.00803559827081969,-0.00129754020193331,0.10971022071667));
#1735=CARTESIAN_POINT('',(-0.0075296781457308,-0.0031609388626433,0.109788443841661));
#1736=CARTESIAN_POINT('',(-0.00655179959906098,-0.00484294463136423,0.109868436193347));
#1737=CARTESIAN_POINT('',(-0.00542605371393982,-0.00603725900713858,0.109934436735176));
#1738=CARTESIAN_POINT('',(-0.00436515238843739,-0.00682762708397669,0.109984504936706));
#1739=CARTESIAN_POINT('',(-0.00323776208178089,-0.007440810647707,0.110030000129909));
#1740=CARTESIAN_POINT('',(-0.00170174760568876,-0.00796774533842816,0.110093885500632));
#1741=CARTESIAN_POINT('',(0.000229014201044104,-0.00816170458450841,0.110173271529412));
#1742=CARTESIAN_POINT('',(0.00214497645469792,-0.0078579499976402,0.110252587178999));
#1743=CARTESIAN_POINT('',(0.00374846391146325,-0.00720915473153671,0.110318434956034));
#1744=CARTESIAN_POINT('',(0.005151046621902,-0.00630256231013545,0.110377357943642));
#1745=CARTESIAN_POINT('',(0.00650999791324884,-0.00493027355381602,0.11045563366541));
#1746=CARTESIAN_POINT('',(0.00747505417455441,-0.00324095490846301,0.110535618128771));
#1747=CARTESIAN_POINT('',(0.00794397022232884,-0.00166832821216723,0.110601594266152));
#1748=CARTESIAN_POINT('',(0.00809598731468397,-0.000354775511856401,0.110651589991703));
#1749=CARTESIAN_POINT('',(0.00806147063305668,0.000928423778860885,0.110697119776942));
#1750=CARTESIAN_POINT('',(0.00774726982831011,0.00252213331047619,0.110761064557633));
#1751=CARTESIAN_POINT('',(0.0069470757062461,0.00429001906625583,0.110840458658259));
#1752=CARTESIAN_POINT('',(0.00572364695238056,0.00579542069662713,0.110919769186145));
#1753=CARTESIAN_POINT('',(0.00435920538442702,0.00685711014484481,0.110985509407721));
#1754=CARTESIAN_POINT('',(0.0028711975633146,0.00761662275729036,0.111044496572219));
#1755=CARTESIAN_POINT('',(0.00100209886701785,0.00810453751322876,0.111122823390075));
#1756=CARTESIAN_POINT('',(-0.000943338418284307,0.0080926124140008,0.111202799852165));
#1757=CARTESIAN_POINT('',(-0.00253894029067923,0.00770994055942631,0.111268751570392));
#1758=CARTESIAN_POINT('',(-0.00375116137595226,0.00718327914935024,0.111318674188529));
#1759=CARTESIAN_POINT('',(-0.0048444943569023,0.00651004424816355,0.111364240411897));
#1760=CARTESIAN_POINT('',(-0.00606632059119071,0.00543888911370518,0.111428243495267));
#1761=CARTESIAN_POINT('',(-0.00719483923316029,0.00386013990164548,0.111507645768627));
#1762=CARTESIAN_POINT('',(-0.00788391732753114,0.00204685072929958,0.111586951179969));
#1763=CARTESIAN_POINT('',(-0.00811850878984863,0.000334950902388629,0.111652582847718));
#1764=CARTESIAN_POINT('',(-0.00802985382279458,-0.00133391598085682,0.111711636601069));
#1765=CARTESIAN_POINT('',(-0.00751480928145005,-0.00319615547374342,0.111790013013724));
#1766=CARTESIAN_POINT('',(-0.00652918669319305,-0.00487340025885777,0.111869981361676));
#1767=CARTESIAN_POINT('',(-0.00539825730137039,-0.00606198245466453,0.111935908646364));
#1768=CARTESIAN_POINT('',(-0.00433540225769519,-0.00684652017231646,0.111985757526383));
#1769=CARTESIAN_POINT('',(-0.00320452144453004,-0.00745529176669605,0.112031362033622));
#1770=CARTESIAN_POINT('',(-0.00166470500543297,-0.00797564481096926,0.112095422311744));
#1771=CARTESIAN_POINT('',(0.000267152433611205,-0.00816059436488718,0.112174832858591));
#1772=CARTESIAN_POINT('',(0.00218150399180655,-0.00784764213371045,0.112254133158685));
#1773=CARTESIAN_POINT('',(0.0037795124462639,-0.00719287266582383,0.112319655275335));
#1774=CARTESIAN_POINT('',(0.00517967262090887,-0.00627933629317862,0.112378778028845));
#1775=CARTESIAN_POINT('',(0.00653300949391672,-0.00489975211665941,0.112457202534427));
#1776=CARTESIAN_POINT('',(0.00749006805736153,-0.00320612567357103,0.112537162655454));
#1777=CARTESIAN_POINT('',(0.00795142498913224,-0.00163188798517065,0.112603065492535));
#1778=CARTESIAN_POINT('',(0.00809742318196419,-0.000319585171584104,0.112652840004477));
#1779=CARTESIAN_POINT('',(0.00805733632245006,0.000964471282404295,0.112698484640954));
#1780=CARTESIAN_POINT('',(0.00773553110031004,0.0025581404582815,0.112762601005276));
#1781=CARTESIAN_POINT('',(0.00692699666851407,0.00432246215601173,0.112842019926225));
#1782=CARTESIAN_POINT('',(0.00569641316558219,0.00582185552242035,0.112921315120506));
#1783=CARTESIAN_POINT('',(0.00432957697016235,0.00687580233247229,0.112986726689894));
#1784=CARTESIAN_POINT('',(0.00283671753555857,0.00762976518391593,0.113045920854186));
#1785=CARTESIAN_POINT('',(0.000964155676646402,0.00810914180241254,0.113124391950255));
#1786=CARTESIAN_POINT('',(-0.000980996377428575,0.00808814356349954,0.113204343731652));
#1787=CARTESIAN_POINT('',(-0.00257420192423442,0.00769812311122785,0.11327022210738));
#1788=CARTESIAN_POINT('',(-0.0037823116999978,0.0071668937628274,0.113319921622031));
#1789=CARTESIAN_POINT('',(-0.00487363466314957,0.00648838255797201,0.113365608232722));
#1790=CARTESIAN_POINT('',(-0.00609158553517031,0.00541068011085844,0.113429779574074));
#1791=CARTESIAN_POINT('',(-0.00721284557791056,0.00382650280205889,0.113509206969603));
#1792=CARTESIAN_POINT('',(-0.00789313307364078,0.00201003345606789,0.113588497063647));
#1793=CARTESIAN_POINT('',(-0.00811983272334889,0.00029997074567483,0.113653797090725));
#1794=CARTESIAN_POINT('',(-0.00802393832311923,-0.00137037558646301,0.113713065075719));
#1795=CARTESIAN_POINT('',(-0.00749976757508454,-0.00323128982308695,0.113791581259278));
#1796=CARTESIAN_POINT('',(-0.00650644461710737,-0.00490373979465145,0.113871524588425));
#1797=CARTESIAN_POINT('',(-0.00537035814428208,-0.00608656374880177,0.113937378489373));
#1798=CARTESIAN_POINT('',(-0.0043056295427156,-0.00686525009414202,0.11398700237827));
#1799=CARTESIAN_POINT('',(-0.00317114725383743,-0.00746965908563332,0.114032732807744));
#1800=CARTESIAN_POINT('',(-0.00162763325618417,-0.00798335841792148,0.11409695801635));
#1801=CARTESIAN_POINT('',(0.000305283755269684,-0.00815931258787871,0.114176393986802));
#1802=CARTESIAN_POINT('',(0.00221797885775832,-0.0078371547860559,0.114255678986324));
#1803=CARTESIAN_POINT('',(0.00381042164547311,-0.00717649864195478,0.114320866477169));
#1804=CARTESIAN_POINT('',(0.00520828513641899,-0.00625592004942867,0.114380210692054));
#1805=CARTESIAN_POINT('',(0.0065558631529466,-0.00486912252279441,0.114458770459567));
#1806=CARTESIAN_POINT('',(0.00750491672812732,-0.00317124301174022,0.114538705223931));
#1807=CARTESIAN_POINT('',(0.00795870527697143,-0.00159543026417881,0.114604534636992));
#1808=CARTESIAN_POINT('',(0.00809870673822488,-0.000284457161281288,0.11465408227243));
#1809=CARTESIAN_POINT('',(0.00805303637830936,0.00100057718306282,0.114699858364829));
#1810=CARTESIAN_POINT('',(0.00772361701088813,0.00259407949233841,0.114764136330316));
#1811=CARTESIAN_POINT('',(0.00690677272540313,0.00435481315485389,0.114843580975896));
#1812=CARTESIAN_POINT('',(0.00566905061428364,0.00584815468806157,0.114922860886754));
#1813=CARTESIAN_POINT('',(0.0042999390076408,0.00689432802470771,0.114987934848576));
#1814=CARTESIAN_POINT('',(0.00280207963296875,0.00764280025139247,0.115047357701789));
#1815=CARTESIAN_POINT('',(0.000926198255349433,0.00811355522465625,0.115125959549195));
#1816=CARTESIAN_POINT('',(-0.0010186176164356,0.00808350504210911,0.11520588563633));
#1817=CARTESIAN_POINT('',(-0.0026093911162545,0.007686146019664,0.115271690548718));
#1818=CARTESIAN_POINT('',(-0.0038133317700351,0.00715040803763384,0.115321161303754));
#1819=CARTESIAN_POINT('',(-0.00490274225895767,0.006466548147242,0.115366984902777));
#1820=CARTESIAN_POINT('',(-0.00611670353225025,0.00538235366432496,0.115431314514186));
#1821=CARTESIAN_POINT('',(-0.00723069954072671,0.00379278660410602,0.115510767934961));
#1822=CARTESIAN_POINT('',(-0.00790216685944217,0.00197317294386012,0.115590042763154));
#1823=CARTESIAN_POINT('',(-0.0081210080366627,0.000265065855708746,0.115655002204305));
#1824=CARTESIAN_POINT('',(-0.00801785048125382,-0.00140691784184422,0.11571450610351));
#1825=CARTESIAN_POINT('',(-0.00748455367521429,-0.00326634064068694,0.115793148526232));
#1826=CARTESIAN_POINT('',(-0.00648357425842522,-0.00493396242376606,0.115873065823786));
#1827=CARTESIAN_POINT('',(-0.00534235730851952,-0.00611100228452992,0.115938846223035));
#1828=CARTESIAN_POINT('',(-0.00427583546551263,-0.00688381714219244,0.115988239471494));
#1829=CARTESIAN_POINT('',(-0.00313764000469803,-0.00748391127237664,0.116034112420375));
#1830=CARTESIAN_POINT('',(-0.00159053372805724,-0.00799088598747349,0.116098492566173));
#1831=CARTESIAN_POINT('',(0.000343406997846514,-0.00815785931764366,0.116177954862074));
#1832=CARTESIAN_POINT('',(0.00225439975891471,-0.00782648837967534,0.116257224613745));
#1833=CARTESIAN_POINT('',(0.00384119127539539,-0.00716003398365964,0.116322068543726));
#1834=CARTESIAN_POINT('',(0.00523688250056691,-0.00623231305566163,0.116381655895786));
#1835=CARTESIAN_POINT('',(0.00657855811871899,-0.00483838597142098,0.116460337388753));
#1836=CARTESIAN_POINT('',(0.00751959992860177,-0.00313630809964201,0.116540245784463));
#1837=CARTESIAN_POINT('',(0.00796581109853958,-0.00155895627427757,0.116606001658429));
#1838=CARTESIAN_POINT('',(0.00809983885017046,-0.000249392389089256,0.11665531677491));
#1839=CARTESIAN_POINT('',(0.0080485698975372,0.00103674038194239,0.116701240916404));
#1840=CARTESIAN_POINT('',(0.00771152810038017,0.00262994914190451,0.11676567048449));
#1841=CARTESIAN_POINT('',(0.00688640451954339,0.00438707108520888,0.116845141755312));
#1842=CARTESIAN_POINT('',(0.00564156031607379,0.00587431728909752,0.116924406436746));
#1843=CARTESIAN_POINT('',(0.00427029275717514,0.00691268768495486,0.116989133866217));
#1844=CARTESIAN_POINT('',(0.0027672842432021,0.00765572625379454,0.117048807077173));
#1845=CARTESIAN_POINT('',(0.000888228027671292,0.00811777771598314,0.11712752613483));
#1846=CARTESIAN_POINT('',(-0.00105620098861842,0.00807869721797891,0.11720742551653));
#1847=CARTESIAN_POINT('',(-0.00264450681441991,0.00767400991125619,0.117273156853392));
#1848=CARTESIAN_POINT('',(-0.00384422123730322,0.00713382317840481,0.11732239321327));
#1849=CARTESIAN_POINT('',(-0.00493181573907396,0.00644454078806293,0.117368370389634));
#1850=CARTESIAN_POINT('',(-0.00614167375563925,0.00535391088007209,0.117432848267351));
#1851=CARTESIAN_POINT('',(-0.00724840059955787,0.00375899235467111,0.117512328612752));
#1852=CARTESIAN_POINT('',(-0.00791101841472666,0.00193627052680497,0.117591588230378));
#1853=CARTESIAN_POINT('',(-0.00812203576318427,0.000230237087755815,0.117656198171168));
#1854=CARTESIAN_POINT('',(-0.00801158901719318,-0.0014435415524439,0.117715959646216));
#1855=CARTESIAN_POINT('',(-0.00746916824283621,-0.00330130666304469,0.117794714762538));
#1856=CARTESIAN_POINT('',(-0.00646057651157259,-0.00496406734022499,0.117874605018158));
#1857=CARTESIAN_POINT('',(-0.00531425586425583,-0.00613529746725172,0.117940311806415));
#1858=CARTESIAN_POINT('',(-0.00424602124149635,-0.00690222162050217,0.117989468785849));
#1859=CARTESIAN_POINT('',(-0.00310400020748983,-0.00749804699662146,0.118035500838825));
#1860=CARTESIAN_POINT('',(-0.00155340779275867,-0.00799822736097577,0.118100025912973));
#1861=CARTESIAN_POINT('',(0.000381520993969737,-0.00815623462909859,0.118179515432472));
#1862=CARTESIAN_POINT('',(0.00229076540637663,-0.00781564335164277,0.118258769992864));
#1863=CARTESIAN_POINT('',(0.0038718211168897,-0.00714348001291145,0.118323261457976));
#1864=CARTESIAN_POINT('',(0.00526546303554695,-0.00620851480665711,0.118383113601442));
#1865=CARTESIAN_POINT('',(0.00660109363147229,-0.00480754366920037,0.118461903269952));
#1866=CARTESIAN_POINT('',(0.00753411741173578,-0.00310132211529253,0.11854178428752));
#1867=CARTESIAN_POINT('',(0.00797274247770944,-0.00152246723904697,0.118607466515994));
#1868=CARTESIAN_POINT('',(0.00810082039093179,-0.000214391751766341,0.118656543491932));
#1869=CARTESIAN_POINT('',(0.00804393598637991,0.00107295976776751,0.118702632262727));
#1870=CARTESIAN_POINT('',(0.00769926492129663,0.00266574814153577,0.118767203419564));
#1871=CARTESIAN_POINT('',(0.00686589270245486,0.00441923497519629,0.118846702212596));
#1872=CARTESIAN_POINT('',(0.0056139432965944,0.00590034243267336,0.11892595172227));
#1873=CARTESIAN_POINT('',(0.00424063947022609,0.00693088178598471,0.118990323726305));
#1874=CARTESIAN_POINT('',(0.00273233177453331,0.00766854149464813,0.119050268940376));
#1875=CARTESIAN_POINT('',(0.000850246418243531,0.00812180914425079,0.119129091664235));
#1876=CARTESIAN_POINT('',(-0.00109374535041379,0.0080737207564523,0.11920896329106));
#1877=CARTESIAN_POINT('',(-0.00267954797524496,0.00766171501524085,0.119274621025562));
#1878=CARTESIAN_POINT('',(-0.00387497976117525,0.00711714143561055,0.119323617215097));
#1879=CARTESIAN_POINT('',(-0.00496085371332673,0.00642235579161953,0.119369765155154));
#1880=CARTESIAN_POINT('',(-0.00616649526909821,0.00532537838680597,0.119434377962764));
#1881=CARTESIAN_POINT('',(-0.00726594933051153,0.00372488990188298,0.119513914528035));
#1882=CARTESIAN_POINT('',(-0.0079196836839565,0.00190013435811597,0.1195930441628));
#1883=CARTESIAN_POINT('',(-0.00810728928490859,0.000325407588449291,0.119652568935089));
#1884=CARTESIAN_POINT('',(-0.00802962422480994,-0.00134852711167972,0.119712548559748));
#1885=CARTESIAN_POINT('',(-0.00770870499893832,-0.00255314846541397,0.11976302633953));
#1886=CARTESIAN_POINT('',(-0.00737064427928876,-0.0033008162737818,0.119796459908028));
#1887=CARTESIAN_POINT('',(-0.00520146701760129,0.00572989484935567,0.0951931302270066));
#1888=CARTESIAN_POINT('',(-0.00577372593684631,0.00521239131627221,0.0952247571869178));
#1889=CARTESIAN_POINT('',(-0.00653080938219032,0.00428264624548424,0.0952757350342896));
#1890=CARTESIAN_POINT('',(-0.00722457148550741,0.00285628703422137,0.0953438961704035));
#1891=CARTESIAN_POINT('',(-0.00757221288335956,0.00173301180840271,0.0953932604254061));
#1892=CARTESIAN_POINT('',(-0.00776158734979903,0.000468794145709217,0.0954446263874743));
#1893=CARTESIAN_POINT('',(-0.00773411580574647,-0.0010017969260055,0.0954982506981088));
#1894=CARTESIAN_POINT('',(-0.00727920283858783,-0.00291891400596553,0.0955806185444345));
#1895=CARTESIAN_POINT('',(-0.00621975186725914,-0.0047777666105891,0.0956720880406474));
#1896=CARTESIAN_POINT('',(-0.00479812776968529,-0.00614826047999875,0.0957550305894607));
#1897=CARTESIAN_POINT('',(-0.00344072370790367,-0.00698487710774609,0.0958132746114632));
#1898=CARTESIAN_POINT('',(-0.00187882917375549,-0.0075767448428931,0.0958806081635933));
#1899=CARTESIAN_POINT('',(-3.60217737723844E-05,-0.00782370761821735,0.0959599710865177));
#1900=CARTESIAN_POINT('',(0.00180923861088037,-0.00759396751824312,0.09603936313674));
#1901=CARTESIAN_POINT('',(0.00338008343598198,-0.00701457012988353,0.0961072439065947));
#1902=CARTESIAN_POINT('',(0.00474379414742768,-0.00618999121630076,0.0961653648108341));
#1903=CARTESIAN_POINT('',(0.00617507610526191,-0.00483492069796038,0.0962478109459944));
#1904=CARTESIAN_POINT('',(0.00725217881316023,-0.00298621363053677,0.0963392816106156));
#1905=CARTESIAN_POINT('',(0.00772516525557546,-0.00106970495463684,0.0964221471454667));
#1906=CARTESIAN_POINT('',(0.00776871062064908,0.000524006793566627,0.096480364916172));
#1907=CARTESIAN_POINT('',(0.00749775692059929,0.00217292079998843,0.0965477902297726));
#1908=CARTESIAN_POINT('',(0.00678748705875278,0.00389123319807862,0.0966271578829252));
#1909=CARTESIAN_POINT('',(0.00566357604056424,0.0053725960936781,0.0967065450842974));
#1910=CARTESIAN_POINT('',(0.00437532830453742,0.00644090559998197,0.0967743393374563));
#1911=CARTESIAN_POINT('',(0.0029781665192928,0.00720768386582439,0.0968324740537958));
#1912=CARTESIAN_POINT('',(0.00108747646798651,0.00776699664139493,0.096915005355598));
#1913=CARTESIAN_POINT('',(-0.00105210671905203,0.00777199316863661,0.0970064749277228));
#1914=CARTESIAN_POINT('',(-0.00294687957883975,0.0072206422150165,0.0970892623235568));
#1915=CARTESIAN_POINT('',(-0.00434759575792392,0.00645958410726558,0.0971474562088933));
#1916=CARTESIAN_POINT('',(-0.0056391128928256,0.00539807508688879,0.09721497228399));
#1917=CARTESIAN_POINT('',(-0.00676976612684809,0.00392198044312047,0.0972943446809034));
#1918=CARTESIAN_POINT('',(-0.00748797827301601,0.00220686240838484,0.0973737270599283));
#1919=CARTESIAN_POINT('',(-0.00776644970891503,0.000557345590330121,0.0974414337703222));
#1920=CARTESIAN_POINT('',(-0.00772963720129517,-0.00103610731780477,0.0974995847318983));
#1921=CARTESIAN_POINT('',(-0.00726558898034735,-0.0029531104793557,0.0975821995050517));
#1922=CARTESIAN_POINT('',(-0.00619713693831225,-0.00480682026443498,0.0976736685111311));
#1923=CARTESIAN_POINT('',(-0.00477066501856342,-0.00616943057430593,0.0977563760699387));
#1924=CARTESIAN_POINT('',(-0.0034101653686584,-0.00699992597627151,0.097814548502341));
#1925=CARTESIAN_POINT('',(-0.00184354891727192,-0.00758557737398512,0.0978821543160502));
#1926=CARTESIAN_POINT('',(5.33497987721379E-07,-0.00782378816927707,0.0979615314809319));
#1927=CARTESIAN_POINT('',(0.00184455920165637,-0.00758530304023795,0.0980409090615669));
#1928=CARTESIAN_POINT('',(0.00341076050599607,-0.00699962201358934,0.0981085272043677));
#1929=CARTESIAN_POINT('',(0.00477127345533973,-0.00616898736508723,0.098166696844042));
#1930=CARTESIAN_POINT('',(0.00619783113129428,-0.00480596721012724,0.0982493933923996));
#1931=CARTESIAN_POINT('',(0.00726597893136024,-0.00295208102071404,0.0983408623588713));
#1932=CARTESIAN_POINT('',(0.00772971550663162,-0.00103536483682113,0.0984234883835258));
#1933=CARTESIAN_POINT('',(0.0077664143577591,0.000558017248438371,0.0984816417956444));
#1934=CARTESIAN_POINT('',(0.00748770862497082,0.0022078737982537,0.0985493363241504));
#1935=CARTESIAN_POINT('',(0.0067692314769564,0.00392290381830351,0.0986287182810866));
#1936=CARTESIAN_POINT('',(0.00563836852199829,0.00539881139169319,0.098708091087409));
#1937=CARTESIAN_POINT('',(0.00434703815141339,0.00645994451673847,0.0987756196387127));
#1938=CARTESIAN_POINT('',(0.00294618563876422,0.00722094940323488,0.0988338103891551));
#1939=CARTESIAN_POINT('',(0.00105102151796285,0.00777216547092506,0.0989165870156738));
#1940=CARTESIAN_POINT('',(-0.00108856361802342,0.00776681725845664,0.0990080564689746));
#1941=CARTESIAN_POINT('',(-0.00297884279314538,0.00720738235063257,0.0990905992632441));
#1942=CARTESIAN_POINT('',(-0.00437589547900897,0.00644053612653254,0.0991487360879225));
#1943=CARTESIAN_POINT('',(-0.00566431544075576,0.00537185543313859,0.0992165183064868));
#1944=CARTESIAN_POINT('',(-0.00678801823897425,0.00389030783583663,0.0992959050794436));
#1945=CARTESIAN_POINT('',(-0.00749802030185287,0.00217190731723078,0.0993752731356517));
#1946=CARTESIAN_POINT('',(-0.00776874294554461,0.000523347973165514,0.0994427110724852));
#1947=CARTESIAN_POINT('',(-0.00772508297472406,-0.00107046554812967,0.0995009253661516));
#1948=CARTESIAN_POINT('',(-0.00725178372562082,-0.00298723783001684,0.0995837803729077));
#1949=CARTESIAN_POINT('',(-0.00617437482240414,-0.00483577186621622,0.0996752508394715));
#1950=CARTESIAN_POINT('',(-0.00474319950401559,-0.00619042199883128,0.0997577087080347));
#1951=CARTESIAN_POINT('',(-0.00337947566336362,-0.00701487780314895,0.0998158313782856));
#1952=CARTESIAN_POINT('',(-0.00180822707038507,-0.00759423535897413,0.0998837002612552));
#1953=CARTESIAN_POINT('',(3.70886972058552E-05,-0.00782370363527619,0.0999630918740784));
#1954=CARTESIAN_POINT('',(0.00187983820994864,-0.00757646399116194,0.100042455204493));
#1955=CARTESIAN_POINT('',(0.00344130604462442,-0.00698457707335472,0.100109801504823));
#1956=CARTESIAN_POINT('',(0.00479875052641434,-0.00614780440033314,0.100168041773932));
#1957=CARTESIAN_POINT('',(0.00622043229531337,-0.00477691508669084,0.100250973462136));
#1958=CARTESIAN_POINT('',(0.00727961640468534,-0.00291786496386621,0.10034244546839));
#1959=CARTESIAN_POINT('',(0.00773411012362996,-0.00100111274488218,0.100424816716853));
#1960=CARTESIAN_POINT('',(0.007763968046904,0.0005920928331824,0.100482927665834));
#1961=CARTESIAN_POINT('',(0.00747748850108213,0.00224277500338685,0.100550882186651));
#1962=CARTESIAN_POINT('',(0.00675083315023632,0.00395449154196354,0.100630278663067));
#1963=CARTESIAN_POINT('',(0.0056130309157172,0.0054249030756669,0.100709637292129));
#1964=CARTESIAN_POINT('',(0.00431873033419984,0.0064788212315883,0.100776890934874));
#1965=CARTESIAN_POINT('',(0.00291405083625927,0.00723412290040144,0.100835159611381));
#1966=CARTESIAN_POINT('',(0.00101455853110258,0.00777715174028643,0.100918166281398));
#1967=CARTESIAN_POINT('',(-0.00112501100858355,0.00776145876771695,0.101009640353757));
#1968=CARTESIAN_POINT('',(-0.00301065188639903,0.00719403226134414,0.101091923288666));
#1969=CARTESIAN_POINT('',(-0.00440417615598382,0.00642132552004719,0.101150024949658));
#1970=CARTESIAN_POINT('',(-0.00568938691881397,0.00534551318392091,0.101218064080868));
#1971=CARTESIAN_POINT('',(-0.00680612700171819,0.00385855338276381,0.101297465444486));
#1972=CARTESIAN_POINT('',(-0.00750789011586209,0.00213690179391139,0.101376819396761));
#1973=CARTESIAN_POINT('',(-0.00777088719378851,0.0004894164643862,0.101443979361796));
#1974=CARTESIAN_POINT('',(-0.00772037164451978,-0.0011049107176492,0.101502278877372));
#1975=CARTESIAN_POINT('',(-0.0072378165835937,-0.00302128047199972,0.10158535882873));
#1976=CARTESIAN_POINT('',(-0.00615145956712402,-0.00486462355020663,0.101676835493596));
#1977=CARTESIAN_POINT('',(-0.0047157334195249,-0.00621123505070725,0.101759028422459));
#1978=CARTESIAN_POINT('',(-0.00334865475581895,-0.00702973139930746,0.101817123228839));
#1979=CARTESIAN_POINT('',(-0.00177286501212429,-0.00760271843436336,0.101885245942102));
#1980=CARTESIAN_POINT('',(7.36427261850248E-05,-0.0078234540372443,0.101964652216411));
#1981=CARTESIAN_POINT('',(0.00191507436392114,-0.00756745069270918,0.102044001516587));
#1982=CARTESIAN_POINT('',(0.00347171973230167,-0.00696943658451122,0.102111066784756));
#1983=CARTESIAN_POINT('',(0.00482622382393511,-0.00612644170716705,0.102169399570761));
#1984=CARTESIAN_POINT('',(0.00624287893693559,-0.0047477655157819,0.102252551102175));
#1985=CARTESIAN_POINT('',(0.00729309055082684,-0.00288356663615533,0.102344030885932));
#1986=CARTESIAN_POINT('',(0.00773835041866951,-0.000966949676156337,0.102426132117228));
#1987=CARTESIAN_POINT('',(0.00776137075408366,0.00062623261458923,0.102484222502447));
#1988=CARTESIAN_POINT('',(0.00746709692057691,0.00227762315952335,0.102552427768545));
#1989=CARTESIAN_POINT('',(0.00673229265068652,0.00398599539658372,0.102631838976918));
#1990=CARTESIAN_POINT('',(0.00558756413888617,0.00545087021174879,0.102711183649807));
#1991=CARTESIAN_POINT('',(0.00429040611470421,0.00649753610855394,0.10277815320293));
#1992=CARTESIAN_POINT('',(0.00288176235410193,0.00724720271915571,0.102836521690394));
#1993=CARTESIAN_POINT('',(0.00097808886638293,0.00778195547586907,0.102919743099775));
#1994=CARTESIAN_POINT('',(-0.00116144753091215,0.00775591769809842,0.103011226528784));
#1995=CARTESIAN_POINT('',(-0.00304230665738995,0.00718059358148117,0.103093234371984));
#1996=CARTESIAN_POINT('',(-0.00443243651124691,0.00640195194969135,0.103151322769545));
#1997=CARTESIAN_POINT('',(-0.00571432642815152,0.00531904929198531,0.103219609558392));
#1998=CARTESIAN_POINT('',(-0.00682409186197021,0.00382671806728854,0.103299025724084));
#1999=CARTESIAN_POINT('',(-0.00751758736894435,0.00210184710060266,0.103378365794622));
#2000=CARTESIAN_POINT('',(-0.00777288340205401,0.000455551970533572,0.103445238615507));
#2001=CARTESIAN_POINT('',(-0.00771550191600116,-0.00113944179155989,0.103503645235101));
#2002=CARTESIAN_POINT('',(-0.00722368826036103,-0.00305523724398281,0.103586934819577));
#2003=CARTESIAN_POINT('',(-0.00612839185772156,-0.00489337414177548,0.103678422420173));
#2004=CARTESIAN_POINT('',(-0.00468826827725903,-0.0062318703780955,0.103760335185752));
#2005=CARTESIAN_POINT('',(-0.00331770299680756,-0.00704448548925039,0.103818424029182));
#2006=CARTESIAN_POINT('',(-0.00173746401810075,-0.00761102630213589,0.103886791309834));
#2007=CARTESIAN_POINT('',(0.000110194456790095,-0.0078230393913432,0.103966212455985));
#2008=CARTESIAN_POINT('',(0.00195026639865859,-0.00755826348022566,0.104045547949234));
#2009=CARTESIAN_POINT('',(0.00350200126290801,-0.00695420182150019,0.104112323021682));
#2010=CARTESIAN_POINT('',(0.00485369180076901,-0.00610489868718421,0.104170770203695));
#2011=CARTESIAN_POINT('',(0.00626517040743174,-0.00471851969159416,0.104254126259626));
#2012=CARTESIAN_POINT('',(0.00730640069897767,-0.0028491872206047,0.104345618558116));
#2013=CARTESIAN_POINT('',(0.00774243771177276,-0.000932876610207454,0.104427434557571));
#2014=CARTESIAN_POINT('',(0.00775862155249615,0.00066043564697064,0.104485526280403));
#2015=CARTESIAN_POINT('',(0.00745653426720187,0.00231241701403809,0.104553973021066));
#2016=CARTESIAN_POINT('',(0.00671361055934568,0.00401741441504939,0.104633399170699));
#2017=CARTESIAN_POINT('',(0.00556196911721715,0.00547671187521594,0.104712730111844));
#2018=CARTESIAN_POINT('',(0.00426206674713876,0.00651608952377171,0.10477940642066));
#2019=CARTESIAN_POINT('',(0.00284932045413788,0.00726018722003797,0.104837896594981));
#2020=CARTESIAN_POINT('',(0.000941613882138353,0.00778657671739819,0.104921317417972));
#2021=CARTESIAN_POINT('',(-0.00119787182504902,0.00775019406462392,0.10501281494063));
#2022=CARTESIAN_POINT('',(-0.0030738069242398,0.00716706794326736,0.105094532486495));
#2023=CARTESIAN_POINT('',(-0.00446067526003667,0.00638241508985976,0.105152629522238));
#2024=CARTESIAN_POINT('',(-0.00573913307881429,0.00529246471891021,0.105221154690277));
#2025=CARTESIAN_POINT('',(-0.00684191227575524,0.00379480287782633,0.105300585866301));
#2026=CARTESIAN_POINT('',(-0.00752711172718694,0.00206674450227039,0.105379912280656));
#2027=CARTESIAN_POINT('',(-0.00777473252538199,0.000421755385494092,0.105446488811659));
#2028=CARTESIAN_POINT('',(-0.0077104725032149,-0.00117405771753461,0.105505024407745));
#2029=CARTESIAN_POINT('',(-0.00720939947321628,-0.00308910699191564,0.105588508292666));
#2030=CARTESIAN_POINT('',(-0.00610517239104359,-0.00492202247288819,0.10568001156573));
#2031=CARTESIAN_POINT('',(-0.00466080557783257,-0.0062523286447845,0.105761628971591));
#2032=CARTESIAN_POINT('',(-0.0032866207515406,-0.00705913879759947,0.10581973375371));
#2033=CARTESIAN_POINT('',(-0.00170202536707862,-0.00761915867640695,0.10588833631566));
#2034=CARTESIAN_POINT('',(0.000146742761138192,-0.0078224597241588,0.105967772540869));
#2035=CARTESIAN_POINT('',(0.00198541305296798,-0.0075489027009884,0.106047094453873));
#2036=CARTESIAN_POINT('',(0.00353215034458286,-0.00693887405812024,0.106113570193903));
#2037=CARTESIAN_POINT('',(0.00488115289903813,-0.00608317475835929,0.106172153640761));
#2038=CARTESIAN_POINT('',(0.00628730606999297,-0.00468917881433649,0.106255698881761));
#2039=CARTESIAN_POINT('',(0.00731954618986788,-0.00281472790693594,0.106347208431428));
#2040=CARTESIAN_POINT('',(0.00774637333063291,-0.000898894508756147,0.106428724011941));
#2041=CARTESIAN_POINT('',(0.00775571952271581,0.000694700972223829,0.106486838973834));
#2042=CARTESIAN_POINT('',(0.00744580093677633,0.00234715531769091,0.106555517895407));
#2043=CARTESIAN_POINT('',(0.00669478746613184,0.00404874763571188,0.106634959192481));
#2044=CARTESIAN_POINT('',(0.00553624678485635,0.00550242715056489,0.1067142766297));
#2045=CARTESIAN_POINT('',(0.00423371347798231,0.00653448186536301,0.106780650566628));
#2046=CARTESIAN_POINT('',(0.00281672541778814,0.00727307476256012,0.10683928429279));
#2047=CARTESIAN_POINT('',(0.000905134935898006,0.00779101551792776,0.106922889183314));
#2048=CARTESIAN_POINT('',(-0.00123428253105544,0.00774428789565568,0.107014405535737));
#2049=CARTESIAN_POINT('',(-0.00310515252433382,0.00715345697656278,0.107095817606639));
#2050=CARTESIAN_POINT('',(-0.00448889111057791,0.00636271462758283,0.10715394518161));
#2051=CARTESIAN_POINT('',(-0.00576380598985067,0.00526576043500448,0.107222699427708));
#2052=CARTESIAN_POINT('',(-0.00685958770829072,0.00376280880771413,0.107302145819214));
#2053=CARTESIAN_POINT('',(-0.00753646286888562,0.00203159526652575,0.107381458806342));
#2054=CARTESIAN_POINT('',(-0.0077764355252654,0.000388027590450735,0.107447729929078));
#2055=CARTESIAN_POINT('',(-0.0077052821291892,-0.00120875742581004,0.107506416362577));
#2056=CARTESIAN_POINT('',(-0.00719495095056403,-0.00312288856915381,0.107590079195381));
#2057=CARTESIAN_POINT('',(-0.0060818018754508,-0.00495056738224403,0.107681602876665));
#2058=CARTESIAN_POINT('',(-0.00463334681011778,-0.00627261053000084,0.107762909754796));
#2059=CARTESIAN_POINT('',(-0.0032554083996917,-0.00707369004928193,0.107821052376033));
#2060=CARTESIAN_POINT('',(-0.0016665503408333,-0.00762711528346808,0.107889880910754));
#2061=CARTESIAN_POINT('',(0.000183286511720029,-0.00782171507270107,0.107969332419148));
#2062=CARTESIAN_POINT('',(0.00202051306951845,-0.00753936871413732,0.108048640982003));
#2063=CARTESIAN_POINT('',(0.00356216669967239,-0.00692345456736901,0.108114808280511));
#2064=CARTESIAN_POINT('',(0.00490860555034649,-0.006061269355127,0.108173549848843));
#2065=CARTESIAN_POINT('',(0.00630928529957574,-0.00465974409102304,0.108257268916142));
#2066=CARTESIAN_POINT('',(0.007332526376838,-0.00278018988736271,0.108348800451697));
#2067=CARTESIAN_POINT('',(0.00775015860758434,-0.000865004326921148,0.108430000456998));
#2068=CARTESIAN_POINT('',(0.00775266375736231,0.000729027638219327,0.108488160553718));
#2069=CARTESIAN_POINT('',(0.00743489731972439,0.00238183675363371,0.108557062351936));
#2070=CARTESIAN_POINT('',(0.00667582412956294,0.00407999475442523,0.108636518906039));
#2071=CARTESIAN_POINT('',(0.00551039752647498,0.00552801285577794,0.108715823449244));
#2072=CARTESIAN_POINT('',(0.00420534844802036,0.0065527172141971,0.108781885144107));
#2073=CARTESIAN_POINT('',(0.00278397404412627,0.00728584941725672,0.108840686598335));
#2074=CARTESIAN_POINT('',(0.000996373754462496,0.00776144233476247,0.108918856501695));
#2075=CARTESIAN_POINT('',(-0.000868023827317982,0.00775867806811563,0.108998856462162));
#2076=CARTESIAN_POINT('',(-0.00239922283721398,0.00739900163868485,0.10906488120338));
#2077=CARTESIAN_POINT('',(-0.00356466204392047,0.00689875264226956,0.109115020681504));
#2078=CARTESIAN_POINT('',(-0.00461433994304393,0.00625859783557352,0.10916048337817));
#2079=CARTESIAN_POINT('',(-0.00578872005405482,0.00523846857607285,0.109224308721952));
#2080=CARTESIAN_POINT('',(-0.00687701046438562,0.00373087088496905,0.109303686850033));
#2081=CARTESIAN_POINT('',(-0.00754565053069435,0.00199638699909244,0.109383007574326));
#2082=CARTESIAN_POINT('',(-0.00777799309496238,0.000354371625150116,0.109448961068981));
#2083=CARTESIAN_POINT('',(-0.00769992071533265,-0.00124353593581755,0.109507822767418));
#2084=CARTESIAN_POINT('',(-0.00721507986087162,-0.00302910117470841,0.109586046326211));
#2085=CARTESIAN_POINT('',(-0.00627800510364679,-0.00464082197937271,0.109666038616636));
#2086=CARTESIAN_POINT('',(-0.00519925538778996,-0.0057852155343014,0.109732038955849));
#2087=CARTESIAN_POINT('',(-0.00418266662495867,-0.0065425333007068,0.109782106587594));
#2088=CARTESIAN_POINT('',(-0.00310234550224633,-0.00713008381930564,0.109827602043759));
#2089=CARTESIAN_POINT('',(-0.00163046145363248,-0.00763497526371728,0.109891487895843));
#2090=CARTESIAN_POINT('',(0.000219659264535257,-0.00782078282763321,0.109970873995264));
#2091=CARTESIAN_POINT('',(0.0020555815657542,-0.00752966405308329,0.110050189592807));
#2092=CARTESIAN_POINT('',(0.00359204818946429,-0.00690794449909023,0.11011603652375));
#2093=CARTESIAN_POINT('',(0.00493604024367705,-0.00603918031586725,0.110174960005427));
#2094=CARTESIAN_POINT('',(0.00623820180722291,-0.00472416603730521,0.110253236149266));
#2095=CARTESIAN_POINT('',(0.00716290269267736,-0.00310538761147416,0.110333220550357));
#2096=CARTESIAN_POINT('',(0.00761218926564609,-0.00159844403301911,0.110399196484961));
#2097=CARTESIAN_POINT('',(0.00775782430580326,-0.000339775875237105,0.110449191635878));
#2098=CARTESIAN_POINT('',(0.00772472074553479,0.000889833462642397,0.110494721698572));
#2099=CARTESIAN_POINT('',(0.00742360088796892,0.00241698178032305,0.110558666952025));
#2100=CARTESIAN_POINT('',(0.00665678423401311,0.00411100384636186,0.110638061123961));
#2101=CARTESIAN_POINT('',(0.00548441816386413,0.00555348990146829,0.110717371599737));
#2102=CARTESIAN_POINT('',(0.00417697008577436,0.00657078287825972,0.110783110967524));
#2103=CARTESIAN_POINT('',(0.00275108339217589,0.00729854670164178,0.110842098645031));
#2104=CARTESIAN_POINT('',(0.000960030714186034,0.00776603516772468,0.11092042587322));
#2105=CARTESIAN_POINT('',(-0.000904142648608751,0.00775455799519448,0.111000402272032));
#2106=CARTESIAN_POINT('',(-0.00243307949899985,0.0073878305000143,0.111066353787324));
#2107=CARTESIAN_POINT('',(-0.00359463467895115,0.00688314867298546,0.111116275825984));
#2108=CARTESIAN_POINT('',(-0.00464229326020617,0.00623800506164952,0.111161842341299));
#2109=CARTESIAN_POINT('',(-0.00581306879654709,0.00521155080312107,0.111225845888824));
#2110=CARTESIAN_POINT('',(-0.0068944093786616,0.00369871518279448,0.111305248234163));
#2111=CARTESIAN_POINT('',(-0.00755465436457291,0.0019611500456329,0.111384553593331));
#2112=CARTESIAN_POINT('',(-0.00777940438922098,0.000320782156889845,0.111450184399603));
#2113=CARTESIAN_POINT('',(-0.00769441524017779,-0.0012783933688908,0.1115092386849));
#2114=CARTESIAN_POINT('',(-0.00720083106968838,-0.00306284625929514,0.111587615496143));
#2115=CARTESIAN_POINT('',(-0.00625633609944835,-0.00467000477707491,0.111667583779808));
#2116=CARTESIAN_POINT('',(-0.00517261953672217,-0.00580890543130329,0.111733510861406));
#2117=CARTESIAN_POINT('',(-0.00415415939927101,-0.00656063620015206,0.111783359157116));
#2118=CARTESIAN_POINT('',(-0.00307049221899211,-0.00714395964762685,0.111828963970787));
#2119=CARTESIAN_POINT('',(-0.0015949660080015,-0.00764254367701086,0.111893024704453));
#2120=CARTESIAN_POINT('',(0.000256204415061228,-0.0078197180697109,0.111972435323945));
#2121=CARTESIAN_POINT('',(0.00209058302888777,-0.00751978570893013,0.112051735571802));
#2122=CARTESIAN_POINT('',(0.00362179871633431,-0.00689234233081682,0.112117256819298));
#2123=CARTESIAN_POINT('',(0.0049634709708517,-0.00601692306998971,0.112176380123683));
#2124=CARTESIAN_POINT('',(0.00626025123474499,-0.00469491888250244,0.112254805016105));
#2125=CARTESIAN_POINT('',(0.00717728852072764,-0.0030720129920066,0.112334765071837));
#2126=CARTESIAN_POINT('',(0.00761933166175829,-0.00156352591499176,0.112400667705678));
#2127=CARTESIAN_POINT('',(0.00775919943327789,-0.000306056159462547,0.112450441628482));
#2128=CARTESIAN_POINT('',(0.00772075820973367,0.000924376011219382,0.112496086585876));
#2129=CARTESIAN_POINT('',(0.00741235147951962,0.00245148445666653,0.112560203397122));
#2130=CARTESIAN_POINT('',(0.00663754313333623,0.00414209128819771,0.112639622391382));
#2131=CARTESIAN_POINT('',(0.00545832119389258,0.00557881974647828,0.112718917533364));
#2132=CARTESIAN_POINT('',(0.00414857963183318,0.00658869323093652,0.112784328225932));
#2133=CARTESIAN_POINT('',(0.00271804218281723,0.00731113985207108,0.112843522960021));
#2134=CARTESIAN_POINT('',(0.000923672376241861,0.00777044600572771,0.112921994431175));
#2135=CARTESIAN_POINT('',(-0.000940227344297483,0.00775027490780536,0.11300194614627));
#2136=CARTESIAN_POINT('',(-0.002466867758488,0.00737650581555196,0.113067824318611));
#2137=CARTESIAN_POINT('',(-0.00362448284473813,0.00686744740803459,0.113117523239302));
#2138=CARTESIAN_POINT('',(-0.0046702165633644,0.00621724701180299,0.11316321018539));
#2139=CARTESIAN_POINT('',(-0.00583727752601044,0.00518451944739838,0.113227381965043));
#2140=CARTESIAN_POINT('',(-0.00691166278191857,0.0036664826954884,0.113306809434547));
#2141=CARTESIAN_POINT('',(-0.00756348410794631,0.00192587039279074,0.113386099476231));
#2142=CARTESIAN_POINT('',(-0.00778067229594228,0.000287263984676567,0.113451398618835));
#2143=CARTESIAN_POINT('',(-0.00768874584618699,-0.00131333111846131,0.113510667192541));
#2144=CARTESIAN_POINT('',(-0.00718641666117987,-0.0030965125086852,0.113589183739425));
#2145=CARTESIAN_POINT('',(-0.0062345433273317,-0.0046990763266335,0.113669127001265));
#2146=CARTESIAN_POINT('',(-0.00514588524090249,-0.00583245910870636,0.113734980698679));
#2147=CARTESIAN_POINT('',(-0.00412563054191055,-0.0065785827524189,0.113784603988803));
#2148=CARTESIAN_POINT('',(-0.00303851096348422,-0.00715772641805019,0.11383033476815));
#2149=CARTESIAN_POINT('',(-0.00155944264128557,-0.00764993398728066,0.113894560406427));
#2150=CARTESIAN_POINT('',(0.000292742934880117,-0.00781848892097359,0.113973996451516));
#2151=CARTESIAN_POINT('',(0.00212553401132407,-0.00750973538151157,0.11405328139862));
#2152=CARTESIAN_POINT('',(0.00365141572754148,-0.00687665205645774,0.114118467997346));
#2153=CARTESIAN_POINT('',(0.00499088876412381,-0.00599448353711334,0.114177812819851));
#2154=CARTESIAN_POINT('',(0.00628214933138305,-0.00466556809793069,0.114256372938925));
#2155=CARTESIAN_POINT('',(0.00719151603625981,-0.00303858718598366,0.114336307634977));
#2156=CARTESIAN_POINT('',(0.00762630686756035,-0.00152859104270585,0.114402136844362));
#2157=CARTESIAN_POINT('',(0.00776042861974227,-0.000272396176150692,0.114451683876221));
#2158=CARTESIAN_POINT('',(0.00771663695050326,0.000958974509684882,0.114497460332966));
#2159=CARTESIAN_POINT('',(0.00740093403880514,0.00248592185490014,0.114561738719488));
#2160=CARTESIAN_POINT('',(0.00661816318477307,0.00417309047875171,0.114641183440365));
#2161=CARTESIAN_POINT('',(0.00543210084570854,0.00560401959127511,0.114720463298748));
#2162=CARTESIAN_POINT('',(0.00412018003800426,0.00660644404815158,0.114785536360816));
#2163=CARTESIAN_POINT('',(0.00268484969474563,0.00732363011296477,0.114844959840552));
#2164=CARTESIAN_POINT('',(0.000887300412611955,0.00777467394908072,0.114923562027747));
#2165=CARTESIAN_POINT('',(-0.00097627684540135,0.00774582923987998,0.115003488045567));
#2166=CARTESIAN_POINT('',(-0.00250058659487282,0.00736502816113571,0.11506929275414));
#2167=CARTESIAN_POINT('',(-0.00365420619604316,0.00685165000547254,0.115118762900798));
#2168=CARTESIAN_POINT('',(-0.00469810851126473,0.00619632345270391,0.115164586878634));
#2169=CARTESIAN_POINT('',(-0.00586134544052751,0.00515737556210257,0.115228916902437));
#2170=CARTESIAN_POINT('',(-0.00692877016459233,0.00363417442142262,0.11530837039917));
#2171=CARTESIAN_POINT('',(-0.00757213948972332,0.00189054931711197,0.115387645174832));
#2172=CARTESIAN_POINT('',(-0.0077817977998165,0.000253817940829908,0.115452603708606));
#2173=CARTESIAN_POINT('',(-0.00768291129681581,-0.00134834805662055,0.115512108253227));
#2174=CARTESIAN_POINT('',(-0.00717183725693872,-0.00313009870599543,0.115590751003964));
#2175=CARTESIAN_POINT('',(-0.00621262763789543,-0.00472803584718798,0.115670668231198));
#2176=CARTESIAN_POINT('',(-0.0051190535216864,-0.0058558759868496,0.115736448426497));
#2177=CARTESIAN_POINT('',(-0.00409708122378153,-0.00659637323811014,0.115785841061787));
#2178=CARTESIAN_POINT('',(-0.00300640221017762,-0.00717138285408719,0.115831714403944));
#2179=CARTESIAN_POINT('',(-0.00152389266638152,-0.00765714603000217,0.115896094953488));
#2180=CARTESIAN_POINT('',(0.00032927370462171,-0.00781709544299047,0.115975557326006));
#2181=CARTESIAN_POINT('',(0.00216043327350227,-0.00749951347817339,0.116054827025092));
#2182=CARTESIAN_POINT('',(0.00368089899927694,-0.00686087494442364,0.116119670040084));
#2183=CARTESIAN_POINT('',(0.00501829202520119,-0.00597186121602726,0.116179258056446));
#2184=CARTESIAN_POINT('',(0.00630389535784899,-0.00463611483276041,0.116257939865648));
#2185=CARTESIAN_POINT('',(0.007205584991904,-0.00300511132093424,0.116337848190036));
#2186=CARTESIAN_POINT('',(0.00763311489530645,-0.00149364059005821,0.116403603859921));
#2187=CARTESIAN_POINT('',(0.00776151269574419,-0.000238796795406563,0.116452918358448));
#2188=CARTESIAN_POINT('',(0.00771235610254576,0.000993627904933239,0.116498842907676));
#2189=CARTESIAN_POINT('',(0.00738934908369246,0.00252029275740579,0.116563272870856));
#2190=CARTESIAN_POINT('',(0.00659864500418323,0.00420400048133524,0.116642744218952));
#2191=CARTESIAN_POINT('',(0.00540575809446046,0.00562908856927103,0.116722008847747));
#2192=CARTESIAN_POINT('',(0.00409177251187053,0.00662403577404665,0.116786735354629));
#2193=CARTESIAN_POINT('',(0.00265150629960936,0.00733601584965288,0.116846409248766));
#2194=CARTESIAN_POINT('',(0.000850916188339388,0.0077787189365972,0.116925128610872));
#2195=CARTESIAN_POINT('',(-0.00101229005317126,0.00774122134427403,0.11700502792025));
#2196=CARTESIAN_POINT('',(-0.00253423499985092,0.00735339813718726,0.1170707590529));
#2197=CARTESIAN_POINT('',(-0.00368380439878514,0.0068357576196044,0.117119994790047));
#2198=CARTESIAN_POINT('',(-0.00472596775729357,0.00617523416608476,0.117165972388599));
#2199=CARTESIAN_POINT('',(-0.00588527174793188,0.00513012020706883,0.117230450652753));
#2200=CARTESIAN_POINT('',(-0.00694573102651848,0.00360179136378907,0.117309931076084));
#2201=CARTESIAN_POINT('',(-0.00758062025108834,0.00185518809701056,0.11738919064102));
#2202=CARTESIAN_POINT('',(-0.00778278189111085,0.000220444844768692,0.117453799651631));
#2203=CARTESIAN_POINT('',(-0.00767691036561617,-0.00138344303854927,0.11751356182873));
#2204=CARTESIAN_POINT('',(-0.00715709349045411,-0.00316360364056092,0.117592317237712));
#2205=CARTESIAN_POINT('',(-0.00619058988825667,-0.0047568825665044,0.117672207420009));
#2206=CARTESIAN_POINT('',(-0.00509212540457556,-0.00587915549605943,0.117737914003928));
#2207=CARTESIAN_POINT('',(-0.00406851260945911,-0.00661400794865109,0.117787070355862));
#2208=CARTESIAN_POINT('',(-0.00297416644826783,-0.00718492768101207,0.117833102845474));
#2209=CARTESIAN_POINT('',(-0.00148831739770996,-0.0076641796532631,0.117897628297396));
#2210=CARTESIAN_POINT('',(0.000365795605684514,-0.00781553770763708,0.11797711789548));
#2211=CARTESIAN_POINT('',(0.00219527958040412,-0.00748912041783158,0.118056372403132));
#2212=CARTESIAN_POINT('',(0.00371024832167767,-0.00684501226143994,0.118120862930487));
#2213=CARTESIAN_POINT('',(0.00504567914626875,-0.00594905562277375,0.118180715794866));
#2214=CARTESIAN_POINT('',(0.00632548858621816,-0.00460656024331036,0.118259505744241));
#2215=CARTESIAN_POINT('',(0.00721949515102335,-0.0029715865256746,0.118339386687487));
#2216=CARTESIAN_POINT('',(0.00763975576796302,-0.00145867572950165,0.118405068711501));
#2217=CARTESIAN_POINT('',(0.00776245249798794,-0.000205258876427381,0.118454145055177));
#2218=CARTESIAN_POINT('',(0.00770791480951852,0.0010283351319954,0.118500234277053));
#2219=CARTESIAN_POINT('',(0.00737759714371431,0.00255459595164377,0.118564805802995));
#2220=CARTESIAN_POINT('',(0.00657898921594443,0.00423482036471606,0.118644304675264));
#2221=CARTESIAN_POINT('',(0.00537929392301211,0.00565402582499253,0.11872355413215));
#2222=CARTESIAN_POINT('',(0.00406335825253196,0.00664146886173878,0.118787925190861));
#2223=CARTESIAN_POINT('',(0.00261801238881249,0.00734829543652149,0.118847871144698));
#2224=CARTESIAN_POINT('',(0.000814521068557631,0.00778258084180115,0.118926694137624));
#2225=CARTESIAN_POINT('',(-0.00104826587188156,0.00773645185852161,0.119006565689131));
#2226=CARTESIAN_POINT('',(-0.00256781197354321,0.0073416159635802,0.119072223219047));
#2227=CARTESIAN_POINT('',(-0.00371327712678297,0.00681977240651566,0.119121218771579));
#2228=CARTESIAN_POINT('',(-0.00475379296883541,0.0061539746606836,0.119167367177103));
#2229=CARTESIAN_POINT('',(-0.0059090555537761,0.00510277888979629,0.119231980345428));
#2230=CARTESIAN_POINT('',(-0.00696254589632279,0.00356911306565785,0.119311516988179));
#2231=CARTESIAN_POINT('',(-0.00758892258801775,0.00182056084487856,0.119390646579847));
#2232=CARTESIAN_POINT('',(-0.00776865372459103,0.000311639028285577,0.119450170454268));
#2233=CARTESIAN_POINT('',(-0.00769419447568208,-0.0012923952878499,0.119510150673415));
#2234=CARTESIAN_POINT('',(-0.00738664582001412,-0.00244669834598475,0.119560628679749));
#2235=CARTESIAN_POINT('',(-0.0070626861435297,-0.00316312939513587,0.119594062320933));
#2236=CARTESIAN_POINT('',(-0.0049748918139863,0.00547997551683855,0.0949907328969753));
#2237=CARTESIAN_POINT('',(-0.00552219588420991,0.00498500948214203,0.0950223600745143));
#2238=CARTESIAN_POINT('',(-0.00624625247267157,0.00409576525399292,0.0950733381155463));
#2239=CARTESIAN_POINT('',(-0.00690972868109551,0.00273156530484008,0.0951414991310263));
#2240=CARTESIAN_POINT('',(-0.00724218108657067,0.001657251020123,0.0951908631709578));
#2241=CARTESIAN_POINT('',(-0.00742326353658083,0.000448155339520434,0.0952422285712128));
#2242=CARTESIAN_POINT('',(-0.00739695265349098,-0.000958333918603289,0.0952958529843068));
#2243=CARTESIAN_POINT('',(-0.00696180838947426,-0.00279189536320665,0.0953782216518026));
#2244=CARTESIAN_POINT('',(-0.00594848110561928,-0.00456968437259231,0.0954696911339425));
#2245=CARTESIAN_POINT('',(-0.00458880522485024,-0.00588037993634356,0.0955526329664896));
#2246=CARTESIAN_POINT('',(-0.0032905583425319,-0.00668048948609164,0.0956108767296592));
#2247=CARTESIAN_POINT('',(-0.00179670490588388,-0.00724652417857574,0.0956782111474962));
#2248=CARTESIAN_POINT('',(-3.42183733901907E-05,-0.00748266468679243,0.0957575741260963));
#2249=CARTESIAN_POINT('',(0.00173059644448301,-0.00726288280687604,0.0958369661200823));
#2250=CARTESIAN_POINT('',(0.00323292558614033,-0.00670870863039435,0.095904846083521));
#2251=CARTESIAN_POINT('',(0.00453717343100126,-0.00592003787859311,0.0959629671035923));
#2252=CARTESIAN_POINT('',(0.00590604501352636,-0.00462397645302277,0.0960454140535311));
#2253=CARTESIAN_POINT('',(0.00693613648773192,-0.00285582263287985,0.0961368847057358));
#2254=CARTESIAN_POINT('',(0.00738844467747146,-0.0010228667840649,0.096219749509283));
#2255=CARTESIAN_POINT('',(0.00743005214007993,0.000501366752415886,0.0962779670436313));
#2256=CARTESIAN_POINT('',(0.0071708592558741,0.00207842368741083,0.0963453932136406));
#2257=CARTESIAN_POINT('',(0.00649149709426532,0.003721812373487,0.0964247609225516));
#2258=CARTESIAN_POINT('',(0.00541653406443669,0.00513856524438257,0.0965041480677751));
#2259=CARTESIAN_POINT('',(0.00418443439714046,0.00616025379488847,0.0965719415051405));
#2260=CARTESIAN_POINT('',(0.00284815310188897,0.00689357469837336,0.0966300763598707));
#2261=CARTESIAN_POINT('',(0.00103983856700494,0.00742845947271447,0.0967126084608529));
#2262=CARTESIAN_POINT('',(-0.00100647767429591,0.00743317001122534,0.0968040780252078));
#2263=CARTESIAN_POINT('',(-0.00281861589132955,0.00690580627489306,0.0968868646740949));
#2264=CARTESIAN_POINT('',(-0.0041582483963478,0.0061778920661121,0.0969450583456246));
#2265=CARTESIAN_POINT('',(-0.00539345940160718,0.00516260147319178,0.0970125752677968));
#2266=CARTESIAN_POINT('',(-0.00647478151999337,0.00375081526981061,0.0970919477205607));
#2267=CARTESIAN_POINT('',(-0.00716163266073167,0.00211044049889435,0.0971713300435249));
#2268=CARTESIAN_POINT('',(-0.00742791609822259,0.000532847448900372,0.0972390359287568));
#2269=CARTESIAN_POINT('',(-0.00739266830417302,-0.000991149686889586,0.0972971870512814));
#2270=CARTESIAN_POINT('',(-0.00694878691301882,-0.00282460061454669,0.0973798026080052));
#2271=CARTESIAN_POINT('',(-0.00592685088545447,-0.00459747094202293,0.0974712716109625));
#2272=CARTESIAN_POINT('',(-0.00456254021052632,-0.0059006257688943,0.0975539784071897));
#2273=CARTESIAN_POINT('',(-0.00326133083017071,-0.00669488201870698,0.0976121506483374));
#2274=CARTESIAN_POINT('',(-0.00176296228221274,-0.00725497051567701,0.0976797572997789));
#2275=CARTESIAN_POINT('',(7.43420905934935E-07,-0.00748274070977223,0.0977591345206016));
#2276=CARTESIAN_POINT('',(0.00176437710642037,-0.00725459484759064,0.0978385120452646));
#2277=CARTESIAN_POINT('',(0.00326226419648636,-0.00669441180653208,0.0979061293535465));
#2278=CARTESIAN_POINT('',(0.00456345547392853,-0.00589994811730124,0.0979642991767248));
#2279=CARTESIAN_POINT('',(0.00592780703009816,-0.0045962844959786,0.0980469964930328));
#2280=CARTESIAN_POINT('',(0.00694933398560953,-0.00282317724098993,0.0981384654610294));
#2281=CARTESIAN_POINT('',(0.00739279564171079,-0.000990024834851579,0.0982210907074799));
#2282=CARTESIAN_POINT('',(0.00742785505482717,0.000533895560358192,0.0982792439508992));
#2283=CARTESIAN_POINT('',(0.00716124782417537,0.00211185269097291,0.0983469393077836));
#2284=CARTESIAN_POINT('',(0.0064740364109741,0.00375210193159488,0.0984263213207503));
#2285=CARTESIAN_POINT('',(0.00539242448677123,0.00516363696846279,0.0985056940711908));
#2286=CARTESIAN_POINT('',(0.00415737778232041,0.00617846157982318,0.0985732217786286));
#2287=CARTESIAN_POINT('',(0.00281756471781517,0.00690626173490194,0.0986314127351283));
#2288=CARTESIAN_POINT('',(0.00100497277332705,0.00743340174924295,0.0987141901139675));
#2289=CARTESIAN_POINT('',(-0.00104134541562584,0.0074282184782912,0.0988056595734407));
#2290=CARTESIAN_POINT('',(-0.00284918424753897,0.00689312423960021,0.098888201573893));
#2291=CARTESIAN_POINT('',(-0.00418531482293824,0.00615967315720971,0.0989463382524291));
#2292=CARTESIAN_POINT('',(-0.00541756245649052,0.00513752394531864,0.0990141212900074));
#2293=CARTESIAN_POINT('',(-0.00649223712244984,0.00372052279737198,0.0990935081190823));
#2294=CARTESIAN_POINT('',(-0.00717123579386779,0.00207700878806798,0.0991728761195007));
#2295=CARTESIAN_POINT('',(-0.00743010850007533,0.000500332723817824,0.0992403132031313));
#2296=CARTESIAN_POINT('',(-0.00738831159489337,-0.00102401145346752,0.0992985277254064));
#2297=CARTESIAN_POINT('',(-0.00693558239700471,-0.00285723965516148,0.0993813834688428));
#2298=CARTESIAN_POINT('',(-0.00590507989839909,-0.00462515991848719,0.0994728539462265));
#2299=CARTESIAN_POINT('',(-0.0045362725673465,-0.00592070072614589,0.0995553110053696));
#2300=CARTESIAN_POINT('',(-0.0032319776796157,-0.00670918172797748,0.0996134335520372));
#2301=CARTESIAN_POINT('',(-0.00172917989217383,-0.00726324991234824,0.0996813032446459));
#2302=CARTESIAN_POINT('',(3.57051363763026E-05,-0.00748265884415951,0.099760694913674));
#2303=CARTESIAN_POINT('',(0.00179811798756766,-0.00724613992991099,0.0998400581883911));
#2304=CARTESIAN_POINT('',(0.00329147700792408,-0.00668002239164853,0.0999074036261931));
#2305=CARTESIAN_POINT('',(0.00458973536314975,-0.00587968704243557,0.0999656441464586));
#2306=CARTESIAN_POINT('',(0.00594942188627091,-0.00456849821355758,0.100048576555694));
#2307=CARTESIAN_POINT('',(0.00696237592234852,-0.00279045204979943,0.100140048577415));
#2308=CARTESIAN_POINT('',(0.00739699777023694,-0.000957267082285253,0.100222419000865));
#2309=CARTESIAN_POINT('',(0.00742551445240691,0.000566486651542161,0.100280529848823));
#2310=CARTESIAN_POINT('',(0.00715147205766508,0.00214523214825125,0.100348485169895));
#2311=CARTESIAN_POINT('',(0.00645643921003694,0.00378231219858635,0.100427881702601));
#2312=CARTESIAN_POINT('',(0.00536819050009799,0.00518859045900729,0.100507240276061));
#2313=CARTESIAN_POINT('',(0.00413030428455216,0.0061965142386059,0.100574493046962));
#2314=CARTESIAN_POINT('',(0.00278682912190301,0.00691886072697208,0.100632761997171));
#2315=CARTESIAN_POINT('',(0.000970099305016989,0.00743816942426324,0.100715769372558));
#2316=CARTESIAN_POINT('',(-0.00107620405114621,0.00742309232350536,0.100807243465032));
#2317=CARTESIAN_POINT('',(-0.0028796052012558,0.00688035592854975,0.100889525559348));
#2318=CARTESIAN_POINT('',(-0.00421236302402976,0.00614129870678132,0.100947627141878));
#2319=CARTESIAN_POINT('',(-0.00544154014722838,0.00511232917434166,0.101015667063948));
#2320=CARTESIAN_POINT('',(-0.00650955561972676,0.00369015205517724,0.101095068483939));
#2321=CARTESIAN_POINT('',(-0.00718067421637027,0.00204352885442484,0.101174422380708));
#2322=CARTESIAN_POINT('',(-0.00743215841819976,0.000467881232392817,0.101241581464595));
#2323=CARTESIAN_POINT('',(-0.00738380461642316,-0.00105695636078703,0.101299881276414));
#2324=CARTESIAN_POINT('',(-0.00692222305707952,-0.00288979766971772,0.101382961917475));
#2325=CARTESIAN_POINT('',(-0.00588316245330756,-0.00465275332232981,0.101474438607102));
#2326=CARTESIAN_POINT('',(-0.00451000439287999,-0.00594060509454988,0.101556630679801));
#2327=CARTESIAN_POINT('',(-0.0032024990477163,-0.00672338747611084,0.101614725430282));
#2328=CARTESIAN_POINT('',(-0.00169535905468742,-0.0072713620213919,0.101682848925));
#2329=CARTESIAN_POINT('',(7.06657231684599E-05,-0.00748241911006968,0.101762255255764));
#2330=CARTESIAN_POINT('',(0.00183181787156748,-0.00723751836163291,0.101841604500532));
#2331=CARTESIAN_POINT('',(0.00332056371496071,-0.00666554160546187,0.10190866887826));
#2332=CARTESIAN_POINT('',(0.00461601162881716,-0.00585925406609247,0.101967001983048));
#2333=CARTESIAN_POINT('',(0.00597088895056389,-0.0045406187421552,0.102050154188485));
#2334=CARTESIAN_POINT('',(0.00697526164549424,-0.00275764818426576,0.10214163400165));
#2335=CARTESIAN_POINT('',(0.00740105231802073,-0.000924594480040287,0.102223734361223));
#2336=CARTESIAN_POINT('',(0.00742302943959982,0.000599139133307288,0.102281824713107));
#2337=CARTESIAN_POINT('',(0.00714153231190303,0.00217856085815735,0.102350030751245));
#2338=CARTESIAN_POINT('',(0.0064387060386939,0.00381244224442966,0.102429442016153));
#2339=CARTESIAN_POINT('',(0.00534383298168179,0.00521342482296251,0.102508786633734));
#2340=CARTESIAN_POINT('',(0.00410321511055265,0.00621441211950526,0.102575755287134));
#2341=CARTESIAN_POINT('',(0.00275594654611416,0.0069313701078048,0.102634124115914));
#2342=CARTESIAN_POINT('',(0.000935219461803709,0.00744276252314411,0.102717346183632));
#2343=CARTESIAN_POINT('',(-0.00111105228031239,0.00741779154860457,0.102808829646695));
#2344=CARTESIAN_POINT('',(-0.00290987856023569,0.00686750290479345,0.102890836602623));
#2345=CARTESIAN_POINT('',(-0.00423939177763336,0.00612276839157088,0.102948924989412));
#2346=CARTESIAN_POINT('',(-0.00546539161423976,0.00508701807156375,0.103017212540876));
#2347=CARTESIAN_POINT('',(-0.00652673648291257,0.00365970398379268,0.103096628763183));
#2348=CARTESIAN_POINT('',(-0.00718994759734431,0.00201000190514535,0.103175968778513));
#2349=CARTESIAN_POINT('',(-0.00743406675971634,0.000435493841517136,0.103242840690404));
#2350=CARTESIAN_POINT('',(-0.0073791461306023,-0.00108998341896921,0.103301247673844));
#2351=CARTESIAN_POINT('',(-0.00690870956866612,-0.0029222735475901,0.103384537900961));
#2352=CARTESIAN_POINT('',(-0.00586109920567074,-0.00468025003018831,0.103476025540257));
#2353=CARTESIAN_POINT('',(-0.00448373713324814,-0.00596033949416468,0.103557937403028));
#2354=CARTESIAN_POINT('',(-0.00317289527011138,-0.00673749804320432,0.103616026258252));
#2355=CARTESIAN_POINT('',(-0.00166150098978941,-0.00727930655789901,0.103684394292085));
#2356=CARTESIAN_POINT('',(0.000105624102327664,-0.00748202152305889,0.103763815494929));
#2357=CARTESIAN_POINT('',(0.00186547554868192,-0.00722873046359776,0.103843150933072));
#2358=CARTESIAN_POINT('',(0.00334952402496267,-0.00665097066684003,0.103909925087265));
#2359=CARTESIAN_POINT('',(0.0046422827911228,-0.00583864861611776,0.103968372655652));
#2360=CARTESIAN_POINT('',(0.00599220760264349,-0.00451264722396481,0.104051729338518));
#2361=CARTESIAN_POINT('',(0.00698799051359316,-0.00272476677590696,0.104143221680355));
#2362=CARTESIAN_POINT('',(0.00740496054760826,-0.000892007964792652,0.104225036761477));
#2363=CARTESIAN_POINT('',(0.00742039913007272,0.000631852101058873,0.104283128518665));
#2364=CARTESIAN_POINT('',(0.00713142895402434,0.00221183762270254,0.104351576003065));
#2365=CARTESIAN_POINT('',(0.00642083745273927,0.00384249114422087,0.104431002209468));
#2366=CARTESIAN_POINT('',(0.00531935281696054,0.00523813917600559,0.104510333095612));
#2367=CARTESIAN_POINT('',(0.0040761114597736,0.00623215558237438,0.104577008476926));
#2368=CARTESIAN_POINT('',(0.00272491724108171,0.0069437883093892,0.10463549906014));
#2369=CARTESIAN_POINT('',(0.000900334542799772,0.00744718108400826,0.104718920494354));
#2370=CARTESIAN_POINT('',(-0.00114588880244763,0.00741231616808615,0.104810418065004));
#2371=CARTESIAN_POINT('',(-0.0029400041507232,0.00685456672936616,0.104892134677023));
#2372=CARTESIAN_POINT('',(-0.00426639985491383,0.00610408190029154,0.104950231769686));
#2373=CARTESIAN_POINT('',(-0.00548911600645177,0.00506159155673096,0.105018757672009));
#2374=CARTESIAN_POINT('',(-0.00654377919183271,0.00362917952859328,0.105098188904877));
#2375=CARTESIAN_POINT('',(-0.00719905561755042,0.00197642915007658,0.105177515264337));
#2376=CARTESIAN_POINT('',(-0.00743583443808774,0.00040317140597881,0.1052440908586));
#2377=CARTESIAN_POINT('',(-0.00737433490762024,-0.00112309162137624,0.105302626886096));
#2378=CARTESIAN_POINT('',(-0.00689504261789653,-0.00295466618510864,0.105386111366518));
#2379=CARTESIAN_POINT('',(-0.00583889082207007,-0.00470764892501012,0.10547761469222));
#2380=CARTESIAN_POINT('',(-0.00445747222352083,-0.00597990455999213,0.105559231148733));
#2381=CARTESIAN_POINT('',(-0.00314316669623929,-0.00675151220947044,0.105617336010336));
#2382=CARTESIAN_POINT('',(-0.00162760692052976,-0.00728708324856441,0.105685939297108));
#2383=CARTESIAN_POINT('',(0.000140579195141651,-0.00748146610865322,0.105765375579234));
#2384=CARTESIAN_POINT('',(0.00189908981273461,-0.00721977656805747,0.10584469743745));
#2385=CARTESIAN_POINT('',(0.00337835765893333,-0.00663631079403423,0.105911172231514));
#2386=CARTESIAN_POINT('',(0.00466854735998423,-0.00581787013602445,0.105969756132294));
#2387=CARTESIAN_POINT('',(0.00601337723357775,-0.00448458480693124,0.106053301953066));
#2388=CARTESIAN_POINT('',(0.00700056189622667,-0.00269180896264594,0.106144811560014));
#2389=CARTESIAN_POINT('',(0.00740872372887931,-0.00085950845615235,0.10622632617569));
#2390=CARTESIAN_POINT('',(0.00741762264454912,0.000664624638329497,0.106284441239629));
#2391=CARTESIAN_POINT('',(0.00712116236271009,0.0022450612471369,0.106353120876553));
#2392=CARTESIAN_POINT('',(0.00640283401645886,0.00387245797828476,0.106432562230616));
#2393=CARTESIAN_POINT('',(0.00529475089943765,0.00526273264263215,0.106511879613155));
#2394=CARTESIAN_POINT('',(0.004048994524269,0.00624974499852754,0.106578252594904));
#2395=CARTESIAN_POINT('',(0.00269374147616125,0.00695611376273353,0.106636886797494));
#2396=CARTESIAN_POINT('',(0.00086544584634586,0.00745142515772592,0.106720492252051));
#2397=CARTESIAN_POINT('',(-0.00118071231689728,0.00740666620920506,0.1068120086664));
#2398=CARTESIAN_POINT('',(-0.00296998181738592,0.00684154896103941,0.106893419756989));
#2399=CARTESIAN_POINT('',(-0.0042933860203295,0.00608523893374244,0.106951547456567));
#2400=CARTESIAN_POINT('',(-0.00551271248140277,0.00503605055793816,0.107020302408534));
#2401=CARTESIAN_POINT('',(-0.0065606832351049,0.00359857963965973,0.107099748857101));
#2402=CARTESIAN_POINT('',(-0.00720799796942566,0.00194281180159424,0.107179061789659));
#2403=CARTESIAN_POINT('',(-0.00743746237294554,0.000370914768415768,0.107245331948013));
#2404=CARTESIAN_POINT('',(-0.00736936972625934,-0.0011562799446952,0.107304018880441));
#2405=CARTESIAN_POINT('',(-0.0068812229015285,-0.00298697448568795,0.107387682261532));
#2406=CARTESIAN_POINT('',(-0.0058165379800981,-0.00473494889618446,0.107479206009386));
#2407=CARTESIAN_POINT('',(-0.00443121108753558,-0.00599930094179701,0.10756051189174));
#2408=CARTESIAN_POINT('',(-0.00311331368937075,-0.00676542875541587,0.107618654660144));
#2409=CARTESIAN_POINT('',(-0.00159367807283695,-0.00729469183172875,0.107687483891244));
#2410=CARTESIAN_POINT('',(0.000175529923256748,-0.00748075290234814,0.107766935456767));
#2411=CARTESIAN_POINT('',(0.00193265946124405,-0.00721065701860904,0.107846243965164));
#2412=CARTESIAN_POINT('',(0.00340706435146318,-0.00662156320452778,0.107912410290101));
#2413=CARTESIAN_POINT('',(0.00469480383526074,-0.0057969180850703,0.107971152379854));
#2414=CARTESIAN_POINT('',(0.00603439724569627,-0.0044564326455016,0.108054871979688));
#2415=CARTESIAN_POINT('',(0.00701297517500035,-0.00265877588480865,0.108146403586457));
#2416=CARTESIAN_POINT('',(0.00741234313625354,-0.00082709686735594,0.108227602580526));
#2417=CARTESIAN_POINT('',(0.00741469911510641,0.000697455834270083,0.108285762846979));
#2418=CARTESIAN_POINT('',(0.00711073291213412,0.00227823047242114,0.10835466533205));
#2419=CARTESIAN_POINT('',(0.00638469644940094,0.00390234245239774,0.108434121943567));
#2420=CARTESIAN_POINT('',(0.00527002761799364,0.00528720219146119,0.108513426431555));
#2421=CARTESIAN_POINT('',(0.00402186631760898,0.00626718425190935,0.108579487145443));
#2422=CARTESIAN_POINT('',(0.00266241632138433,0.00696833130705958,0.108638289138226));
#2423=CARTESIAN_POINT('',(0.000952708485758249,0.00742314269853835,0.108716459567191));
#2424=CARTESIAN_POINT('',(-0.000830415522675719,0.0074204432318399,0.108796459456588));
#2425=CARTESIAN_POINT('',(-0.00229485006189259,0.0070764013235178,0.108862483958917));
#2426=CARTESIAN_POINT('',(-0.00340945268785593,0.00659793693948793,0.108912622770394));
#2427=CARTESIAN_POINT('',(-0.00441336643660069,0.0059856550850451,0.108958085760264));
#2428=CARTESIAN_POINT('',(-0.00553653895403889,0.00500994789995742,0.109021911682209));
#2429=CARTESIAN_POINT('',(-0.00657734578845405,0.00356803337135458,0.109101289892842));
#2430=CARTESIAN_POINT('',(-0.00721678396666841,0.00190913802719205,0.109180610555824));
#2431=CARTESIAN_POINT('',(-0.00743895119812199,0.000338726813696446,0.10924656306114));
#2432=CARTESIAN_POINT('',(-0.00736424107764802,-0.00118954354668167,0.10930542532025));
#2433=CARTESIAN_POINT('',(-0.00690047623341932,-0.00289727534641452,0.109383649390934));
#2434=CARTESIAN_POINT('',(-0.00600420270662159,-0.00443870944931137,0.109463641609066));
#2435=CARTESIAN_POINT('',(-0.00497244758848999,-0.00553318005387449,0.109529641709201));
#2436=CARTESIAN_POINT('',(-0.00400017134872145,-0.00625744526936234,0.109579708668567));
#2437=CARTESIAN_POINT('',(-0.00296691808482865,-0.00681936146544746,0.109625204435044));
#2438=CARTESIAN_POINT('',(-0.00155916272618395,-0.00730220758740013,0.10968909085515));
#2439=CARTESIAN_POINT('',(0.000210317267675746,-0.00747986039115707,0.109768477037915));
#2440=CARTESIAN_POINT('',(0.00196619893438519,-0.00720137425056447,0.109847792574068));
#2441=CARTESIAN_POINT('',(0.00343564206168826,-0.00660672896075679,0.109913638506576));
#2442=CARTESIAN_POINT('',(0.00472104311858984,-0.00577579055147898,0.109972562571285));
#2443=CARTESIAN_POINT('',(0.00596641328088103,-0.00451804795215542,0.110050839213169));
#2444=CARTESIAN_POINT('',(0.0068507560069006,-0.00296980840660494,0.110130823540776));
#2445=CARTESIAN_POINT('',(0.00728041047389603,-0.00152854765391009,0.110196799236112));
#2446=CARTESIAN_POINT('',(0.00741966150646484,-0.000324765139304482,0.110246793708929));
#2447=CARTESIAN_POINT('',(0.00738796929514719,0.000851254784638555,0.110292324099039));
#2448=CARTESIAN_POINT('',(0.00709992771650924,0.00231184233046495,0.110356269910364));
#2449=CARTESIAN_POINT('',(0.00636648568787892,0.00393199948232987,0.110435664166435));
#2450=CARTESIAN_POINT('',(0.00524517989055874,0.00531156777621409,0.110514974580743));
#2451=CARTESIAN_POINT('',(0.00399472540301436,0.00628446124602185,0.110580712941011));
#2452=CARTESIAN_POINT('',(0.00263095783653367,0.00698047476742296,0.110639701223903));
#2453=CARTESIAN_POINT('',(0.000917949618371153,0.00742753407897937,0.110718028936285));
#2454=CARTESIAN_POINT('',(-0.000864959583377123,0.00741650175765062,0.110798005260423));
#2455=CARTESIAN_POINT('',(-0.0023272303449496,0.00706571619823428,0.110863956536261));
#2456=CARTESIAN_POINT('',(-0.00343811767836694,0.00658301282264186,0.110913877891107));
#2457=CARTESIAN_POINT('',(-0.0044401014645385,0.00596595867854784,0.110959444750937));
#2458=CARTESIAN_POINT('',(-0.00555982532966364,0.00498420277520059,0.11102344884618));
#2459=CARTESIAN_POINT('',(-0.00659398537186899,0.00353727890164316,0.111102851276442));
#2460=CARTESIAN_POINT('',(-0.00722539414583487,0.00187543680834565,0.111182156574065));
#2461=CARTESIAN_POINT('',(-0.00744030016144694,0.000306602485114637,0.111247786363746));
#2462=CARTESIAN_POINT('',(-0.00735897451405458,-0.00122288269831945,0.111306841276773));
#2463=CARTESIAN_POINT('',(-0.0068868474546174,-0.00292954887092725,0.111385218558351));
#2464=CARTESIAN_POINT('',(-0.00598347756563771,-0.0044666193737746,0.111465186766153));
#2465=CARTESIAN_POINT('',(-0.00494697226951308,-0.00555583634764547,0.111531113608115));
#2466=CARTESIAN_POINT('',(-0.00397290704400363,-0.00627475791759655,0.111580961214304));
#2467=CARTESIAN_POINT('',(-0.002936452088012,-0.0068326319761208,0.111626566389588));
#2468=CARTESIAN_POINT('',(-0.00152521442936182,-0.00730944487392241,0.111690627660807));
#2469=CARTESIAN_POINT('',(0.000245269332248553,-0.00747884103901104,0.111770038366009));
#2470=CARTESIAN_POINT('',(0.00199967430288083,-0.00719192536279898,0.111849338552248));
#2471=CARTESIAN_POINT('',(0.00346409451258362,-0.00659180667870219,0.111914858774094));
#2472=CARTESIAN_POINT('',(0.00474727859878286,-0.00575450199126018,0.111973982728546));
#2473=CARTESIAN_POINT('',(0.00598750049572267,-0.00449007504409538,0.112052408077438));
#2474=CARTESIAN_POINT('',(0.00686451372331426,-0.00293788839116156,0.112132368056118));
#2475=CARTESIAN_POINT('',(0.00728724043898227,-0.0014951516459188,0.112198270450144));
#2476=CARTESIAN_POINT('',(0.00742097584828789,-0.000292516093089981,0.11224804367773));
#2477=CARTESIAN_POINT('',(0.00738417847683708,0.000884292423101379,0.112293689013827));
#2478=CARTESIAN_POINT('',(0.00708916756631644,0.00234484050642921,0.112357806352458));
#2479=CARTESIAN_POINT('',(0.0063480824778829,0.00396173124475501,0.112437225433213));
#2480=CARTESIAN_POINT('',(0.00522021969301001,0.00533579259071961,0.112516520513504));
#2481=CARTESIAN_POINT('',(0.00396757293389458,0.00630158969932233,0.112581930171375));
#2482=CARTESIAN_POINT('',(0.0025993553592096,0.00699251862016548,0.112641125577861));
#2483=CARTESIAN_POINT('',(0.000883176132002399,0.00743175139643643,0.112719597491613));
#2484=CARTESIAN_POINT('',(-0.000899470996875951,0.00741240437848207,0.11279954912847));
#2485=CARTESIAN_POINT('',(-0.00235954519912863,0.00705488422589631,0.11286542706082));
#2486=CARTESIAN_POINT('',(-0.00346666362392524,0.00656799566229275,0.112915125280605));
#2487=CARTESIAN_POINT('',(-0.00446680777456498,0.00594610419692108,0.112960812622484));
#2488=CARTESIAN_POINT('',(-0.00558297778879995,0.00495834902815353,0.113024984919343));
#2489=CARTESIAN_POINT('',(-0.00661048578310187,0.00350645100235928,0.113104412476126));
#2490=CARTESIAN_POINT('',(-0.00723383782117691,0.00184169476250417,0.113183702456049));
#2491=CARTESIAN_POINT('',(-0.00744151199803839,0.000274546350940816,0.113249000554921));
#2492=CARTESIAN_POINT('',(-0.00735355116371459,-0.00125629865571592,0.113308269823345));
#2493=CARTESIAN_POINT('',(-0.00687306028357808,-0.0029617469862274,0.11338678679895));
#2494=CARTESIAN_POINT('',(-0.00596263405946258,-0.00449442289331733,0.113466729981365));
#2495=CARTESIAN_POINT('',(-0.00492140280605357,-0.00557836235537523,0.113532583438618));
#2496=CARTESIAN_POINT('',(-0.0039456220607366,-0.00629192103823464,0.113582206022155));
#2497=CARTESIAN_POINT('',(-0.00290586370030836,-0.00684579817036137,0.113627937214377));
#2498=CARTESIAN_POINT('',(-0.00149123943999899,-0.0073165118199361,0.113692163359674));
#2499=CARTESIAN_POINT('',(0.000280215045798352,-0.00747766446267199,0.113771599492826));
#2500=CARTESIAN_POINT('',(0.00203310138055485,-0.00718231199244929,0.113850884378098));
#2501=CARTESIAN_POINT('',(0.00349241926774972,-0.00657680014330284,0.113916069924071));
#2502=CARTESIAN_POINT('',(0.00477350169382418,-0.00573303908348885,0.113975415463609));
#2503=CARTESIAN_POINT('',(0.00600844297010187,-0.00446200303377927,0.114053975997518));
#2504=CARTESIAN_POINT('',(0.00687812002666002,-0.002905919430083,0.114133910612959));
#2505=CARTESIAN_POINT('',(0.0072939105024642,-0.0014617396239564,0.114199739582016));
#2506=CARTESIAN_POINT('',(0.00742215061960384,-0.00026032418219014,0.114249285901616));
#2507=CARTESIAN_POINT('',(0.00738023584469675,0.000917383563724749,0.114295062788313));
#2508=CARTESIAN_POINT('',(0.00707824671329188,0.00237777623934713,0.114359341671665));
#2509=CARTESIAN_POINT('',(0.00632954647779635,0.00399137859510787,0.114438786481385));
#2510=CARTESIAN_POINT('',(0.00519514150402174,0.00535989306455781,0.114518066277869));
#2511=CARTESIAN_POINT('',(0.00394041173383249,0.00631856557743281,0.114583138278176));
#2512=CARTESIAN_POINT('',(0.00256760819941755,0.00700446405208156,0.114642562497249));
#2513=CARTESIAN_POINT('',(0.000848389625850533,0.00743579379153483,0.114721165085391));
#2514=CARTESIAN_POINT('',(-0.000933948740841772,0.00740815150933693,0.114801091021415));
#2515=CARTESIAN_POINT('',(-0.00239179364818633,0.00704390595733753,0.114866895489496));
#2516=CARTESIAN_POINT('',(-0.00349509019446644,0.0065528865659988,0.114916364918232));
#2517=CARTESIAN_POINT('',(-0.00449348408382658,0.00592609141714291,0.114962189343092));
#2518=CARTESIAN_POINT('',(-0.0056059955645855,0.00493238766617533,0.115026519853528));
#2519=CARTESIAN_POINT('',(-0.00662684653488967,0.00347555062839647,0.115105973439882));
#2520=CARTESIAN_POINT('',(-0.00724211473353851,0.00180791311058245,0.11518524815358));
#2521=CARTESIAN_POINT('',(-0.00744258764970664,0.000242559207078434,0.115250205616596));
#2522=CARTESIAN_POINT('',(-0.00734796984408458,-0.00128979033995202,0.115309710922851));
#2523=CARTESIAN_POINT('',(-0.00685911531491243,-0.00299386852853913,0.115388354060638));
#2524=CARTESIAN_POINT('',(-0.00594167300167471,-0.00452211926120221,0.115468271204894));
#2525=CARTESIAN_POINT('',(-0.00489574017497939,-0.00560075752276728,0.115534051159541));
#2526=CARTESIAN_POINT('',(-0.00391831751871071,-0.00630893489974866,0.115583443071253));
#2527=CARTESIAN_POINT('',(-0.00287515337564097,-0.00685885882733517,0.115629316877502));
#2528=CARTESIAN_POINT('',(-0.00145723901377481,-0.00732340826821029,0.115693697903476));
#2529=CARTESIAN_POINT('',(0.000315153337758369,-0.00747633072112281,0.115773160366393));
#2530=CARTESIAN_POINT('',(0.00206647898192684,-0.00717253452921422,0.115852430003449));
#2531=CARTESIAN_POINT('',(0.00352061611327185,-0.0065617105676481,0.115917271938702));
#2532=CARTESIAN_POINT('',(0.00479971087498951,-0.0057114013489772,0.115976860738984));
#2533=CARTESIAN_POINT('',(0.00602923999706828,-0.00443383302035157,0.116055542921335));
#2534=CARTESIAN_POINT('',(0.00689157468045384,-0.00287390260175597,0.116135451161562));
#2535=CARTESIAN_POINT('',(0.00730042067616261,-0.00142831271072952,0.116201206590638));
#2536=CARTESIAN_POINT('',(0.00742318661480642,-0.000228190238667404,0.116250520359941));
#2537=CARTESIAN_POINT('',(0.00737614057123302,0.000950527199184668,0.116296445390324));
#2538=CARTESIAN_POINT('',(0.00706716565284011,0.00241064836472794,0.116360875819723));
#2539=CARTESIAN_POINT('',(0.00631087827671286,0.00402094063758803,0.116440347258994));
#2540=CARTESIAN_POINT('',(0.00516994625630587,0.00538386836901186,0.116519611825698));
#2541=CARTESIAN_POINT('',(0.00391324295767589,0.00633538930523853,0.11658433724387));
#2542=CARTESIAN_POINT('',(0.0025357167128083,0.00701630949975701,0.116644011944205));
#2543=CARTESIAN_POINT('',(0.00081359140545729,0.00743966120588545,0.116722731665554));
#2544=CARTESIAN_POINT('',(-0.000968391764465996,0.00740374348778231,0.116802630889588));
#2545=CARTESIAN_POINT('',(-0.00242397472783922,0.00703278196688416,0.116868361781278));
#2546=CARTESIAN_POINT('',(-0.00352339707059596,0.00653768663773401,0.116917596783564));
#2547=CARTESIAN_POINT('',(-0.00452012910434569,0.00590592013059685,0.116963574880327));
#2548=CARTESIAN_POINT('',(-0.00562887789948503,0.00490631970297351,0.117028053600483));
#2549=CARTESIAN_POINT('',(-0.00664306714896045,0.00344457873925704,0.117107534115762));
#2550=CARTESIAN_POINT('',(-0.00725022463550483,0.0017740930752806,0.117186793618547));
#2551=CARTESIAN_POINT('',(-0.00744352806359395,0.000210641837092263,0.117251401531491));
#2552=CARTESIAN_POINT('',(-0.00734222938228026,-0.00132335665593627,0.117311164537056));
#2553=CARTESIAN_POINT('',(-0.00684501315460931,-0.00302591234003544,0.117389920291368));
#2554=CARTESIAN_POINT('',(-0.00592059521208648,-0.00454970773894354,0.117469810387141));
#2555=CARTESIAN_POINT('',(-0.00486998535712297,-0.00562302130507774,0.117535516729952));
#2556=CARTESIAN_POINT('',(-0.00389099453166195,-0.00632579978096015,0.117584672341396));
#2557=CARTESIAN_POINT('',(-0.00284432158203128,-0.00687181272789624,0.117630705346271));
#2558=CARTESIAN_POINT('',(-0.00142321440782445,-0.00733013407357661,0.117695231243971));
#2559=CARTESIAN_POINT('',(0.000350083138298257,-0.00747483988320352,0.117774720934776));
#2560=CARTESIAN_POINT('',(0.00209980592586224,-0.00716259337385764,0.117853975380219));
#2561=CARTESIAN_POINT('',(0.0035486848485725,-0.00654653916321375,0.117918464800962));
#2562=CARTESIAN_POINT('',(0.00482590460444905,-0.0056895883250401,0.117978318516066));
#2563=CARTESIAN_POINT('',(0.0060498908805404,-0.00440556610979211,0.118057108796854));
#2564=CARTESIAN_POINT('',(0.00690487745847685,-0.00284183898579704,0.118136989652397));
#2565=CARTESIAN_POINT('',(0.0073067709821431,-0.00139487202756253,0.118202671435157));
#2566=CARTESIAN_POINT('',(0.007424084634176,-0.000196115084151512,0.118251747032724));
#2567=CARTESIAN_POINT('',(0.00737189183751929,0.000983722310811805,0.118297836786906));
#2568=CARTESIAN_POINT('',(0.00705592489152214,0.00244345572293923,0.118362408748398));
#2569=CARTESIAN_POINT('',(0.00629207847187199,0.00405041648161464,0.118441907714159));
#2570=CARTESIAN_POINT('',(0.0051446348899519,0.00540771768599492,0.118521157108779));
#2571=CARTESIAN_POINT('',(0.00388606775215836,0.00635206131620819,0.118585527051948));
#2572=CARTESIAN_POINT('',(0.00250368127392669,0.00702805340843826,0.118645473878759));
#2573=CARTESIAN_POINT('',(0.000778782776458361,0.00744335351868781,0.118724297189174));
#2574=CARTESIAN_POINT('',(-0.00100279901986483,0.00739918092354201,0.118804168651804));
#2575=CARTESIAN_POINT('',(-0.00245608748181635,0.00702151246505993,0.118869825940317));
#2576=CARTESIAN_POINT('',(-0.00355158394059136,0.00652239793917543,0.118918820741146));
#2577=CARTESIAN_POINT('',(-0.00454674156103372,0.00588558604367879,0.118964969695954));
#2578=CARTESIAN_POINT('',(-0.00565162394099382,0.00488016952428919,0.119029583289925));
#2579=CARTESIAN_POINT('',(-0.0066591481051365,0.00341332457797252,0.119109120024095));
#2580=CARTESIAN_POINT('',(-0.00725816397919686,0.00174097471065537,0.119188249564933));
#2581=CARTESIAN_POINT('',(-0.00743001835142208,0.000297859637090681,0.119247772379812));
#2582=CARTESIAN_POINT('',(-0.00735876253516836,-0.0012362754714864,0.119307753300498));
#2583=CARTESIAN_POINT('',(-0.00706458234703829,-0.00234026011638611,0.11935823157416));
#2584=CARTESIAN_POINT('',(-0.00675472250782549,-0.00302545397449968,0.119391665301114));
#2585=CARTESIAN_POINT('',(-0.0047483297900182,0.00523004349816999,0.0947883364676022));
#2586=CARTESIAN_POINT('',(-0.00527067816476205,0.00475761323115708,0.0948199639202229));
#2587=CARTESIAN_POINT('',(-0.00596170575565584,0.00390886759489553,0.0948709422060246));
#2588=CARTESIAN_POINT('',(-0.00659489235004539,0.00260682557717874,0.0949391030690322));
#2589=CARTESIAN_POINT('',(-0.00691215284066709,0.00158147199919101,0.0949884668371306));
#2590=CARTESIAN_POINT('',(-0.00708494022204713,0.000427499503064136,0.0950398315272134));
#2591=CARTESIAN_POINT('',(-0.00705978691431945,-0.000914888083494073,0.0950934560698248));
#2592=CARTESIAN_POINT('',(-0.00664440619101887,-0.00266489485725562,0.0951758257753032));
#2593=CARTESIAN_POINT('',(-0.00567719776593402,-0.00436161726745084,0.0952672952396479));
#2594=CARTESIAN_POINT('',(-0.00437946841165468,-0.00561250972106018,0.0953502361668286));
#2595=CARTESIAN_POINT('',(-0.00314037767196308,-0.00637610898121016,0.0954084796028059));
#2596=CARTESIAN_POINT('',(-0.00171456178963698,-0.00691630777011333,0.0954758151149631));
#2597=CARTESIAN_POINT('',(-3.23955123008284E-05,-0.00714162123791145,0.0955551781638777));
#2598=CARTESIAN_POINT('',(0.00165197287357239,-0.00693179289646996,0.0956345700868353));
#2599=CARTESIAN_POINT('',(0.00308578284632667,-0.00640283924800713,0.0957024490309115));
#2600=CARTESIAN_POINT('',(0.00433056629092962,-0.00565007368518554,0.0957605701974016));
#2601=CARTESIAN_POINT('',(0.00563702572936616,-0.00441301640855117,0.0958430181772442));
#2602=CARTESIAN_POINT('',(0.00662010094746098,-0.00272541315931234,0.0959344888137488));
#2603=CARTESIAN_POINT('',(0.00705172588466255,-0.000976011127589528,0.0960173526929199));
#2604=CARTESIAN_POINT('',(0.00709139214404337,0.000478743548763853,0.0960755699284887));
#2605=CARTESIAN_POINT('',(0.00684395582083098,0.00198394501526064,0.0961429971810628));
#2606=CARTESIAN_POINT('',(0.00619549692708861,0.0035524081289535,0.0962223649603924));
#2607=CARTESIAN_POINT('',(0.00516947826409042,0.00490454787634135,0.0963017520347011));
#2608=CARTESIAN_POINT('',(0.00399352611809709,0.00587961110070194,0.0963695444408472));
#2609=CARTESIAN_POINT('',(0.0027181234512486,0.00657947185271847,0.0964276794705147));
#2610=CARTESIAN_POINT('',(0.000992181081528809,0.00708992459548882,0.0965102125816803));
#2611=CARTESIAN_POINT('',(-0.000960868022943732,0.00709434345732438,0.0966016821362115));
#2612=CARTESIAN_POINT('',(-0.00269036819661726,0.0065909631337429,0.0966844678409464));
#2613=CARTESIAN_POINT('',(-0.00396891486673679,0.00589619025887146,0.0967426612422026));
#2614=CARTESIAN_POINT('',(-0.00514781896986561,0.0049271136198946,0.0968101792351411));
#2615=CARTESIAN_POINT('',(-0.00617980614569574,0.00357963295714195,0.096889551758441));
#2616=CARTESIAN_POINT('',(-0.00683529177917712,0.0020139998676851,0.0969689340106012));
#2617=CARTESIAN_POINT('',(-0.00708938316830809,0.000508332331323031,0.0970366388527712));
#2618=CARTESIAN_POINT('',(-0.00705569673649395,-0.000946209309160888,0.0970947901787489));
#2619=CARTESIAN_POINT('',(-0.0066319770091844,-0.00269610883701408,0.0971774067259228));
#2620=CARTESIAN_POINT('',(-0.00565655216438469,-0.00438813669931354,0.0972688757249324));
#2621=CARTESIAN_POINT('',(-0.00435440118786322,-0.00563183117381072,0.0973515815572439));
#2622=CARTESIAN_POINT('',(-0.00311248088381121,-0.00638984514629111,0.097409753556628));
#2623=CARTESIAN_POINT('',(-0.00168235677910618,-0.00692436781445276,0.0974773612670234));
#2624=CARTESIAN_POINT('',(9.7280243800423E-07,-0.00714169264792926,0.0975567385584979));
#2625=CARTESIAN_POINT('',(0.00168421358156389,-0.00692388135861621,0.0976361160124698));
#2626=CARTESIAN_POINT('',(0.00311378289519675,-0.00638919369333986,0.0977037322658598));
#2627=CARTESIAN_POINT('',(0.00435565111376647,-0.00563089788821688,0.0977619023210045));
#2628=CARTESIAN_POINT('',(0.00565779464372526,-0.00438658593636909,0.0978446006080164));
#2629=CARTESIAN_POINT('',(0.00663269573514842,-0.00269425493309722,0.0979360695779416));
#2630=CARTESIAN_POINT('',(0.00705587748697612,-0.000944667452852264,0.098018693840726));
#2631=CARTESIAN_POINT('',(0.0070892941574677,0.000509790782694306,0.0980768468708937));
#2632=CARTESIAN_POINT('',(0.00683478115776321,0.00201584999145408,0.0981445432749068));
#2633=CARTESIAN_POINT('',(0.00617883106998661,0.00358131658047407,0.0982239253586388));
#2634=CARTESIAN_POINT('',(0.00514646655585251,0.00492847595588302,0.0983032980385034));
#2635=CARTESIAN_POINT('',(0.00396770307266792,0.0058969876541783,0.0983708246792322));
#2636=CARTESIAN_POINT('',(0.00268892743243543,0.00659158036399201,0.0984290158962093));
#2637=CARTESIAN_POINT('',(0.000958904451128252,0.00709464021575327,0.098511794225993));
#2638=CARTESIAN_POINT('',(-0.000994146606625942,0.00708961619768231,0.098603263693271));
#2639=CARTESIAN_POINT('',(-0.00271954156550271,0.00657885891587946,0.0986858046903193));
#2640=CARTESIAN_POINT('',(-0.00399474802217716,0.00587880031683321,0.098743941184119));
#2641=CARTESIAN_POINT('',(-0.00517082245555393,0.00490317815193576,0.0988117252569874));
#2642=CARTESIAN_POINT('',(-0.00619646516369175,0.00355072057938925,0.0988911121569396));
#2643=CARTESIAN_POINT('',(-0.00684445591965982,0.00198209151089651,0.0989704800868985));
#2644=CARTESIAN_POINT('',(-0.00709147466492326,0.000477300575252076,0.0990379160920172));
#2645=CARTESIAN_POINT('',(-0.00705153745742105,-0.000977574713173008,0.0990961309032767));
#2646=CARTESIAN_POINT('',(-0.0066193731461094,-0.00272725950967729,0.0991789875778862));
#2647=CARTESIAN_POINT('',(-0.00563577221632673,-0.00441456299819556,0.0992704580689506));
#2648=CARTESIAN_POINT('',(-0.00432933147094456,-0.00565098954628217,0.0993529141049652));
#2649=CARTESIAN_POINT('',(-0.00308446418547389,-0.0064034927053446,0.0994110364954137));
#2650=CARTESIAN_POINT('',(-0.00165011382717314,-0.00693226852381589,0.0994789072114612));
#2651=CARTESIAN_POINT('',(3.43410312822736E-05,-0.00714161336586765,0.0995582989514762));
#2652=CARTESIAN_POINT('',(0.00171641630955754,-0.0069158104753164,0.0996376621558527));
#2653=CARTESIAN_POINT('',(0.0031416628775698,-0.0063754597815914,0.0997050065033527));
#2654=CARTESIAN_POINT('',(0.00438073386481019,-0.00561155857702909,0.0997632473411065));
#2655=CARTESIAN_POINT('',(0.00567842309887841,-0.00436006544993378,0.099846180661731));
#2656=CARTESIAN_POINT('',(0.00664514204495072,-0.00266302055616746,0.0999376527030085));
#2657=CARTESIAN_POINT('',(0.00705988705311031,-0.000913404146157198,0.100020022083619));
#2658=CARTESIAN_POINT('',(0.00708705918371021,0.00054089745258016,0.100078132803878));
#2659=CARTESIAN_POINT('',(0.00682544965363363,0.00204770766731474,0.100146089136523));
#2660=CARTESIAN_POINT('',(0.00616203492294364,0.00361014934566601,0.100225485740324));
#2661=CARTESIAN_POINT('',(0.00512333611800292,0.0049522911817527,0.100304844243564));
#2662=CARTESIAN_POINT('',(0.00394186392634651,0.00591421615771355,0.100372095912387));
#2663=CARTESIAN_POINT('',(0.00265959091200672,0.006603604825231,0.100430365208584));
#2664=CARTESIAN_POINT('',(0.000925620509287142,0.00709918919325757,0.100513373475565));
#2665=CARTESIAN_POINT('',(-0.00102741648611291,0.00708472227491268,0.100604847593471));
#2666=CARTESIAN_POINT('',(-0.0027485742505136,0.00656667237274646,0.10068712862525));
#2667=CARTESIAN_POINT('',(-0.00402056376975385,0.00586126191712316,0.100745230108601));
#2668=CARTESIAN_POINT('',(-0.00519370628219908,0.0048791307939485,0.100813271030368));
#2669=CARTESIAN_POINT('',(-0.0062129933203549,0.00352173350861489,0.10089267252156));
#2670=CARTESIAN_POINT('',(-0.00685346285349486,0.00195013714155775,0.100972026348232));
#2671=CARTESIAN_POINT('',(-0.00709343018332161,0.000446329178671317,0.101039184318278));
#2672=CARTESIAN_POINT('',(-0.00704723474246647,-0.00100901945871444,0.101097484504582));
#2673=CARTESIAN_POINT('',(-0.0066066215230853,-0.0027583328380927,0.101180566017427));
#2674=CARTESIAN_POINT('',(-0.00561485249207936,-0.00444089806878004,0.101272042738363));
#2675=CARTESIAN_POINT('',(-0.00430426126252399,-0.0056699851144335,0.101354233728841));
#2676=CARTESIAN_POINT('',(-0.00305632772686766,-0.00641705057181155,0.101412328408665));
#2677=CARTESIAN_POINT('',(-0.0016178341926483,-0.0069400095673424,0.10148045289119));
#2678=CARTESIAN_POINT('',(6.77081722236707E-05,-0.00714138341092792,0.10155985929326));
#2679=CARTESIAN_POINT('',(0.00174857989667801,-0.00690758054047825,0.101639208468055));
#2680=CARTESIAN_POINT('',(0.00316942250203735,-0.00636163867686481,0.101706271720193));
#2681=CARTESIAN_POINT('',(0.00440581314107269,-0.00559205519070076,0.101764605227956));
#2682=CARTESIAN_POINT('',(0.00569891049225759,-0.00433345603390992,0.101847758285359));
#2683=CARTESIAN_POINT('',(0.00665743925427682,-0.00263171110228105,0.101939238135707));
#2684=CARTESIAN_POINT('',(0.00706375578091274,-0.000882222117501083,0.102021337393389));
#2685=CARTESIAN_POINT('',(0.00708468637033817,0.000572062706299171,0.10207942770314));
#2686=CARTESIAN_POINT('',(0.00681596164792798,0.00207951689653326,0.102147634717183));
#2687=CARTESIAN_POINT('',(0.00614510900835282,0.00363890553694545,0.1022270460535));
#2688=CARTESIAN_POINT('',(0.00510008778791258,0.00497599270170153,0.102306390601233));
#2689=CARTESIAN_POINT('',(0.00391600983075201,0.00593129694383176,0.102373358117309));
#2690=CARTESIAN_POINT('',(0.00263011411157876,0.00661554374104524,0.102431727377551));
#2691=CARTESIAN_POINT('',(0.000892330496485052,0.00710357155236006,0.102514950277404));
#2692=CARTESIAN_POINT('',(-0.00106067642013601,0.00707966169081905,0.102606433783525));
#2693=CARTESIAN_POINT('',(-0.0027774660683881,0.0065544049961141,0.102688439617907));
#2694=CARTESIAN_POINT('',(-0.0040463609430844,0.00584357475135831,0.102746527991086));
#2695=CARTESIAN_POINT('',(-0.00521646962949532,0.00485497241579604,0.10281481650654));
#2696=CARTESIAN_POINT('',(-0.00622939011097914,0.00349267264256857,0.102894232800357));
#2697=CARTESIAN_POINT('',(-0.00686231226500152,0.00191813791185529,0.102973572745968));
#2698=CARTESIAN_POINT('',(-0.00709525058934064,0.000415418968811815,0.103040443508814));
#2699=CARTESIAN_POINT('',(-0.00704278740999829,-0.00104054260081584,0.103098850952197));
#2700=CARTESIAN_POINT('',(-0.00659372278487123,-0.00278932776233739,0.103182141991606));
#2701=CARTESIAN_POINT('',(-0.0055937936173836,-0.00446714083897839,0.103273629679836));
#2702=CARTESIAN_POINT('',(-0.00427919194266529,-0.0056888184702317,0.103355540401419));
#2703=CARTESIAN_POINT('',(-0.00302807182849938,-0.00643051758138315,0.103413629271557));
#2704=CARTESIAN_POINT('',(-0.0015855190399944,-0.00694759067324111,0.103481998257454));
#2705=CARTESIAN_POINT('',(0.000101073195488398,-0.00714100279806903,0.103561419531906));
#2706=CARTESIAN_POINT('',(0.00178070318836835,-0.00689919186044799,0.10364075490046));
#2707=CARTESIAN_POINT('',(0.00319706148946363,-0.00634773154245247,0.103707527893903));
#2708=CARTESIAN_POINT('',(0.0044308875300618,-0.00557238718334231,0.103765975950708));
#2709=CARTESIAN_POINT('',(0.00571925623193479,-0.0043067587784948,0.103849333426013));
#2710=CARTESIAN_POINT('',(0.00666958675103612,-0.00260032765145573,0.103940825822657));
#2711=CARTESIAN_POINT('',(0.00706748487545797,-0.000851122260656387,0.104022639742966));
#2712=CARTESIAN_POINT('',(0.00708217487149339,0.00060328568033958,0.104080731543592));
#2713=CARTESIAN_POINT('',(0.00680631749117929,0.00211127653576038,0.104149179968118));
#2714=CARTESIAN_POINT('',(0.00612805385677079,0.00366758427162375,0.104228606246226));
#2715=CARTESIAN_POINT('',(0.0050767224107517,0.00499957967181438,0.104307937062913));
#2716=CARTESIAN_POINT('',(0.00389014193056792,0.00594823035611183,0.104374611271783));
#2717=CARTESIAN_POINT('',(0.0026004972705888,0.00662739561487182,0.104433102371886));
#2718=CARTESIAN_POINT('',(0.000859035652611378,0.00710778732959151,0.104516524578674));
#2719=CARTESIAN_POINT('',(-0.00109392516730234,0.00707443445938376,0.104608022210006));
#2720=CARTESIAN_POINT('',(-0.00280621685350956,0.00654205827582451,0.1046897376416));
#2721=CARTESIAN_POINT('',(-0.00407213836925381,0.0058257385225807,0.104747834806225));
#2722=CARTESIAN_POINT('',(-0.00523911168525849,0.00483070389539868,0.104816361636723));
#2723=CARTESIAN_POINT('',(-0.00624565503919781,0.00346353888358825,0.104895792941392));
#2724=CARTESIAN_POINT('',(-0.00687100384962345,0.0018860949765191,0.104975119231528));
#2725=CARTESIAN_POINT('',(-0.00709693675486884,0.000384570761352096,0.10504169364167));
#2726=CARTESIAN_POINT('',(-0.00703819428635686,-0.0010721431785138,0.105100230214519));
#2727=CARTESIAN_POINT('',(-0.00658067758644638,-0.0028202432291284,0.105183715447641));
#2728=CARTESIAN_POINT('',(-0.00557259622856457,-0.00449329024272592,0.105275218839897));
#2729=CARTESIAN_POINT('',(-0.00425412488088234,-0.00570749021990375,0.105356834096389));
#2730=CARTESIAN_POINT('',(-0.00299969682404684,-0.00644389256986283,0.105414939058477));
#2731=CARTESIAN_POINT('',(-0.00155316953654924,-0.00695501158079624,0.10548354326146));
#2732=CARTESIAN_POINT('',(0.000134435071535501,-0.00714047155176529,0.105562979615482));
#2733=CARTESIAN_POINT('',(0.00181278503347231,-0.00689064475246155,0.10564230140451));
#2734=CARTESIAN_POINT('',(0.00322457957372759,-0.00633373954105612,0.105708775002791));
#2735=CARTESIAN_POINT('',(0.00445595560948161,-0.00555255402401934,0.10576735947738));
#2736=CARTESIAN_POINT('',(0.00573945973686472,-0.00427997477937336,0.105850906030966));
#2737=CARTESIAN_POINT('',(0.00668158393367092,-0.00256887128982057,0.105942415710342));
#2738=CARTESIAN_POINT('',(0.00707107554881682,-0.000820105453106783,0.106023929106417));
#2739=CARTESIAN_POINT('',(0.00707952384805489,0.00063456549985877,0.106082044299361));
#2740=CARTESIAN_POINT('',(0.00679651754493987,0.00214298544473967,0.106150724840522));
#2741=CARTESIAN_POINT('',(0.00611087000685795,0.0036961846720039,0.106230166266573));
#2742=CARTESIAN_POINT('',(0.00505324083938693,0.00502305125659362,0.106309483580063));
#2743=CARTESIAN_POINT('',(0.00386426136341577,0.00596501674906981,0.106375855354379));
#2744=CARTESIAN_POINT('',(0.00257074064634392,0.00663915894921482,0.106434490159229));
#2745=CARTESIAN_POINT('',(0.000825737216816963,0.00711183657364915,0.106518096326706));
#2746=CARTESIAN_POINT('',(-0.00112716148624199,0.0070690406067653,0.106609612819354));
#2747=CARTESIAN_POINT('',(-0.00283482645784366,0.00652963369955667,0.106691022670777));
#2748=CARTESIAN_POINT('',(-0.00409789486894805,0.00580775294536909,0.106749150527881));
#2749=CARTESIAN_POINT('',(-0.00526163164552435,0.00480632611864388,0.1068179063721));
#2750=CARTESIAN_POINT('',(-0.00626178761703644,0.00343433313850186,0.106897352892744));
#2751=CARTESIAN_POINT('',(-0.00687953731394883,0.0018540094926908,0.106976665756392));
#2752=CARTESIAN_POINT('',(-0.00709848955768029,0.000353785360373927,0.107042934695681));
#2753=CARTESIAN_POINT('',(-0.00703345420608669,-0.00110382021493092,0.107101622258811));
#2754=CARTESIAN_POINT('',(-0.00656748659293037,-0.00285107819194598,0.107185286332917));
#2755=CARTESIAN_POINT('',(-0.00555126097245565,-0.00451934522010762,0.107276810164943));
#2756=CARTESIAN_POINT('',(-0.00422906143596657,-0.00572600098376438,0.10735811478858));
#2757=CARTESIAN_POINT('',(-0.00297120306039018,-0.00645717437333694,0.107416257743028));
#2758=CARTESIAN_POINT('',(-0.00152078685239637,-0.00696227204040758,0.107485087854383));
#2759=CARTESIAN_POINT('',(0.000167792771167722,-0.00713978970600594,0.107564539492072));
#2760=CARTESIAN_POINT('',(0.0018448242843615,-0.00688193954458236,0.107643847931702));
#2761=CARTESIAN_POINT('',(0.00325197650167556,-0.00631966383464229,0.107710013025955));
#2762=CARTESIAN_POINT('',(0.00448101594743789,-0.00553255519682729,0.107768755774847));
#2763=CARTESIAN_POINT('',(0.00575952043676089,-0.00425310513842923,0.10785247604778));
#2764=CARTESIAN_POINT('',(0.00669343021205835,-0.00253734310582044,0.107944007744593));
#2765=CARTESIAN_POINT('',(0.0070745290175071,-0.000789172566185767,0.108025205460406));
#2766=CARTESIAN_POINT('',(0.0070767324715505,0.000665901295269227,0.108083365941431));
#2767=CARTESIAN_POINT('',(0.00678656216719646,0.00217464242227634,0.108152269294715));
#2768=CARTESIAN_POINT('',(0.00609355813870971,0.00372470645349322,0.108231725978756));
#2769=CARTESIAN_POINT('',(0.00502964346862414,0.00504640457633702,0.108311030397018));
#2770=CARTESIAN_POINT('',(0.00383837001287703,0.0059816598080618,0.108377089870863));
#2771=CARTESIAN_POINT('',(0.00254084159058519,0.00665081935847572,0.108435892544441));
#2772=CARTESIAN_POINT('',(0.000909023757846206,0.00708484497500156,0.108514063637757));
#2773=CARTESIAN_POINT('',(-0.000792826329399242,0.00708220566654414,0.108594063437309));
#2774=CARTESIAN_POINT('',(-0.00219049480051876,0.00675379464061851,0.10866008763772));
#2775=CARTESIAN_POINT('',(-0.00325425797388428,0.00629711313178179,0.108710225606489));
#2776=CARTESIAN_POINT('',(-0.00421240685643932,0.00571270157160952,0.108755688967009));
#2777=CARTESIAN_POINT('',(-0.00528437039524314,0.00478141262528157,0.10881951561977));
#2778=CARTESIAN_POINT('',(-0.00627768990558527,0.00340517848030218,0.108898893934708));
#2779=CARTESIAN_POINT('',(-0.00688792154889524,0.00182187019141845,0.108978214520261));
#2780=CARTESIAN_POINT('',(-0.00709990956969905,0.000323065494076772,0.109044165774959));
#2781=CARTESIAN_POINT('',(-0.00702855824106646,-0.00113556899990676,0.109103028742827));
#2782=CARTESIAN_POINT('',(-0.00658586450242777,-0.00276546730991259,0.10918125346052));
#2783=CARTESIAN_POINT('',(-0.00573038837119208,-0.00423661208395263,0.109261245587265));
#2784=CARTESIAN_POINT('',(-0.00474562550281098,-0.0052811565307446,0.109327245385242));
#2785=CARTESIAN_POINT('',(-0.00381766174027139,-0.00597236583479141,0.109377311494654));
#2786=CARTESIAN_POINT('',(-0.00283147434945726,-0.00650864577712748,0.109422807653407));
#2787=CARTESIAN_POINT('',(-0.00148784508242751,-0.00696944343899893,0.10948669479151));
#2788=CARTESIAN_POINT('',(0.000200994714754845,-0.00713893685295238,0.109566081079581));
#2789=CARTESIAN_POINT('',(0.0018768347024504,-0.00687307857509387,0.109645396538205));
#2790=CARTESIAN_POINT('',(0.003279250330587,-0.00630550539512789,0.109711241208595));
#2791=CARTESIAN_POINT('',(0.00450605985843288,-0.00551238905277872,0.109770166010327));
#2792=CARTESIAN_POINT('',(0.00569463608112439,-0.00431191393534656,0.109848443281719));
#2793=CARTESIAN_POINT('',(0.00653861645646726,-0.00283421127464316,0.109928427516434));
#2794=CARTESIAN_POINT('',(0.00694863486406385,-0.00145863292425062,0.109994402909372));
#2795=CARTESIAN_POINT('',(0.00708149896306887,-0.00030973771542519,0.110044396525001));
#2796=CARTESIAN_POINT('',(0.00705121542958192,0.000812693593647642,0.110089927329008));
#2797=CARTESIAN_POINT('',(0.00677624811143118,0.00220672101213744,0.1101538738455));
#2798=CARTESIAN_POINT('',(0.00607617644237779,0.00375301139065348,0.110233268207877));
#2799=CARTESIAN_POINT('',(0.00500592730911592,0.00506965862400001,0.110312578544559));
#2800=CARTESIAN_POINT('',(0.00381246658227552,0.00599814803577776,0.110378315631225));
#2801=CARTESIAN_POINT('',(0.00251081514294236,0.00666240896265067,0.110437304679396));
#2802=CARTESIAN_POINT('',(0.00087584906155205,0.00708903479877027,0.110515633003775));
#2803=CARTESIAN_POINT('',(-0.000825795601820388,0.00707844270843532,0.110595609233517));
#2804=CARTESIAN_POINT('',(-0.00222139865831478,0.00674359545091855,0.110661560206722));
#2805=CARTESIAN_POINT('',(-0.0032816152269544,0.00628286884143133,0.110711480697156));
#2806=CARTESIAN_POINT('',(-0.00423792361047104,0.00569390142418389,0.110757047992501));
#2807=CARTESIAN_POINT('',(-0.00530659432041459,0.00475684009052834,0.11082105278007));
#2808=CARTESIAN_POINT('',(-0.00629357008237559,0.00337582520617701,0.110900455317637));
#2809=CARTESIAN_POINT('',(-0.00689613797531569,0.0017897046865535,0.110979760537538));
#2810=CARTESIAN_POINT('',(-0.00710119613661721,0.000292406385237369,0.111045389042149));
#2811=CARTESIAN_POINT('',(-0.00702353049612172,-0.0011673899663628,0.111104444748701));
#2812=CARTESIAN_POINT('',(-0.00657285564500294,-0.00279626922350773,0.111182822624758));
#2813=CARTESIAN_POINT('',(-0.00571060703591182,-0.00426324906970711,0.111262790736661));
#2814=CARTESIAN_POINT('',(-0.00472131067206119,-0.00530277914196757,0.11132871727576));
#2815=CARTESIAN_POINT('',(-0.00379164038079787,-0.00598888813849417,0.111378564010323));
#2816=CARTESIAN_POINT('',(-0.00280239553766958,-0.00652131092889651,0.111424169642733));
#2817=CARTESIAN_POINT('',(-0.0014554439261305,-0.00697634949724162,0.111488231593431));
#2818=CARTESIAN_POINT('',(0.000234353687170073,-0.00713796282255569,0.111567642406934));
#2819=CARTESIAN_POINT('',(0.00190878394486627,-0.00686405904861099,0.111646942515356));
#2820=CARTESIAN_POINT('',(0.00330640460343536,-0.00629126298295844,0.111712461440679));
#2821=CARTESIAN_POINT('',(0.00453110012812431,-0.00549206904945235,0.111771586216894));
#2822=CARTESIAN_POINT('',(0.00571476099358502,-0.00428521522092597,0.111850012142737));
#2823=CARTESIAN_POINT('',(0.00655174597575353,-0.00280374584642154,0.111929972024017));
#2824=CARTESIAN_POINT('',(0.00695515230752715,-0.0014267590282426,0.111995874114955));
#2825=CARTESIAN_POINT('',(0.00708275245080666,-0.000278959406633568,0.112045646463712));
#2826=CARTESIAN_POINT('',(0.00704759624207598,0.000844226388939851,0.112091292278542));
#2827=CARTESIAN_POINT('',(0.00676597712758257,0.00223821464385426,0.112155410283794));
#2828=CARTESIAN_POINT('',(0.00605861105354693,0.0037813874260698,0.112234829473843));
#2829=CARTESIAN_POINT('',(0.0049821038175902,0.00509277833302209,0.112314124476227));
#2830=CARTESIAN_POINT('',(0.00378655213515707,0.00601449449330805,0.112379532826137));
#2831=CARTESIAN_POINT('',(0.00248065126795943,0.00667390348446337,0.112438729082614));
#2832=CARTESIAN_POINT('',(0.000842660425951971,0.00709305849144715,0.112517201555782));
#2833=CARTESIAN_POINT('',(-0.000858733704684586,0.00707453095515221,0.112597153093737));
#2834=CARTESIAN_POINT('',(-0.0022522400599744,0.00673325611338007,0.112663030722779));
#2835=CARTESIAN_POINT('',(-0.00330885885926468,0.00626853576065395,0.112712728056543));
#2836=CARTESIAN_POINT('',(-0.00426341294165286,0.0056749504021393,0.112758415898755));
#2837=CARTESIAN_POINT('',(-0.00532869042509748,0.00473216389475715,0.112822588849369));
#2838=CARTESIAN_POINT('',(-0.00630931742549889,0.00334640185874933,0.112902016516438));
#2839=CARTESIAN_POINT('',(-0.00690419548444456,0.00175750022800707,0.112981306418365));
#2840=CARTESIAN_POINT('',(-0.0071023518384815,0.0002618123696627,0.113046603197855));
#2841=CARTESIAN_POINT('',(-0.00701835309543634,-0.00119928422700041,0.113105873344487));
#2842=CARTESIAN_POINT('',(-0.0065596956209272,-0.00282699915301301,0.113184390861964));
#2843=CARTESIAN_POINT('',(-0.0056907127388116,-0.00428978449326796,0.113264333943978));
#2844=CARTESIAN_POINT('',(-0.00469690599785397,-0.0053242774003623,0.113330187097707));
#2845=CARTESIAN_POINT('',(-0.00376559929673554,-0.0060052677345569,0.113379808788042));
#2846=CARTESIAN_POINT('',(-0.00277319991663685,-0.00653387650466397,0.113425540502191));
#2847=CARTESIAN_POINT('',(-0.00142301730679308,-0.00698309297742191,0.11348976728837));
#2848=CARTESIAN_POINT('',(0.000267706587470046,-0.00713683873466722,0.113569203532796));
#2849=CARTESIAN_POINT('',(0.00194068708546163,-0.00685488254056314,0.113648488339985));
#2850=CARTESIAN_POINT('',(0.00333343700050036,-0.00627694017119061,0.113713672555171));
#2851=CARTESIAN_POINT('',(0.00455612856014425,-0.00547158263750567,0.113773019001124));
#2852=CARTESIAN_POINT('',(0.0057347477555113,-0.00425842193262652,0.113851580059354));
#2853=CARTESIAN_POINT('',(0.00656473098131744,-0.0027732337142913,0.113931514572897));
#2854=CARTESIAN_POINT('',(0.00696151713817428,-0.0013948698593773,0.113997343238218));
#2855=CARTESIAN_POINT('',(0.00708387273928391,-0.000248235636543212,0.114046888657445));
#2856=CARTESIAN_POINT('',(0.0070438321495837,0.000875810237905949,0.114092666087658));
#2857=CARTESIAN_POINT('',(0.0067555527707571,0.00226964866672732,0.114156945599008));
#2858=CARTESIAN_POINT('',(0.00604091893288036,0.00380968288799246,0.11423639052099));
#2859=CARTESIAN_POINT('',(0.00495816772212982,0.00511577936033696,0.114315670239307));
#2860=CARTESIAN_POINT('',(0.00376062936690362,0.00603069533643627,0.114380740897437));
#2861=CARTESIAN_POINT('',(0.00245034930694921,0.00668530405280147,0.114440166051122));
#2862=CARTESIAN_POINT('',(0.000809459377466664,0.00709691523406505,0.114518769146025));
#2863=CARTESIAN_POINT('',(-0.00089163966231831,0.00707047080276733,0.114598694978654));
#2864=CARTESIAN_POINT('',(-0.00228301807382205,0.0067227771538404,0.114664499142793));
#2865=CARTESIAN_POINT('',(-0.00333598855593479,0.00625411494650879,0.114713967663995));
#2866=CARTESIAN_POINT('',(-0.00428887362552654,0.00565584829277363,0.114759792653954));
#2867=CARTESIAN_POINT('',(-0.00535065797749311,0.00470738499949422,0.114824123779496));
#2868=CARTESIAN_POINT('',(-0.006324931470001,0.00331690934943772,0.114903577479099));
#2869=CARTESIAN_POINT('',(-0.00691209382907113,0.00172525798106384,0.114982852114546));
#2870=CARTESIAN_POINT('',(-0.00710337757422554,0.00023128420682885,0.115047808224014));
#2871=CARTESIAN_POINT('',(-0.00701302491047672,-0.00123125075187556,0.115107314493065));
#2872=CARTESIAN_POINT('',(-0.00654638499783961,-0.00285765598776543,0.115185958120047));
#2873=CARTESIAN_POINT('',(-0.00567070625645477,-0.00431621764202838,0.115265875159412));
#2874=CARTESIAN_POINT('',(-0.00467241241257239,-0.00534565077700496,0.115331654809915));
#2875=CARTESIAN_POINT('',(-0.00373953955675457,-0.006021504879329,0.115381045806945));
#2876=CARTESIAN_POINT('',(-0.00274388791976316,-0.0065463413392519,0.115426920199869));
#2877=CARTESIAN_POINT('',(-0.00139056642287783,-0.00698967372961263,0.115491301828048));
#2878=CARTESIAN_POINT('',(0.000301052393892431,-0.00713556464569185,0.115570764405197));
#2879=CARTESIAN_POINT('',(0.00197254299284059,-0.00684554942301103,0.115650033963923));
#2880=CARTESIAN_POINT('',(0.0033603473177728,-0.00626253811758959,0.115714874534269));
#2881=CARTESIAN_POINT('',(0.00458114369532824,-0.00545092935978881,0.115774464325523));
#2882=CARTESIAN_POINT('',(0.00575459569229995,-0.00423153511957206,0.115853146979495));
#2883=CARTESIAN_POINT('',(0.00657757124756931,-0.0027426759074973,0.115933055113338));
#2884=CARTESIAN_POINT('',(0.00696772936740084,-0.00136296648916934,0.115998810238073));
#2885=CARTESIAN_POINT('',(0.00708486058674423,-0.000217567199164459,0.116048123085555));
#2886=CARTESIAN_POINT('',(0.00703992236242403,0.0009074441789935,0.116094048724181));
#2887=CARTESIAN_POINT('',(0.00674497551390582,0.00230102196939761,0.116158479742878));
#2888=CARTESIAN_POINT('',(0.00602310064271208,0.00383789692151409,0.116237951297362));
#2889=CARTESIAN_POINT('',(0.00493411991301583,0.00513866091510681,0.116317215785658));
#2890=CARTESIAN_POINT('',(0.00373469937961962,0.00604675097079951,0.116381939827584));
#2891=CARTESIAN_POINT('',(0.00241990959958198,0.00669660917550713,0.116441615547052));
#2892=CARTESIAN_POINT('',(0.000776247162136337,0.00710060497104314,0.116520335722441));
#2893=CARTESIAN_POINT('',(-0.000924512471857399,0.0070662625735667,0.116600234838598));
#2894=CARTESIAN_POINT('',(-0.00231373177959991,0.00671215912053653,0.116665965425754));
#2895=CARTESIAN_POINT('',(-0.00336300401226687,0.00623960745263724,0.116715199499093));
#2896=CARTESIAN_POINT('',(-0.00431430443274538,0.00563659489713298,0.116761178225661));
#2897=CARTESIAN_POINT('',(-0.00537249625470553,0.00468250437232467,0.116825657522199));
#2898=CARTESIAN_POINT('',(-0.00634041175950944,0.00328734859405769,0.116905138153671));
#2899=CARTESIAN_POINT('',(-0.00691983277319056,0.00169297911271071,0.116984397577972));
#2900=CARTESIAN_POINT('',(-0.00710427424786973,0.000200822644435313,0.117049004103346));
#2901=CARTESIAN_POINT('',(-0.00700754482193107,-0.00126328849561021,0.117108768156194));
#2902=CARTESIAN_POINT('',(-0.00653292435423738,-0.00288823862278133,0.11718752434696));
#2903=CARTESIAN_POINT('',(-0.00565058837135298,-0.00434254781125765,0.117267414333365));
#2904=CARTESIAN_POINT('',(-0.00464783085238194,-0.00536689875208916,0.117333120371454));
#2905=CARTESIAN_POINT('',(-0.00371346222374546,-0.00603759983903626,0.117382275046834));
#2906=CARTESIAN_POINT('',(-0.00271445999390833,-0.00655870426909566,0.117428308703068));
#2907=CARTESIAN_POINT('',(-0.00135809247423513,-0.00699609161539963,0.117492835164227));
#2908=CARTESIAN_POINT('',(0.000334390085379138,-0.00713414062144207,0.117572324972202));
#2909=CARTESIAN_POINT('',(0.00200435053975652,-0.0068360600785754,0.117651579339087));
#2910=CARTESIAN_POINT('',(0.00338713536397185,-0.00624805797837861,0.117716067360954));
#2911=CARTESIAN_POINT('',(0.00460614406582398,-0.00543010877490431,0.117775922151479));
#2912=CARTESIAN_POINT('',(0.00577430413972227,-0.00420455583740861,0.117854712851126));
#2913=CARTESIAN_POINT('',(0.00659026655871675,-0.00271207345645676,0.117934593595811));
#2914=CARTESIAN_POINT('',(0.00697378901637991,-0.00133104998781277,0.118000275073666));
#2915=CARTESIAN_POINT('',(0.00708571675704765,-0.00018695487855006,0.118049349728065));
#2916=CARTESIAN_POINT('',(0.00703586609909417,0.000939127239822891,0.118095440155153));
#2917=CARTESIAN_POINT('',(0.0067342458406272,0.00233233344514467,0.118160012667172));
#2918=CARTESIAN_POINT('',(0.00600515675315003,0.0038660286767103,0.118239511751078));
#2919=CARTESIAN_POINT('',(0.00490996128756896,0.00516142221663954,0.118318761067069));
#2920=CARTESIAN_POINT('',(0.0037087632676642,0.00606266181022631,0.118383129600073));
#2921=CARTESIAN_POINT('',(0.00238933250356004,0.00670781736868768,0.118443077530429));
#2922=CARTESIAN_POINT('',(0.000743025026099289,0.00710412758726993,0.118521901242102));
#2923=CARTESIAN_POINT('',(-0.000957351133266386,0.00706190684946185,0.118601772592391));
#2924=CARTESIAN_POINT('',(-0.00234438026464749,0.00670140221466176,0.118667429575811));
#2925=CARTESIAN_POINT('',(-0.00338990493101592,0.00622501524627222,0.118716423426398));
#2926=CARTESIAN_POINT('',(-0.00433970414570571,0.00561718611942901,0.118762573075574));
#2927=CARTESIAN_POINT('',(-0.00539420444639543,0.00465754527640477,0.118827187207553));
#2928=CARTESIAN_POINT('',(-0.00635575872311488,0.00325751854315258,0.118906724057248));
#2929=CARTESIAN_POINT('',(-0.00692740903183633,0.00166136959233376,0.118985853533916));
#2930=CARTESIAN_POINT('',(-0.00709138320351541,0.000284063960591134,0.119045375009417));
#2931=CARTESIAN_POINT('',(-0.00702332723024049,-0.00118017369250016,0.119105356816939));
#2932=CARTESIAN_POINT('',(-0.00674251234765972,-0.0022338397317758,0.119155835428476));
#2933=CARTESIAN_POINT('',(-0.0064467505352984,-0.00288779574172417,0.119189269263839));
#2934=CARTESIAN_POINT('',(-0.00751979067996879,0.0029287622179762,0.0955441872674727));
#2935=CARTESIAN_POINT('',(-0.00791750584134005,0.00179502857352269,0.0955687008686724));
#2936=CARTESIAN_POINT('',(-0.00820418069607498,-0.000628291877203564,0.0956116922522419));
#2937=CARTESIAN_POINT('',(-0.00700092819569493,-0.00409630195892494,0.0956863618132275));
#2938=CARTESIAN_POINT('',(-0.00437683547379955,-0.00668618722114747,0.0957613068426744));
#2939=CARTESIAN_POINT('',(-0.000877152201863982,-0.00782762652776357,0.0958315139501628));
#2940=CARTESIAN_POINT('',(0.00275680283234679,-0.0072406818893645,0.0959134936921276));
#2941=CARTESIAN_POINT('',(0.00573450625810618,-0.00504316569944576,0.0959830167394371));
#2942=CARTESIAN_POINT('',(0.00729960878086615,-0.00170063551723933,0.096069864574993));
#2943=CARTESIAN_POINT('',(0.00717778819640066,0.000754811108476021,0.0961166622778608));
#2944=CARTESIAN_POINT('',(0.00680882182800129,0.00190390265363893,0.0961441989812929));
#2945=CARTESIAN_POINT('',(0.00680882182800128,0.00190390265363892,0.0961441989812929));
#2946=CARTESIAN_POINT('',(0.000274282595175525,-0.00806533750428238,0.11817164462451));
#2947=CARTESIAN_POINT('',(0.00175094119326964,-0.00797384487945617,0.118207945676356));
#2948=CARTESIAN_POINT('',(0.00460741979533484,-0.00698595493325302,0.118271557040236));
#2949=CARTESIAN_POINT('',(0.00750522976554802,-0.00343475636606582,0.118383530881037));
#2950=CARTESIAN_POINT('',(0.00806798883397042,0.00110300011070548,0.11848316390866));
#2951=CARTESIAN_POINT('',(0.00608024733311736,0.00523107283306708,0.118600599645073));
#2952=CARTESIAN_POINT('',(0.00214818731128997,0.00761535841066981,0.118701795102311));
#2953=CARTESIAN_POINT('',(-0.00244674672426274,0.00738698800188843,0.118824544573928));
#2954=CARTESIAN_POINT('',(-0.00612113033775214,0.00461842118475897,0.11892900784533));
#2955=CARTESIAN_POINT('',(-0.00706429509434864,0.00169238481877437,0.119015073488813));
#2956=CARTESIAN_POINT('',(-0.00706686472637512,0.000210530138258579,0.11905164462451));
#2957=CARTESIAN_POINT('',(-0.00706686472637513,0.00021053013825858,0.11905164462451));
#2958=CARTESIAN_POINT('',(0.00680882182800126,0.001903902653639,0.0961441989812929));
#2959=CARTESIAN_POINT('',(0.00645355492559722,0.00317442404045025,0.0962044446008452));
#2960=CARTESIAN_POINT('',(0.00499834946426423,0.00552914980052361,0.0963344881663591));
#2961=CARTESIAN_POINT('',(0.00129040693842612,0.00733792644357613,0.0964976327844827));
#2962=CARTESIAN_POINT('',(-0.00282039641305364,0.00689936646393228,0.0966907472176397));
#2963=CARTESIAN_POINT('',(-0.0060666477965486,0.00432785524549058,0.0968583213045755));
#2964=CARTESIAN_POINT('',(-0.00743835634613838,0.00043585584386738,0.0970453152750193));
#2965=CARTESIAN_POINT('',(-0.00652774433686181,-0.00359766760359553,0.0972195947216686));
#2966=CARTESIAN_POINT('',(-0.00359936698259742,-0.00652518635896179,0.0973985871696529));
#2967=CARTESIAN_POINT('',(0.000424884483034988,-0.00743907423069555,0.0975814077516359));
#2968=CARTESIAN_POINT('',(0.00432677976196967,-0.00606903395528498,0.097752005837497));
#2969=CARTESIAN_POINT('',(0.00689672808967258,-0.00282291350404311,0.0979428025035658));
#2970=CARTESIAN_POINT('',(0.00734033881760006,0.00128034422208048,0.0981073789496825));
#2971=CARTESIAN_POINT('',(0.00552973708275603,0.00499773169520583,0.0983023408518391));
#2972=CARTESIAN_POINT('',(0.00200793560594934,0.00717640538927361,0.0984648185501163));
#2973=CARTESIAN_POINT('',(-0.00211778028985693,0.00714390061179418,0.0986606694874658));
#2974=CARTESIAN_POINT('',(-0.00560274817675974,0.00491578830764263,0.098823213335048));
#2975=CARTESIAN_POINT('',(-0.00735995968974853,0.00116731170253613,0.0990178073798669));
#2976=CARTESIAN_POINT('',(-0.00685181728453765,-0.00292806170437918,0.099183205334166));
#2977=CARTESIAN_POINT('',(-0.00423702125121549,-0.00613214124048063,0.0993726386734443));
#2978=CARTESIAN_POINT('',(-0.000310223940122804,-0.00744549666733654,0.099544833027297));
#2979=CARTESIAN_POINT('',(0.00369843085280503,-0.00646853162223038,0.0997259293538155));
#2980=CARTESIAN_POINT('',(0.00658009496610548,-0.00350131367844292,0.0999064438315813));
#2981=CARTESIAN_POINT('',(0.00743147296785479,0.000550617614463292,0.100079455840728));
#2982=CARTESIAN_POINT('',(0.00599906435726428,0.00441958726749402,0.100267739650706));
#2983=CARTESIAN_POINT('',(0.00271861322954192,0.00694013375526914,0.100434109216234));
#2984=CARTESIAN_POINT('',(-0.0014036072969818,0.00731846357546573,0.10062830618319));
#2985=CARTESIAN_POINT('',(-0.00508227723412161,0.00544902226391502,0.100790625837662));
#2986=CARTESIAN_POINT('',(-0.00720730361985056,0.00190047035596085,0.100986874263155));
#2987=CARTESIAN_POINT('',(-0.00710749919989295,-0.00223892956436038,0.101149211949346));
#2988=CARTESIAN_POINT('',(-0.00482702172086563,-0.00567640688990449,0.101344043645671));
#2989=CARTESIAN_POINT('',(-0.0010557207575171,-0.00737855690382891,0.101508638904392));
#2990=CARTESIAN_POINT('',(0.00304331156166807,-0.00680195101006651,0.101700010408994));
#2991=CARTESIAN_POINT('',(0.00619557492955643,-0.00413976659135075,0.101869454892924));
#2992=CARTESIAN_POINT('',(0.00745103544267488,-0.000197730384356034,0.102053646617657));
#2993=CARTESIAN_POINT('',(0.00640541855170064,0.0038077881941102,0.102231648347843));
#2994=CARTESIAN_POINT('',(0.00339757285368546,0.00663163920809283,0.102406421313413));
#2995=CARTESIAN_POINT('',(-0.000663091943122199,0.00742418090296112,0.102593061835804));
#2996=CARTESIAN_POINT('',(-0.00452132079841545,0.00592323300897989,0.102761167075762));
#2997=CARTESIAN_POINT('',(-0.00697915604048652,0.00261048020860867,0.102953491602775));
#2998=CARTESIAN_POINT('',(-0.00729799790848464,-0.00151553282724732,0.103117077142669));
#2999=CARTESIAN_POINT('',(-0.00536266012735066,-0.00517384653657657,0.10331311580333));
#3000=CARTESIAN_POINT('',(-0.00178766535960598,-0.00723378431258344,0.103474681112583));
#3001=CARTESIAN_POINT('',(0.00234661810596454,-0.00707468458734072,0.103670645366062));
#3002=CARTESIAN_POINT('',(0.00575814540519003,-0.00472972045401858,0.103834322986315));
#3003=CARTESIAN_POINT('',(0.00739161628409345,-0.000942098021007604,0.10402659357588));
#3004=CARTESIAN_POINT('',(0.0067565935483799,0.00314753664937085,0.104194704631279));
#3005=CARTESIAN_POINT('',(0.0040343335660495,0.00626494044381814,0.104381327175621));
#3006=CARTESIAN_POINT('',(8.29887165049082E-05,0.00745104851987379,0.10455618137725));
#3007=CARTESIAN_POINT('',(-0.00390587988239456,0.0063483668642907,0.104734038093175));
#3008=CARTESIAN_POINT('',(-0.00668849948743362,0.00328478808350604,0.104918382086396));
#3009=CARTESIAN_POINT('',(-0.00741083581022932,-0.000777170116548585,0.105087741900471));
#3010=CARTESIAN_POINT('',(-0.00585558627122169,-0.00461201050240977,0.105279119644502));
#3011=CARTESIAN_POINT('',(-0.00249095722314594,-0.00702280148770316,0.10544374201578));
#3012=CARTESIAN_POINT('',(0.00162626677740817,-0.00727191255071838,0.105638582735444));
#3013=CARTESIAN_POINT('',(0.00525713595160211,-0.00528399721999248,0.10580086081548));
#3014=CARTESIAN_POINT('',(0.00726306212066755,-0.0016649649581061,0.105997171837483));
#3015=CARTESIAN_POINT('',(0.00703565356101627,0.00245469306562935,0.10615949138856));
#3016=CARTESIAN_POINT('',(0.00464275435850286,0.00583117022886373,0.106353601913503));
#3017=CARTESIAN_POINT('',(0.000815726040472503,0.00740666728476106,0.106520095807206));
#3018=CARTESIAN_POINT('',(-0.00324927052573241,0.00670582331506089,0.106708280205103));
#3019=CARTESIAN_POINT('',(-0.00632801789650693,0.00393886804125438,0.106881329771226));
#3020=CARTESIAN_POINT('',(-0.00745123713086105,-4.36565255870707E-05,0.10706181736278));
#3021=CARTESIAN_POINT('',(-0.00628637219866099,-0.00400111988115203,0.107242984837606));
#3022=CARTESIAN_POINT('',(-0.00318248443594325,-0.00674011763259569,0.107415057540106));
#3023=CARTESIAN_POINT('',(0.00090250768965108,-0.00739654520461679,0.107604634443781));
#3024=CARTESIAN_POINT('',(0.00469975121009862,-0.00578269370038331,0.10776994804155));
#3025=CARTESIAN_POINT('',(0.00706214448176719,-0.00238412273576036,0.107964536159556));
#3026=CARTESIAN_POINT('',(0.00724291269889143,0.0017500844641411,0.10812714058976));
#3027=CARTESIAN_POINT('',(0.0052024670912047,0.00533501926861358,0.108322955547808));
#3028=CARTESIAN_POINT('',(0.00155283866739903,0.00729015577931546,0.108485406677369));
#3029=CARTESIAN_POINT('',(-0.00257318973930412,0.00699290573840207,0.108680418775557));
#3030=CARTESIAN_POINT('',(-0.00589990565016938,0.00455193619606634,0.108844996173917));
#3031=CARTESIAN_POINT('',(-0.00742051989172265,0.000701944512779099,0.109035694814315));
#3032=CARTESIAN_POINT('',(-0.00664930490552236,-0.00336289869198388,0.109206449458248));
#3033=CARTESIAN_POINT('',(-0.00384130017115065,-0.00638538343000898,0.109389128044552));
#3034=CARTESIAN_POINT('',(0.000158922970847372,-0.00745199629559573,0.109568180933084));
#3035=CARTESIAN_POINT('',(0.00410721889334867,-0.00621704872009721,0.109742455026021));
#3036=CARTESIAN_POINT('',(0.00678584727685574,-0.00307937211270415,0.1099294832274));
#3037=CARTESIAN_POINT('',(0.00738380024225525,0.00101771954581029,0.110096943942454));
#3038=CARTESIAN_POINT('',(0.00570223102437,0.00479644688148768,0.110290276204284));
#3039=CARTESIAN_POINT('',(0.00227572544497788,0.0070958732980855,0.11045301792392));
#3040=CARTESIAN_POINT('',(-0.00186209858937753,0.00721726608342611,0.110649254808438));
#3041=CARTESIAN_POINT('',(-0.00542241505888701,0.00511060978560397,0.110811318240392));
#3042=CARTESIAN_POINT('',(-0.00731092815752799,0.00144271653288952,0.111006561012682));
#3043=CARTESIAN_POINT('',(-0.00695404237464688,-0.00268282701181191,0.111170663516103));
#3044=CARTESIAN_POINT('',(-0.00445157217587574,-0.00597526430028545,0.111362811795239));
#3045=CARTESIAN_POINT('',(-0.000589266446577449,-0.00742867678051374,0.111531130758312));
#3046=CARTESIAN_POINT('',(0.00346683410708869,-0.00659819177960137,0.111716907615391));
#3047=CARTESIAN_POINT('',(0.00644897356184096,-0.00373251931441142,0.111893205744597));
#3048=CARTESIAN_POINT('',(0.00744704192925727,0.000271525031702438,0.112069521539868));
#3049=CARTESIAN_POINT('',(0.00615422049463608,0.00420489504167333,0.112254903257622));
#3050=CARTESIAN_POINT('',(0.00296364461925404,0.00683640706432015,0.112423917321101));
#3051=CARTESIAN_POINT('',(-0.00112839816112384,0.00736616294841189,0.112615419136893));
#3052=CARTESIAN_POINT('',(-0.0048870457228496,0.00562770825349216,0.112779701863493));
#3053=CARTESIAN_POINT('',(-0.00713240488280838,0.00215606042080876,0.112975235621772));
#3054=CARTESIAN_POINT('',(-0.00718672682615827,-0.00197103174718658,0.113136907926653));
#3055=CARTESIAN_POINT('',(-0.00502688498603834,-0.00550311470583744,0.113333222659135));
#3056=CARTESIAN_POINT('',(-0.00131866830567319,-0.00733353908327145,0.113496226228925));
#3057=CARTESIAN_POINT('',(0.00278621878397459,-0.00691169389831442,0.113689352938826));
#3058=CARTESIAN_POINT('',(0.0060465433425155,-0.00435811693879789,0.113856577755495));
#3059=CARTESIAN_POINT('',(0.00743659764007794,-0.000464663819468817,0.114044319154206));
#3060=CARTESIAN_POINT('',(0.00654411497958368,0.00356522702031248,0.114217802316503));
#3061=CARTESIAN_POINT('',(0.00363157946101194,0.0065087652996869,0.114397346341005));
#3062=CARTESIAN_POINT('',(-0.000396118411913357,0.00744062326547853,0.114579962025279));
#3063=CARTESIAN_POINT('',(-0.00429643890779268,0.00608906388257324,0.114750655147316));
#3064=CARTESIAN_POINT('',(-0.00688419605588517,0.00285666090672241,0.114941105319814));
#3065=CARTESIAN_POINT('',(-0.00734516633715601,-0.00125193800004842,0.115106245271138));
#3066=CARTESIAN_POINT('',(-0.00555317425065443,-0.0049698845379615,0.115300707171729));
#3067=CARTESIAN_POINT('',(-0.00204281907383876,-0.007167874918298,0.115463283761918));
#3068=CARTESIAN_POINT('',(0.00209004152452677,-0.00715195993615617,0.115659451799997));
#3069=CARTESIAN_POINT('',(0.00557773221632014,-0.00494238315438849,0.11582156258465));
#3070=CARTESIAN_POINT('',(0.00735551113686699,-0.00120291465863822,0.116016384792626));
#3071=CARTESIAN_POINT('',(0.00686305031605713,0.00290129716485273,0.116181807258262));
#3072=CARTESIAN_POINT('',(0.00426646431752846,0.0061103004127385,0.116371288759463));
#3073=CARTESIAN_POINT('',(0.000346045178105341,0.00744518676820639,0.116543071100221));
#3074=CARTESIAN_POINT('',(-0.00367300321614333,0.00648282810844179,0.116724984585186));
#3075=CARTESIAN_POINT('',(-0.00656180867085022,0.0035331375856239,0.116904636927893));
#3076=CARTESIAN_POINT('',(-0.00743528703347632,-0.000515100916075292,0.117078162750305));
#3077=CARTESIAN_POINT('',(-0.00601620336365168,-0.00439593125313225,0.117266321761284));
#3078=CARTESIAN_POINT('',(-0.0027523565761547,-0.00692567376794409,0.117432667808113));
#3079=CARTESIAN_POINT('',(0.00136895807764713,-0.00732630277716293,0.117626685647815));
#3080=CARTESIAN_POINT('',(0.00506069994160229,-0.00546879148958969,0.117789405965033));
#3081=CARTESIAN_POINT('',(0.00719687875648778,-0.00193562902932775,0.11798529360974));
#3082=CARTESIAN_POINT('',(0.00711921582329031,0.00220558117029377,0.118147626913504));
#3083=CARTESIAN_POINT('',(0.00484917787208161,0.00565720170969887,0.118342917546467));
#3084=CARTESIAN_POINT('',(0.00109191184715292,0.00737218922264254,0.118506750369054));
#3085=CARTESIAN_POINT('',(-0.00301181639493076,0.00681776698476225,0.118699336374188));
#3086=CARTESIAN_POINT('',(-0.00617826506685739,0.00416261232780582,0.118865576063904));
#3087=CARTESIAN_POINT('',(-0.0070270314542904,0.00154761350199932,0.118996100577277));
#3088=CARTESIAN_POINT('',(-0.00706686472637512,0.000210530138258579,0.11905164462451));
#3089=CARTESIAN_POINT('',(0.,4.28626379701574E-19,0.1199));
#3090=CARTESIAN_POINT('',(0.00202546763424493,0.00677365343537933,0.0961441989812929));
#3091=CARTESIAN_POINT('',(0.000756173721590662,0.00715319953453422,0.0962040499962582));
#3092=CARTESIAN_POINT('',(-0.00200142042378128,0.00717940544842944,0.0963348566889891));
#3093=CARTESIAN_POINT('',(-0.00552122381663771,0.00500400238776954,0.0964972017481787));
#3094=CARTESIAN_POINT('',(-0.00733737555692036,0.00130033956845126,0.0966917858760497));
#3095=CARTESIAN_POINT('',(-0.00690087787356626,-0.00281688949851937,0.0968568461560537));
#3096=CARTESIAN_POINT('',(-0.00433457717022326,-0.00606070440276445,0.0970475888928615));
#3097=CARTESIAN_POINT('',(-0.000445393338987023,-0.00743852350423933,0.0972176197340444));
#3098=CARTESIAN_POINT('',(0.0035934937565749,-0.00653012574862231,0.097401195743546));
#3099=CARTESIAN_POINT('',(0.00652007444413276,-0.0036069372640733,0.0975798104197361));
#3100=CARTESIAN_POINT('',(0.00744025004680613,0.000415131132159463,0.0977539023773731));
#3101=CARTESIAN_POINT('',(0.00607233267354896,0.00432239456716644,0.0979412841307986));
#3102=CARTESIAN_POINT('',(0.00283107630739253,0.00689239173697677,0.0981087581794403));
#3103=CARTESIAN_POINT('',(-0.00126969782781264,0.00734294900868674,0.098301481158206));
#3104=CARTESIAN_POINT('',(-0.00499399152416285,0.00553310982706872,0.0984649364504694));
#3105=CARTESIAN_POINT('',(-0.00717259146611862,0.00201840727130654,0.0986609399342957));
#3106=CARTESIAN_POINT('',(-0.00714750334450509,-0.00210823687640936,0.0988225477332366));
#3107=CARTESIAN_POINT('',(-0.00492096052437346,-0.00559811596261294,0.0990184722712641));
#3108=CARTESIAN_POINT('',(-0.00117778977630901,-0.00735749671622316,0.0991822445697772));
#3109=CARTESIAN_POINT('',(0.00291752478678599,-0.00685710477728886,0.0993741646852383));
#3110=CARTESIAN_POINT('',(0.00612837944673759,-0.00424239573468535,0.0995428621649983));
#3111=CARTESIAN_POINT('',(0.00744412951654896,-0.000322406918613638,0.0997286943742801));
#3112=CARTESIAN_POINT('',(0.00647503934738145,0.00368883277447319,0.0999042728835184));
#3113=CARTESIAN_POINT('',(0.00350758380491667,0.00657650287384091,0.10008151390549));
#3114=CARTESIAN_POINT('',(-0.000537712921757184,0.00743173570241254,0.100266357836967));
#3115=CARTESIAN_POINT('',(-0.00441087255297831,0.00600646599453951,0.100435250083098));
#3116=CARTESIAN_POINT('',(-0.00693696978362429,0.00272622382261413,0.100627150007492));
#3117=CARTESIAN_POINT('',(-0.00732008739522307,-0.00139112724415777,0.100791302230622));
#3118=CARTESIAN_POINT('',(-0.00545831186789944,-0.00507361483142728,0.100986397881856));
#3119=CARTESIAN_POINT('',(-0.00190761879047752,-0.00720513093418905,0.10114870068422));
#3120=CARTESIAN_POINT('',(0.00222494342700042,-0.00711114526419236,0.101344771331495));
#3121=CARTESIAN_POINT('',(0.00566949453614627,-0.00483657004521232,0.10150734628359));
#3122=CARTESIAN_POINT('',(0.00737686668437437,-0.00106477777618315,0.101701230337031));
#3123=CARTESIAN_POINT('',(0.00680714917805679,0.00303013339401984,0.101867941181594));
#3124=CARTESIAN_POINT('',(0.00415114867603514,0.00618899472457221,0.102055682912781));
#3125=CARTESIAN_POINT('',(0.000206910839876012,0.00745045322023072,0.102229413973977));
#3126=CARTESIAN_POINT('',(-0.00379418307663003,0.00641264864059966,0.102409011572373));
#3127=CARTESIAN_POINT('',(-0.00662639954431966,0.00341004146496234,0.102590965651077));
#3128=CARTESIAN_POINT('',(-0.00742451046495097,-0.000653479091462025,0.102762537203048));
#3129=CARTESIAN_POINT('',(-0.00593286924624485,-0.00450774153919275,0.102952400215507));
#3130=CARTESIAN_POINT('',(-0.00262308193234411,-0.0069754626172969,0.10311747670659));
#3131=CARTESIAN_POINT('',(0.0015046098736248,-0.00729975803076954,0.103312375943945));
#3132=CARTESIAN_POINT('',(0.0051618069360306,-0.00537344547031398,0.103474654782083));
#3133=CARTESIAN_POINT('',(0.00723129217523985,-0.00180201668641665,0.103670600555834));
#3134=CARTESIAN_POINT('',(0.00707735510469298,0.00233679286456188,0.103833211482119));
#3135=CARTESIAN_POINT('',(0.00474319961918352,0.00574630176233332,0.104027798101581));
#3136=CARTESIAN_POINT('',(0.000955706291340881,0.00739099341494012,0.104192822777558));
#3137=CARTESIAN_POINT('',(-0.00313673620584329,0.00676084561751193,0.104383128575744));
#3138=CARTESIAN_POINT('',(-0.00625492669067528,0.0040490073712154,0.104554197192389));
#3139=CARTESIAN_POINT('',(-0.0074518897661119,9.74745925973367E-05,0.104736374922271));
#3140=CARTESIAN_POINT('',(-0.00635403284157038,-0.0038954444859733,0.104916136968107));
#3141=CARTESIAN_POINT('',(-0.00330114358565137,-0.00667981006654564,0.105089617708802));
#3142=CARTESIAN_POINT('',(0.00076213061660406,-0.00741357932398523,0.105277307214278));
#3143=CARTESIAN_POINT('',(0.00460216039155715,-0.00586229319801274,0.105444421532951));
#3144=CARTESIAN_POINT('',(0.0070156026153328,-0.00250984405102884,0.105637828687398));
#3145=CARTESIAN_POINT('',(0.00727621503318932,0.0016121619647634,0.105800553658188));
#3146=CARTESIAN_POINT('',(0.00529306866291426,0.00524682714851582,0.105996907248736));
#3147=CARTESIAN_POINT('',(0.00168414732007397,0.0072582016064595,0.106158771546664));
#3148=CARTESIAN_POINT('',(-0.00243963846903252,0.0070421273572049,0.10635404204643));
#3149=CARTESIAN_POINT('',(-0.0058223951156537,0.00465240201999152,0.106518419657106));
#3150=CARTESIAN_POINT('',(-0.00740383660495966,0.00083707410210652,0.106709979509597));
#3151=CARTESIAN_POINT('',(-0.00671379173853937,-0.00323575953602886,0.106878914221259));
#3152=CARTESIAN_POINT('',(-0.00395031288500521,-0.00631968484406622,0.107064162860358));
#3153=CARTESIAN_POINT('',(2.20165822005921E-05,-0.00745104223526657,0.107240810956014));
#3154=CARTESIAN_POINT('',(0.00398823647861887,-0.00629595911567423,0.107416735556597));
#3155=CARTESIAN_POINT('',(0.00673298461955731,-0.00319535347776135,0.107602690761174));
#3156=CARTESIAN_POINT('',(0.00739876508896752,0.000880800993361547,0.10777103927715));
#3157=CARTESIAN_POINT('',(0.00579444479198133,0.00468735197226657,0.107963081017219));
#3158=CARTESIAN_POINT('',(0.00239729901357678,0.00705653052077588,0.108127156751443));
#3159=CARTESIAN_POINT('',(-0.00172704474639211,0.00724812181636159,0.10832257713659));
#3160=CARTESIAN_POINT('',(-0.00532456858335785,0.0052150143933294,0.108484432699382));
#3161=CARTESIAN_POINT('',(-0.00728564956559642,0.00156843732746646,0.108680687884721));
#3162=CARTESIAN_POINT('',(-0.00700063339439051,-0.00255131757779997,0.108843608351194));
#3163=CARTESIAN_POINT('',(-0.0045669297093605,-0.0058899140545053,0.109036674440881));
#3164=CARTESIAN_POINT('',(-0.000717617440539651,-0.00741790599737431,0.10920426828703));
#3165=CARTESIAN_POINT('',(0.00334060908058627,-0.00666017092771911,0.10939129708355));
#3166=CARTESIAN_POINT('',(0.00637740650201269,-0.00385725581109942,0.109565516342693));
#3167=CARTESIAN_POINT('',(0.00745106154070013,0.00014216104622774,0.109744479308132));
#3168=CARTESIAN_POINT('',(0.00623085265519529,0.00408597759000204,0.109927408497114));
#3169=CARTESIAN_POINT('',(0.00309611826724786,0.00677964617645107,0.110097873810973));
#3170=CARTESIAN_POINT('',(-0.000999985569564145,0.00738502426892568,0.110288708597866));
#3171=CARTESIAN_POINT('',(-0.00477714126502767,0.00571813292555614,0.110453330411279));
#3172=CARTESIAN_POINT('',(-0.00709134738597175,0.00229427881490179,0.110648205140434));
#3173=CARTESIAN_POINT('',(-0.00722026221577676,-0.00184529265857546,0.110810694679417));
#3174=CARTESIAN_POINT('',(-0.0051299015242121,-0.00540393835536336,0.111006603202757));
#3175=CARTESIAN_POINT('',(-0.00146074867468278,-0.00730875027224717,0.111169054475838));
#3176=CARTESIAN_POINT('',(0.00266480653463898,-0.00695952261533344,0.11136365937416));
#3177=CARTESIAN_POINT('',(0.00595950709705302,-0.00447249676783022,0.11152912093788));
#3178=CARTESIAN_POINT('',(0.00742838559263592,-0.000608861713130761,0.111718449944119));
#3179=CARTESIAN_POINT('',(0.00660574735622105,0.00344965804360617,0.111890673866998));
#3180=CARTESIAN_POINT('',(0.00375610958922448,0.0064350480487832,0.112071806064557));
#3181=CARTESIAN_POINT('',(-0.000251696678140463,0.00744915365849197,0.112252240085065));
#3182=CARTESIAN_POINT('',(-0.00418810074552201,0.00616393046375511,0.112425270136384));
#3183=CARTESIAN_POINT('',(-0.006825032773922,0.00298969454277575,0.11261360192066));
#3184=CARTESIAN_POINT('',(-0.00737040458057864,-0.00110910303700671,0.112779882097099));
#3185=CARTESIAN_POINT('',(-0.00564034673986819,-0.00487038398787094,0.112974102169576));
#3186=CARTESIAN_POINT('',(-0.00218271678342249,-0.00712424429002124,0.113136462936439));
#3187=CARTESIAN_POINT('',(0.00195089123628955,-0.00719360513227656,0.113332625735449));
#3188=CARTESIAN_POINT('',(0.00548851904457991,-0.0050407826646288,0.113494988325088));
#3189=CARTESIAN_POINT('',(0.00732824069963931,-0.00134767346792738,0.11368985941311));
#3190=CARTESIAN_POINT('',(0.00692052309420662,0.00276788051304352,0.113854364261512));
#3191=CARTESIAN_POINT('',(0.0043747911242072,0.0060326863044134,0.114045776030134));
#3192=CARTESIAN_POINT('',(0.000493567653846955,0.00743482899065798,0.114215236371772));
#3193=CARTESIAN_POINT('',(-0.00354707277578475,0.00655535599976229,0.114399371889427));
#3194=CARTESIAN_POINT('',(-0.0064969290930561,0.00364996053577795,0.114577374437393));
#3195=CARTESIAN_POINT('',(-0.00744211604073983,-0.000366622370054297,0.114752199847449));
#3196=CARTESIAN_POINT('',(-0.00610280620683383,-0.00427919868009096,0.114938736317076));
#3197=CARTESIAN_POINT('',(-0.00287640007261911,-0.00687436388799342,0.115106894842898));
#3198=CARTESIAN_POINT('',(0.00122151985816476,-0.00735039966004172,0.115299224580959));
#3199=CARTESIAN_POINT('',(0.00495456925548541,-0.00556845933690021,0.115462745510655));
#3200=CARTESIAN_POINT('',(0.00715991436565934,-0.00206539356223684,0.115658810576071));
#3201=CARTESIAN_POINT('',(0.00716049357511835,0.0020610415381112,0.115820394496494));
#3202=CARTESIAN_POINT('',(0.00496066151368356,0.0055630715084828,0.116016293845222));
#3203=CARTESIAN_POINT('',(0.00122573044166896,0.00735033132084539,0.116179989998836));
#3204=CARTESIAN_POINT('',(-0.0028720257153877,0.00687547083239666,0.116372302428093));
#3205=CARTESIAN_POINT('',(-0.00609824422898176,0.0042858310706937,0.116540305910255));
#3206=CARTESIAN_POINT('',(-0.00744252013370738,0.000370634224513237,0.116727015944535));
#3207=CARTESIAN_POINT('',(-0.00649853303527217,-0.00364569035963106,0.116901824966136));
#3208=CARTESIAN_POINT('',(-0.00355418819600161,-0.00655164222373791,0.117079677470653));
#3209=CARTESIAN_POINT('',(0.000489852215163114,-0.00743565079043745,0.117263995857048));
#3210=CARTESIAN_POINT('',(0.00437059304673235,-0.00603483750369971,0.117433412371937));
#3211=CARTESIAN_POINT('',(0.00691771035685952,-0.00277536378809969,0.117624680373961));
#3212=CARTESIAN_POINT('',(0.00732943761224172,0.00134417971465295,0.117789372995879));
#3213=CARTESIAN_POINT('',(0.00549122164396575,0.0050367318453464,0.117984199267609));
#3214=CARTESIAN_POINT('',(0.00195872692614311,0.0071916960453947,0.118146407715928));
#3215=CARTESIAN_POINT('',(-0.00217953448711986,0.00712581114804071,0.118342809394065));
#3216=CARTESIAN_POINT('',(-0.0056362716417879,0.00487356255507122,0.11850494880296));
#3217=CARTESIAN_POINT('',(-0.00737024554512576,0.0011175653860832,0.118699625960435));
#3218=CARTESIAN_POINT('',(-0.00682393295708086,-0.00298825555380185,0.11886390435915));
#3219=CARTESIAN_POINT('',(-0.00507657554171501,-0.00509924968818915,0.118994897563421));
#3220=CARTESIAN_POINT('',(-0.00396977150046522,-0.00585028326101345,0.11905164462451));
#3221=CARTESIAN_POINT('',(0.00202546763424494,0.00677365343537933,0.0961441989812929));
#3222=CARTESIAN_POINT('',(-0.00396977150046523,-0.00585028326101346,0.11905164462451));
#3223=CARTESIAN_POINT('',(0.,1.43895998899814E-18,0.0961441989812929));
#3224=CARTESIAN_POINT('',(0.,2.47225572577872E-19,0.11905164462451));
#3225=CARTESIAN_POINT('',(0.00462085888786399,0.0053430011361109,0.096019285868236));
#3226=CARTESIAN_POINT('',(0.00402409221029522,0.00585324853865665,0.0960549841185084));
#3227=CARTESIAN_POINT('',(0.00294673618483785,0.00652085113262563,0.0961033649053571));
#3228=CARTESIAN_POINT('',(0.000974324582184421,0.00708282013441667,0.0961976411621173));
#3229=CARTESIAN_POINT('',(-0.000877054975260546,0.00709580203961403,0.0962843415611471));
#3230=CARTESIAN_POINT('',(-0.00253285138171251,0.00664835362267924,0.096363645822016));
#3231=CARTESIAN_POINT('',(-0.00377121880846533,0.00601909891081481,0.0964198908181052));
#3232=CARTESIAN_POINT('',(-0.00491062450527417,0.0051531718952885,0.0964817393776912));
#3233=CARTESIAN_POINT('',(-0.00595348484669022,0.00393103546555738,0.0965565375480159));
#3234=CARTESIAN_POINT('',(-0.00667215074227825,0.00248618095014764,0.0966323567032738));
#3235=CARTESIAN_POINT('',(-0.00699865695545873,0.00116987784995832,0.0966940883026455));
#3236=CARTESIAN_POINT('',(-0.00708524559571426,8.78297877989657E-05,0.0967398375575268));
#3237=CARTESIAN_POINT('',(-0.00702641834946006,-0.00098482833918676,0.0967841776471605));
#3238=CARTESIAN_POINT('',(-0.00673661575723673,-0.00230609595896732,0.0968454449117989));
#3239=CARTESIAN_POINT('',(-0.00605776578744119,-0.00376766912015638,0.0969209711810871));
#3240=CARTESIAN_POINT('',(-0.00504855886830554,-0.00501962450089314,0.0969959748627729));
#3241=CARTESIAN_POINT('',(-0.00392136576291616,-0.00592267951913286,0.0970594944365285));
#3242=CARTESIAN_POINT('',(-0.00270487005920116,-0.00657930569523074,0.0971148972709337));
#3243=CARTESIAN_POINT('',(-0.0010693883723046,-0.00706896604629319,0.0971931808178514));
#3244=CARTESIAN_POINT('',(0.000781113995650532,-0.00710701076761927,0.0972798217261546));
#3245=CARTESIAN_POINT('',(0.00244542392536947,-0.00668159795423218,0.0973594833937707));
#3246=CARTESIAN_POINT('',(0.00369625995431055,-0.00606532923738437,0.0974164225153665));
#3247=CARTESIAN_POINT('',(0.0048406272774932,-0.00521814306394073,0.0974773154069718));
#3248=CARTESIAN_POINT('',(0.00590005186510033,-0.00401112698877846,0.0975520266490457));
#3249=CARTESIAN_POINT('',(0.00663820408916041,-0.00257529859372506,0.097627948403014));
#3250=CARTESIAN_POINT('',(0.00698293045102854,-0.00126202995732508,0.0976898991948405));
#3251=CARTESIAN_POINT('',(0.00708363674122802,-0.000175948867535108,0.0977363373269138));
#3252=CARTESIAN_POINT('',(0.00703837294187784,0.000893191985417373,0.0977801255801916));
#3253=CARTESIAN_POINT('',(0.0067668024871805,0.00221577053116708,0.0978410564471377));
#3254=CARTESIAN_POINT('',(0.0061080533251046,0.00368537242379108,0.0979164355551743));
#3255=CARTESIAN_POINT('',(0.00511573100057602,0.00495171963463964,0.0979915501205544));
#3256=CARTESIAN_POINT('',(0.00399608613183586,0.00587274733697392,0.0980557985238525));
#3257=CARTESIAN_POINT('',(0.00278868751827119,0.00654386003725043,0.0981110577613042));
#3258=CARTESIAN_POINT('',(0.00116558363920104,0.00705361955089823,0.0981885535154294));
#3259=CARTESIAN_POINT('',(-0.000803613906733727,0.00712058368775565,0.0982810763402174));
#3260=CARTESIAN_POINT('',(-0.00279006833549585,0.00658794194806907,0.0983752887945282));
#3261=CARTESIAN_POINT('',(-0.0044459828116132,0.00560598933468609,0.098451874702267));
#3262=CARTESIAN_POINT('',(-0.0057915995502931,0.00419332612201027,0.0985420530778175));
#3263=CARTESIAN_POINT('',(-0.0066030089188783,0.00266399659469604,0.0986235228251648));
#3264=CARTESIAN_POINT('',(-0.00696594273741829,0.00135411540878723,0.0986856906886075));
#3265=CARTESIAN_POINT('',(-0.00708093343737585,0.000264540290320815,0.0987327720243057));
#3266=CARTESIAN_POINT('',(-0.00704910537242227,-0.000801966542498627,0.0987761468404969));
#3267=CARTESIAN_POINT('',(-0.00679572157673347,-0.00212495646338833,0.098836658758132));
#3268=CARTESIAN_POINT('',(-0.00615726245591683,-0.00360242470469877,0.0989118998389817));
#3269=CARTESIAN_POINT('',(-0.00518193851046868,-0.00488287914257367,0.0989871250409248));
#3270=CARTESIAN_POINT('',(-0.00407063755295517,-0.00582156909971357,0.0990520302983654));
#3271=CARTESIAN_POINT('',(-0.00287139852184724,-0.00650776578685475,0.099107316815254));
#3272=CARTESIAN_POINT('',(-0.00126091576123873,-0.00703671741629712,0.0991840036566204));
#3273=CARTESIAN_POINT('',(0.000706981247514208,-0.00713123879555779,0.0992764980226521));
#3274=CARTESIAN_POINT('',(0.00270539987459565,-0.00662351207696366,0.0993714219907435));
#3275=CARTESIAN_POINT('',(0.00437315572154865,-0.00566256340995923,0.0994479472717805));
#3276=CARTESIAN_POINT('',(0.0058141153274757,-0.00418918549700915,0.0995427946549476));
#3277=CARTESIAN_POINT('',(0.00671979386251871,-0.00243949879560409,0.0996352914620416));
#3278=CARTESIAN_POINT('',(0.00707026132563467,-0.000779650113326018,0.0997120751602056));
#3279=CARTESIAN_POINT('',(0.00707798888125836,0.000601834412859752,0.0997673495941187));
#3280=CARTESIAN_POINT('',(0.00682352363878106,0.00203313485606633,0.0998321848468134));
#3281=CARTESIAN_POINT('',(0.00620527526953282,0.00351909646390522,0.0999073973157982));
#3282=CARTESIAN_POINT('',(0.00524737960139896,0.0048127720227407,0.0999826536504343));
#3283=CARTESIAN_POINT('',(0.00422947158705429,0.00569607499875689,0.100043216826396));
#3284=CARTESIAN_POINT('',(0.00332227046873842,0.00625874878418347,0.100086631029374));
#3285=CARTESIAN_POINT('',(0.00232284668844029,0.00670534424110323,0.100133642536815));
#3286=CARTESIAN_POINT('',(0.00100795384715999,0.00704844693518309,0.10019578618542));
#3287=CARTESIAN_POINT('',(-0.000721842964083282,0.00711377962062771,0.100277238349657));
#3288=CARTESIAN_POINT('',(-0.00261986172685297,0.00665819132444492,0.100367489026852));
#3289=CARTESIAN_POINT('',(-0.00429999216792931,0.00571791375762165,0.100444087298976));
#3290=CARTESIAN_POINT('',(-0.00575641552427998,0.00426743478139705,0.10053821589156));
#3291=CARTESIAN_POINT('',(-0.00668657782254965,0.0025304240852472,0.100630742917095));
#3292=CARTESIAN_POINT('',(-0.00706000224571007,0.000869476756040589,0.100708322134069));
#3293=CARTESIAN_POINT('',(-0.0070848719087745,-0.000511785312621019,0.100763589693916));
#3294=CARTESIAN_POINT('',(-0.0068498478071348,-0.00194131975044741,0.100827759615579));
#3295=CARTESIAN_POINT('',(-0.00625235067854678,-0.00343491918486639,0.100902861596918));
#3296=CARTESIAN_POINT('',(-0.00531141075417179,-0.00474219679850552,0.100978256897188));
#3297=CARTESIAN_POINT('',(-0.00430310388514836,-0.00564097028387091,0.101039229844678));
#3298=CARTESIAN_POINT('',(-0.0034001845528759,-0.00621671109145465,0.101083072954551));
#3299=CARTESIAN_POINT('',(-0.00241100036809158,-0.00667385081165139,0.101129436268318));
#3300=CARTESIAN_POINT('',(-0.00110232226747654,-0.00703441161090775,0.101191361982081));
#3301=CARTESIAN_POINT('',(0.00050993691750922,-0.00711611940713095,0.101267274067229));
#3302=CARTESIAN_POINT('',(0.0020857018193475,-0.00680532063919478,0.101341994716453));
#3303=CARTESIAN_POINT('',(0.00339395746648566,-0.00623953400900187,0.101402998483211));
#3304=CARTESIAN_POINT('',(0.00455340209060117,-0.00546705634429629,0.101459850573186));
#3305=CARTESIAN_POINT('',(0.00575609787013331,-0.00424110477658887,0.101539480419011));
#3306=CARTESIAN_POINT('',(0.00665155463567558,-0.00262132721952857,0.101626114802615));
#3307=CARTESIAN_POINT('',(0.00704862597704798,-0.00095993262231126,0.101704470844599));
#3308=CARTESIAN_POINT('',(0.00709059431998979,0.000422215866956282,0.101759902111308));
#3309=CARTESIAN_POINT('',(0.00687487865592409,0.0018491417746168,0.101823334887265));
#3310=CARTESIAN_POINT('',(0.00629832106269837,0.00335013699371895,0.101898326098147));
#3311=CARTESIAN_POINT('',(0.0053743819539173,0.00467077178125118,0.101973869509133));
#3312=CARTESIAN_POINT('',(0.00437647613084837,0.00558460072230469,0.102035169607778));
#3313=CARTESIAN_POINT('',(0.00347714099906815,0.0061739658069393,0.102079580044113));
#3314=CARTESIAN_POINT('',(0.00249858012237952,0.00664123560673155,0.102125249312969));
#3315=CARTESIAN_POINT('',(0.00119641248784663,0.00701907871490121,0.102186956277986));
#3316=CARTESIAN_POINT('',(-0.000413827233957979,0.00712216326925842,0.102262761545325));
#3317=CARTESIAN_POINT('',(-0.00199437518157002,0.00683326984119046,0.102337570236423));
#3318=CARTESIAN_POINT('',(-0.00331626825371812,0.0062812607073245,0.102399522084646));
#3319=CARTESIAN_POINT('',(-0.00448092007725504,0.00552593752005717,0.102455698081084));
#3320=CARTESIAN_POINT('',(-0.00569828313357516,0.00431834257458359,0.102534976902225));
#3321=CARTESIAN_POINT('',(-0.00661566322178632,0.00271113264472222,0.10262157516004));
#3322=CARTESIAN_POINT('',(-0.00703601018822183,0.00105110161287847,0.102700505124533));
#3323=CARTESIAN_POINT('',(-0.00709520096436001,-0.000333173566763807,0.102756291757404));
#3324=CARTESIAN_POINT('',(-0.00689859430733971,-0.00175661143961307,0.102818909109064));
#3325=CARTESIAN_POINT('',(-0.00634317856145894,-0.00326477696781976,0.102893792921408));
#3326=CARTESIAN_POINT('',(-0.00543627798982116,-0.00459851854661866,0.102969492310146));
#3327=CARTESIAN_POINT('',(-0.00444955530728258,-0.0055269639253182,0.103031037288069));
#3328=CARTESIAN_POINT('',(-0.00355314138721989,-0.00613053474028992,0.103076151917193));
#3329=CARTESIAN_POINT('',(-0.0025855736528414,-0.00660750294235283,0.10312108226984));
#3330=CARTESIAN_POINT('',(-0.00129012984857981,-0.00700252669410616,0.103182574083882));
#3331=CARTESIAN_POINT('',(0.000317551211010966,-0.00712691803241568,0.103258234574916));
#3332=CARTESIAN_POINT('',(0.00190265403887365,-0.00685993147643887,0.103333144811816));
#3333=CARTESIAN_POINT('',(0.00323755845204613,-0.00632231659340266,0.103395969121421));
#3334=CARTESIAN_POINT('',(0.00440835500123146,-0.00558342481553684,0.103451651737927));
#3335=CARTESIAN_POINT('',(0.00563929034602678,-0.00439486523000676,0.103530452332806));
#3336=CARTESIAN_POINT('',(0.00657855268242589,-0.0028002930621276,0.103617055610683));
#3337=CARTESIAN_POINT('',(0.00702216431437023,-0.00114291247345729,0.103696432684567));
#3338=CARTESIAN_POINT('',(0.00709870227035048,0.000244666039081222,0.103752757505273));
#3339=CARTESIAN_POINT('',(0.00692099920746757,0.00166376113927109,0.103814483849971));
#3340=CARTESIAN_POINT('',(0.00638686611121572,0.00317888578672025,0.103889269321919));
#3341=CARTESIAN_POINT('',(0.00549723800141699,0.00452536787193944,0.103965104434553));
#3342=CARTESIAN_POINT('',(0.00452209123923673,0.00546818858285252,0.10402686497004));
#3343=CARTESIAN_POINT('',(0.00362874621735251,0.00608610408023835,0.104072708630923));
#3344=CARTESIAN_POINT('',(0.00267174058713505,0.00657279906701894,0.104116967255876));
#3345=CARTESIAN_POINT('',(0.00138360619311612,0.00698467354444367,0.104178194505226));
#3346=CARTESIAN_POINT('',(-0.000221179471680074,0.00713040556620277,0.104253700727519));
#3347=CARTESIAN_POINT('',(-0.00181056024118208,0.00688529407506324,0.104328718885907));
#3348=CARTESIAN_POINT('',(-0.00315783487623194,0.0063626743514658,0.104392340240385));
#3349=CARTESIAN_POINT('',(-0.0043357409047897,0.00563952991810815,0.104447712269059));
#3350=CARTESIAN_POINT('',(-0.00557913369700868,0.00447064691084945,0.104525907993692));
#3351=CARTESIAN_POINT('',(-0.00654023860795472,0.00288878346559856,0.104612557416964));
#3352=CARTESIAN_POINT('',(-0.00700706103502647,0.00123534102023954,0.104692254310196));
#3353=CARTESIAN_POINT('',(-0.00710111919084902,-0.00015671225949115,0.10474929992299));
#3354=CARTESIAN_POINT('',(-0.00694209029394462,-0.00157061683788888,0.104810059804266));
#3355=CARTESIAN_POINT('',(-0.00642935077724494,-0.00309250209620319,0.104884760556759));
#3356=CARTESIAN_POINT('',(-0.00555732536691552,-0.00445128741674579,0.104960693062649));
#3357=CARTESIAN_POINT('',(-0.00459394145091761,-0.00540835237950578,0.105022673347977));
#3358=CARTESIAN_POINT('',(-0.00370423874768712,-0.0060404937372714,0.105069199681343));
#3359=CARTESIAN_POINT('',(-0.00275694899000042,-0.00653721878568504,0.105112924915442));
#3360=CARTESIAN_POINT('',(-0.00147689739380295,-0.00696547429880479,0.105173804743795));
#3361=CARTESIAN_POINT('',(0.000124759861731817,-0.00713264019600539,0.105249164976444));
#3362=CARTESIAN_POINT('',(0.00171812209587882,-0.00690934017338268,0.105324294179695));
#3363=CARTESIAN_POINT('',(0.00307709845303171,-0.00640231902575816,0.105388634427498));
#3364=CARTESIAN_POINT('',(0.00426313551719281,-0.00569421639414803,0.105443886768293));
#3365=CARTESIAN_POINT('',(0.00551759083300635,-0.00454615026265945,0.105521281796387));
#3366=CARTESIAN_POINT('',(0.00656327968311749,-0.00287622562080715,0.105613799623685));
#3367=CARTESIAN_POINT('',(0.00709888977611278,-0.000889812538437743,0.105708111638599));
#3368=CARTESIAN_POINT('',(0.0070796804263167,0.00103515723803258,0.105784679114056));
#3369=CARTESIAN_POINT('',(0.00650028850892962,0.00301735533861929,0.105880092427767));
#3370=CARTESIAN_POINT('',(0.00541780219488467,0.00466342563548764,0.105972577105038));
#3371=CARTESIAN_POINT('',(0.00414736841925441,0.00577874925809699,0.106048574570335));
#3372=CARTESIAN_POINT('',(0.00294640606582948,0.00646387324840722,0.106104001692441));
#3373=CARTESIAN_POINT('',(0.00157041778456659,0.00694487405558319,0.106169354484967));
#3374=CARTESIAN_POINT('',(-2.84460493792078E-05,0.00713363242244916,0.106244644021949));
#3375=CARTESIAN_POINT('',(-0.0016253457107714,0.00693207991008018,0.106319867727889));
#3376=CARTESIAN_POINT('',(-0.00299537209638941,0.00644119168925106,0.10638485671988));
#3377=CARTESIAN_POINT('',(-0.00419052345080691,0.00574761971154086,0.106440159956634));
#3378=CARTESIAN_POINT('',(-0.00545513933852279,0.00462014776510351,0.106516730380981));
#3379=CARTESIAN_POINT('',(-0.00652402862623308,0.0029651651984446,0.106609222188241));
#3380=CARTESIAN_POINT('',(-0.00708720395773722,0.000980966644133131,0.106704235505532));
#3381=CARTESIAN_POINT('',(-0.00709208286259332,-0.000943842301403222,0.106780762885292));
#3382=CARTESIAN_POINT('',(-0.00654025004260109,-0.00292874815667849,0.106875518658092));
#3383=CARTESIAN_POINT('',(-0.00548090260859407,-0.00458992774621303,0.106968018469301));
#3384=CARTESIAN_POINT('',(-0.00422000063858207,-0.0057261155984548,0.107044915024658));
#3385=CARTESIAN_POINT('',(-0.00302868967925859,-0.00642547826151079,0.10710017801878));
#3386=CARTESIAN_POINT('',(-0.00166337292744017,-0.00692291124700773,0.107164929073976));
#3387=CARTESIAN_POINT('',(-6.7851760712285E-05,-0.0071333710006991,0.107240126740345));
#3388=CARTESIAN_POINT('',(0.00153190505880342,-0.00695351228183669,0.107315401079689));
#3389=CARTESIAN_POINT('',(0.00280701028572236,-0.00651573780880248,0.107376023554744));
#3390=CARTESIAN_POINT('',(0.00374907378933702,-0.0060127989026277,0.107419486893915));
#3391=CARTESIAN_POINT('',(0.00463611859498536,-0.00537244604395758,0.1074664146519));
#3392=CARTESIAN_POINT('',(0.00559229507984544,-0.00440713030656348,0.107528529925567));
#3393=CARTESIAN_POINT('',(0.0065163382668445,-0.00294354189197119,0.10760996082724));
#3394=CARTESIAN_POINT('',(0.0070743183351607,-0.00107241699509843,0.10770029603514));
#3395=CARTESIAN_POINT('',(0.00710327235834662,0.000852848161478468,0.10777691101859));
#3396=CARTESIAN_POINT('',(0.00657900559579485,0.00283958135867101,0.107870939365963));
#3397=CARTESIAN_POINT('',(0.00554288851713229,0.00451558843482993,0.107963471541622));
#3398=CARTESIAN_POINT('',(0.00429266615366938,0.00567213790944631,0.108041147635561));
#3399=CARTESIAN_POINT('',(0.00310998314587884,0.00638631361335948,0.108096428032903));
#3400=CARTESIAN_POINT('',(0.00175600699244451,0.0068996258220557,0.108160503645662));
#3401=CARTESIAN_POINT('',(0.000164286658395536,0.00713188356741038,0.108235591036578));
#3402=CARTESIAN_POINT('',(-0.00143874061772416,0.00697349870752446,0.108311005493496));
#3403=CARTESIAN_POINT('',(-0.00272234267120843,0.00655184022728219,0.108372026785461));
#3404=CARTESIAN_POINT('',(-0.00367369227464416,0.00605909796360998,0.108415937438475));
#3405=CARTESIAN_POINT('',(-0.00456467288085634,0.00543290135386086,0.108462211029465));
#3406=CARTESIAN_POINT('',(-0.00553283686501738,0.00448172688025936,0.108524107379926));
#3407=CARTESIAN_POINT('',(-0.00641207679097016,0.00312795393470325,0.108600007457018));
#3408=CARTESIAN_POINT('',(-0.00693365024623478,0.00160879740185086,0.108674739039976));
#3409=CARTESIAN_POINT('',(-0.00710027529520423,0.000192217407349162,0.108735873380052));
#3410=CARTESIAN_POINT('',(-0.00701334789239856,-0.00119752084325218,0.108792624922602));
#3411=CARTESIAN_POINT('',(-0.00655607981460375,-0.00285260523022914,0.108872215383539));
#3412=CARTESIAN_POINT('',(-0.00560394607291778,-0.00443967769569972,0.108958842585811));
#3413=CARTESIAN_POINT('',(-0.00436531391015325,-0.00561687829405791,0.109037282337054));
#3414=CARTESIAN_POINT('',(-0.00319027982814909,-0.00634638686624607,0.109092750374467));
#3415=CARTESIAN_POINT('',(-0.00184830506126101,-0.00687504021717583,0.109156078915063));
#3416=CARTESIAN_POINT('',(-0.000260689596682165,-0.00712913673133055,0.109231055705661));
#3417=CARTESIAN_POINT('',(0.00134537398908241,-0.00699214173011947,0.109306619438984));
#3418=CARTESIAN_POINT('',(0.00263671119707654,-0.00658708144010031,0.109367956849464));
#3419=CARTESIAN_POINT('',(0.00359818014890317,-0.00610421440302592,0.109412453260273));
#3420=CARTESIAN_POINT('',(0.00449254569752857,-0.00549229900665791,0.109458026620744));
#3421=CARTESIAN_POINT('',(0.00547239651556161,-0.0045554214446561,0.109519704775733));
#3422=CARTESIAN_POINT('',(0.00636909576313933,-0.00321414417148103,0.109595492928709));
#3423=CARTESIAN_POINT('',(0.00691201661286928,-0.00170182454214002,0.109670314370157));
#3424=CARTESIAN_POINT('',(0.00709742302755915,-0.000280435673018411,0.10973238676176));
#3425=CARTESIAN_POINT('',(0.00702793163659172,0.00110539078057365,0.109788486512999));
#3426=CARTESIAN_POINT('',(0.00659390237125928,0.00276382763967455,0.109867708992756));
#3427=CARTESIAN_POINT('',(0.00566361944832123,0.00436359299177677,0.109954305542586));
#3428=CARTESIAN_POINT('',(0.00443795473059442,0.00556018431488179,0.110033302371359));
#3429=CARTESIAN_POINT('',(0.00326956124057291,0.0063057617788869,0.110089150108421));
#3430=CARTESIAN_POINT('',(0.00194024726490219,0.00684914022931116,0.110151653204845));
#3431=CARTESIAN_POINT('',(0.000357031038391334,0.00712513625347576,0.110226523141975));
#3432=CARTESIAN_POINT('',(-0.00125182383224806,0.00700944348852514,0.110302242809947));
#3433=CARTESIAN_POINT('',(-0.00255014125287552,0.00662142539239527,0.110363816239089));
#3434=CARTESIAN_POINT('',(-0.00352252757442697,0.00614817678396572,0.110409030592916));
#3435=CARTESIAN_POINT('',(-0.00441975774377383,0.00555062267288087,0.110453863540108));
#3436=CARTESIAN_POINT('',(-0.00541108196043305,0.00462818587178599,0.110515324921374));
#3437=CARTESIAN_POINT('',(-0.00632491851472654,0.00329982932647869,0.110590964380525));
#3438=CARTESIAN_POINT('',(-0.00688907116914383,0.00179454602963172,0.110665888877665));
#3439=CARTESIAN_POINT('',(-0.00709347669930435,0.000369199890632831,0.110728823645486));
#3440=CARTESIAN_POINT('',(-0.00704127035869374,-0.00101388897052405,0.110784454363576));
#3441=CARTESIAN_POINT('',(-0.00663051447851482,-0.00267439071760852,0.110863181715059));
#3442=CARTESIAN_POINT('',(-0.00572212276056046,-0.00428677842802418,0.110949788765814));
#3443=CARTESIAN_POINT('',(-0.0045105318805299,-0.00550210255352447,0.111029215775512));
#3444=CARTESIAN_POINT('',(-0.003347825903782,-0.00626445044536362,0.11108562603952));
#3445=CARTESIAN_POINT('',(-0.00203180839968801,-0.00682194670326019,0.111147228042172));
#3446=CARTESIAN_POINT('',(-0.000453236971508647,-0.00711985339675535,0.111222001445251));
#3447=CARTESIAN_POINT('',(0.00115794300449743,-0.00702549915973684,0.111297851739717));
#3448=CARTESIAN_POINT('',(0.0024628944652405,-0.0066547068061809,0.11135964129687));
#3449=CARTESIAN_POINT('',(0.00344611818132796,-0.00619134714090005,0.111405578539757));
#3450=CARTESIAN_POINT('',(0.00434658085143158,-0.00560772440441832,0.111449758153279));
#3451=CARTESIAN_POINT('',(0.00534873867370258,-0.00470010259500913,0.111510943917449));
#3452=CARTESIAN_POINT('',(0.00627960444036227,-0.00338495657388761,0.111586430245415));
#3453=CARTESIAN_POINT('',(0.00686481445620224,-0.00188693751049543,0.111661462912561));
#3454=CARTESIAN_POINT('',(0.00708841625458873,-0.000458490318274824,0.111725184709578));
#3455=CARTESIAN_POINT('',(0.00705339119451194,0.00092303885948164,0.111780529174132));
#3456=CARTESIAN_POINT('',(0.00666590097372467,0.00258431974001056,0.111858634841817));
#3457=CARTESIAN_POINT('',(0.00577944228543353,0.00420926007958713,0.111945293508171));
#3458=CARTESIAN_POINT('',(0.00458301054986436,0.00544262151295228,0.112025023365038));
#3459=CARTESIAN_POINT('',(0.0034250681776391,0.0062224806058187,0.112082178697007));
#3460=CARTESIAN_POINT('',(0.00212296371715365,0.00679346960351288,0.112142804243023));
#3461=CARTESIAN_POINT('',(0.00054926452583675,0.00711328327547258,0.112217494749581));
#3462=CARTESIAN_POINT('',(-0.00106369644040747,0.00704033281170283,0.112293437326239));
#3463=CARTESIAN_POINT('',(-0.00237507459912962,0.00668686205893983,0.112355447175653));
#3464=CARTESIAN_POINT('',(-0.00336874412478165,0.00623382701714904,0.112402060879443));
#3465=CARTESIAN_POINT('',(-0.00427312823795499,0.00566355832080345,0.112445725553947));
#3466=CARTESIAN_POINT('',(-0.00528532445765708,0.00477118285424437,0.112506552879388));
#3467=CARTESIAN_POINT('',(-0.00623318278925887,0.00346949584283387,0.112581894391837));
#3468=CARTESIAN_POINT('',(-0.00683924678262422,0.00197896549195887,0.112657038261932));
#3469=CARTESIAN_POINT('',(-0.00708222840034138,0.000548298371965612,0.112721469007804));
#3470=CARTESIAN_POINT('',(-0.0070642942210971,-0.000832907361748383,0.112776717690104));
#3471=CARTESIAN_POINT('',(-0.00670032598565601,-0.00249320293937247,0.112854009812865));
#3472=CARTESIAN_POINT('',(-0.00578022940504858,-0.00423545155878026,0.112946523183901));
#3473=CARTESIAN_POINT('',(-0.00432979628211827,-0.00569556652364975,0.113040932618441));
#3474=CARTESIAN_POINT('',(-0.00265477353959437,-0.00664416459503888,0.113117487309309));
#3475=CARTESIAN_POINT('',(-0.000649921182638635,-0.00713687823474179,0.113212817153852));
#3476=CARTESIAN_POINT('',(0.00131707914911284,-0.00702613013955167,0.113305302823017));
#3477=CARTESIAN_POINT('',(0.00292002338671055,-0.00648600760264892,0.113381426940151));
#3478=CARTESIAN_POINT('',(0.00411478090875188,-0.00579060357022792,0.113436821609511));
#3479=CARTESIAN_POINT('',(0.0052205662142006,-0.00484176619682946,0.113502098935439));
#3480=CARTESIAN_POINT('',(0.00618574506952155,-0.00355331711307853,0.113577374223965));
#3481=CARTESIAN_POINT('',(0.00681237874420279,-0.00207062969731447,0.11365261198495));
#3482=CARTESIAN_POINT('',(0.00707487500312004,-0.00063857511234681,0.113717681436979));
#3483=CARTESIAN_POINT('',(0.00707408425030475,0.000743415320564279,0.113773005262104));
#3484=CARTESIAN_POINT('',(0.00673301273423191,0.00240204703397525,0.113849456817091));
#3485=CARTESIAN_POINT('',(0.00583748276878551,0.00415688752769688,0.113941946487411));
#3486=CARTESIAN_POINT('',(0.0044028522872573,0.00563970811771661,0.114037047872207));
#3487=CARTESIAN_POINT('',(0.00273993842596361,0.00660912884285021,0.114113579646783));
#3488=CARTESIAN_POINT('',(0.000746623947565664,0.00712700569559475,0.114208242560948));
#3489=CARTESIAN_POINT('',(-0.00122185341683837,0.00704384336600852,0.114300745686491));
#3490=CARTESIAN_POINT('',(-0.00283796770328233,0.00652250877685221,0.114377752971585));
#3491=CARTESIAN_POINT('',(-0.00404036378539296,0.00584249959894897,0.114433007758815));
#3492=CARTESIAN_POINT('',(-0.00515493528447125,0.00491116390073758,0.114497673266089));
#3493=CARTESIAN_POINT('',(-0.00613722545077633,0.00363650465260065,0.114572856156694));
#3494=CARTESIAN_POINT('',(-0.00678404637671184,0.00216218850560744,0.114648148657271));
#3495=CARTESIAN_POINT('',(-0.00704489633245006,0.000839068643921169,0.114708828971539));
#3496=CARTESIAN_POINT('',(-0.00708215669407739,-0.000228591826415418,0.114752343908417));
#3497=CARTESIAN_POINT('',(-0.00697302387285073,-0.00131651721305189,0.114799187086234));
#3498=CARTESIAN_POINT('',(-0.00661753593261046,-0.00262769314880418,0.114861274023874));
#3499=CARTESIAN_POINT('',(-0.00581489070402114,-0.00416104813987265,0.114942683201598));
#3500=CARTESIAN_POINT('',(-0.00447556076825187,-0.0055826782002666,0.115033101962854));
#3501=CARTESIAN_POINT('',(-0.0028242175733348,-0.00657320213275962,0.115109735883766));
#3502=CARTESIAN_POINT('',(-0.000843204679574166,-0.00711581041739265,0.115203662766994));
#3503=CARTESIAN_POINT('',(0.00112646020638835,-0.00706017003683169,0.115296200397501));
#3504=CARTESIAN_POINT('',(0.00275473184874391,-0.00655836211902826,0.115373971230778));
#3505=CARTESIAN_POINT('',(0.00396577895376611,-0.00589315406626118,0.115429267698091));
#3506=CARTESIAN_POINT('',(0.00508832216066187,-0.00497962007163211,0.115493247660992));
#3507=CARTESIAN_POINT('',(0.00608757642766336,-0.00371918984543855,0.115568320490467));
#3508=CARTESIAN_POINT('',(0.00675460399260432,-0.00225279979014884,0.115643754258493));
#3509=CARTESIAN_POINT('',(0.00703366554303843,-0.000930499459660269,0.115704822428415));
#3510=CARTESIAN_POINT('',(0.00708441649441414,0.000140222909008813,0.11574880308173));
#3511=CARTESIAN_POINT('',(0.00698948714972171,0.00122440477747189,0.115794986122444));
#3512=CARTESIAN_POINT('',(0.0066522532585812,0.00253885554522961,0.11585685318164));
#3513=CARTESIAN_POINT('',(0.00592206215957163,0.00397839651786662,0.115932740570061));
#3514=CARTESIAN_POINT('',(0.00486942349488294,0.00519168827690571,0.116007483329576));
#3515=CARTESIAN_POINT('',(0.00372658854159823,0.00604677829722096,0.116068746913008));
#3516=CARTESIAN_POINT('',(0.00248125177411903,0.00666809148073477,0.116125401140003));
#3517=CARTESIAN_POINT('',(0.000820366995196135,0.00710256479603205,0.116204949955947));
#3518=CARTESIAN_POINT('',(-0.00103015855450017,0.00707489368090287,0.116291570705218));
#3519=CARTESIAN_POINT('',(-0.00267039686911973,0.00659355565283766,0.116370091927432));
#3520=CARTESIAN_POINT('',(-0.00389103583515724,0.00594256492381193,0.116425599975865));
#3521=CARTESIAN_POINT('',(-0.00502075396953741,0.00504713271906485,0.116488822946982));
#3522=CARTESIAN_POINT('',(-0.00603685440815002,0.00380121481086204,0.116563785350275));
#3523=CARTESIAN_POINT('',(-0.00672389851203005,0.00234291092646362,0.116639369557516));
#3524=CARTESIAN_POINT('',(-0.00702120466509789,0.00102233129825384,0.116700742808412));
#3525=CARTESIAN_POINT('',(-0.00708558894878911,-5.23348307744955E-05,0.116745327643289));
#3526=CARTESIAN_POINT('',(-0.00700469546851216,-0.0011322335203199,0.116790804277011));
#3527=CARTESIAN_POINT('',(-0.00668568915717987,-0.00244962665039302,0.116852453697749));
#3528=CARTESIAN_POINT('',(-0.00597507770776088,-0.00389797280512479,0.116928224057535));
#3529=CARTESIAN_POINT('',(-0.00493904918164194,-0.00512630749672508,0.117003058489954));
#3530=CARTESIAN_POINT('',(-0.00380155333293996,-0.00600003706724903,0.117065250082467));
#3531=CARTESIAN_POINT('',(-0.00256817572575675,-0.00663455252318271,0.11712127682892));
#3532=CARTESIAN_POINT('',(-0.000916159064242186,-0.00709074789858936,0.117200440712875));
#3533=CARTESIAN_POINT('',(0.00093442261547463,-0.00708834645906854,0.117287036284757));
#3534=CARTESIAN_POINT('',(0.0025848218629722,-0.00662801974644015,0.117366097726844));
#3535=CARTESIAN_POINT('',(0.00381619976323951,-0.00599074876556331,0.117422009811774));
#3536=CARTESIAN_POINT('',(0.00495222783346555,-0.00511367759108058,0.117484397304774));
#3537=CARTESIAN_POINT('',(0.00598507939873102,-0.00388255306651469,0.117559253606212));
#3538=CARTESIAN_POINT('',(0.00669194116305828,-0.00243252068067561,0.117634992875653));
#3539=CARTESIAN_POINT('',(0.00700749529732831,-0.00111450446951557,0.117696594833577));
#3540=CARTESIAN_POINT('',(0.00708569380700798,-3.51457252024286E-05,0.117741908098333));
#3541=CARTESIAN_POINT('',(0.00701864376664476,0.00104004986377538,0.117786646085379));
#3542=CARTESIAN_POINT('',(0.00671788198585755,0.00236009539496911,0.117848075560431));
#3543=CARTESIAN_POINT('',(0.00602705545578747,0.00381677230006834,0.117923694138088));
#3544=CARTESIAN_POINT('',(0.00500775147169785,0.00505994553654912,0.117998632929563));
#3545=CARTESIAN_POINT('',(0.00387644031732016,0.00595207423183961,0.118061676826773));
#3546=CARTESIAN_POINT('',(0.00265393211620135,0.00660025422651758,0.118117258884645));
#3547=CARTESIAN_POINT('',(0.00101191298465753,0.007077552924771,0.118195910750213));
#3548=CARTESIAN_POINT('',(-0.000838643553941719,0.00710042108739725,0.118282522302433));
#3549=CARTESIAN_POINT('',(-0.00249807775876156,0.00666173010280105,0.118361996990325));
#3550=CARTESIAN_POINT('',(-0.00374128136042939,0.00603770998925843,0.118418495934284));
#3551=CARTESIAN_POINT('',(-0.00488277477626647,0.00517924391474013,0.118479972257648));
#3552=CARTESIAN_POINT('',(-0.0059322637168434,0.0039631232585866,0.118554733842854));
#3553=CARTESIAN_POINT('',(-0.00665874013472366,0.00252181414764576,0.118630598601995));
#3554=CARTESIAN_POINT('',(-0.0069925262914183,0.00120669547008207,0.118692417324774));
#3555=CARTESIAN_POINT('',(-0.00708473365146094,0.000122970212741295,0.118738447179585));
#3556=CARTESIAN_POINT('',(-0.00703133844526783,-0.000948179420703923,0.118782550794024));
#3557=CARTESIAN_POINT('',(-0.00674884108987329,-0.00227006398192451,0.118843690569716));
#3558=CARTESIAN_POINT('',(-0.00607783402979701,-0.00373499241095045,0.118919183130284));
#3559=CARTESIAN_POINT('',(-0.00507601790337604,-0.00499220770215661,0.118994125313795));
#3560=CARTESIAN_POINT('',(-0.00403698614058409,-0.00583343836448159,0.119053234138939));
#3561=CARTESIAN_POINT('',(-0.00283867628551807,-0.0065240980836283,0.11910907962198));
#3562=CARTESIAN_POINT('',(-0.00187094120322474,-0.00684741002587593,0.119155147893163));
#3563=CARTESIAN_POINT('',(-0.00120058727676739,-0.00696121797144447,0.119186651150696));
#3564=CARTESIAN_POINT('',(0.00484133097220542,0.00559832128153311,0.0958168893879437));
#3565=CARTESIAN_POINT('',(0.0042160649869667,0.0061328992383081,0.0958525869273573));
#3566=CARTESIAN_POINT('',(0.0030872303228548,0.00683235607393362,0.095900968051928));
#3567=CARTESIAN_POINT('',(0.0010205780439212,0.00742109580562928,0.0959952452651334));
#3568=CARTESIAN_POINT('',(-0.000919212491690163,0.00743462395948392,0.0960819456161925));
#3569=CARTESIAN_POINT('',(-0.00265404661437062,0.00696574734333808,0.0961612493166764));
#3570=CARTESIAN_POINT('',(-0.003951507572143,0.00630641430765043,0.0962174934961179));
#3571=CARTESIAN_POINT('',(-0.0051453278481625,0.00539907388944704,0.0962793433034953));
#3572=CARTESIAN_POINT('',(-0.00623794170162329,0.00411852925199049,0.0963541416180468));
#3573=CARTESIAN_POINT('',(-0.00699087058442286,0.00260465399029445,0.0964299606021932));
#3574=CARTESIAN_POINT('',(-0.00733291515761503,0.00122548725594575,0.0964916918915529));
#3575=CARTESIAN_POINT('',(-0.00742359943671108,9.17946650612166E-05,0.096537440182385));
#3576=CARTESIAN_POINT('',(-0.00736192698960024,-0.00103211278161435,0.0965817811133523));
#3577=CARTESIAN_POINT('',(-0.00705823197753185,-0.00241647776424515,0.0966430487911282));
#3578=CARTESIAN_POINT('',(-0.00634690605146756,-0.00394782750591757,0.0967185752732725));
#3579=CARTESIAN_POINT('',(-0.00528945667024931,-0.00525952513191021,0.096793578792774));
#3580=CARTESIAN_POINT('',(-0.00410842882142722,-0.00620564410103821,0.0968570973144709));
#3581=CARTESIAN_POINT('',(-0.00283380981247327,-0.00689359303893494,0.0969125004831778));
#3582=CARTESIAN_POINT('',(-0.0011201818985133,-0.00740658391315452,0.0969907849273093));
#3583=CARTESIAN_POINT('',(0.000818689625223301,-0.00744637221106657,0.097077425757088));
#3584=CARTESIAN_POINT('',(0.00256244949992451,-0.00700058051146357,0.0971570870310618));
#3585=CARTESIAN_POINT('',(0.00387296759952414,-0.00635485629756442,0.0972140250901875));
#3586=CARTESIAN_POINT('',(0.00507199059259907,-0.00546715072607256,0.097274919328982));
#3587=CARTESIAN_POINT('',(0.00618195979880838,-0.00420244802449107,0.0973496306981717));
#3588=CARTESIAN_POINT('',(0.00695530651063957,-0.0026980278180436,0.0974255523339068));
#3589=CARTESIAN_POINT('',(0.00731644133219991,-0.0013220398534513,0.0974875028104961));
#3590=CARTESIAN_POINT('',(0.00742191663573588,-0.000184118974980082,0.0975339400397244));
#3591=CARTESIAN_POINT('',(0.00737445589272723,0.000936097639339851,0.0975777289474133));
#3592=CARTESIAN_POINT('',(0.0070898640057884,0.00232184059887526,0.0976386603384022));
#3593=CARTESIAN_POINT('',(0.00639959798504031,0.0038616026217869,0.0977140396489531));
#3594=CARTESIAN_POINT('',(0.00535983947606307,0.00518838032402871,0.0977891540517338));
#3595=CARTESIAN_POINT('',(0.00418671633910266,0.00615333172615935,0.0978534015023226));
#3596=CARTESIAN_POINT('',(0.00292163513655218,0.00685645521333321,0.0979086608311569));
#3597=CARTESIAN_POINT('',(0.00122097187122352,0.00739050937226243,0.0979861576139058));
#3598=CARTESIAN_POINT('',(-0.000842267934618989,0.00746059000480951,0.0980786804922572));
#3599=CARTESIAN_POINT('',(-0.00292353402200775,0.00690244652235772,0.0981728919180632));
#3600=CARTESIAN_POINT('',(-0.00465849761204483,0.00587354502468745,0.098249477969493));
#3601=CARTESIAN_POINT('',(-0.00606833887306947,0.00439335050673627,0.0983396572391101));
#3602=CARTESIAN_POINT('',(-0.00691843388970662,0.00279096226427201,0.0984211267730984));
#3603=CARTESIAN_POINT('',(-0.00729864614816297,0.00141852267312845,0.0984832943320819));
#3604=CARTESIAN_POINT('',(-0.00741908719206841,0.000276938258821634,0.0985303748240655));
#3605=CARTESIAN_POINT('',(-0.00738570418439752,-0.000840512948256152,0.0985737501079316));
#3606=CARTESIAN_POINT('',(-0.00712016789690247,-0.00222669135431121,0.0986342626596021));
#3607=CARTESIAN_POINT('',(-0.0064511600580954,-0.00377469554355343,0.0987095039327252));
#3608=CARTESIAN_POINT('',(-0.00542921168295022,-0.0051162551395764,0.0987847289712543));
#3609=CARTESIAN_POINT('',(-0.0042648269358438,-0.00609971382380449,0.0988496333773994));
#3610=CARTESIAN_POINT('',(-0.00300830123817682,-0.00681863771779758,0.0989049197391591));
#3611=CARTESIAN_POINT('',(-0.00132085683555744,-0.00737280435740283,0.0989816077698912));
#3612=CARTESIAN_POINT('',(0.00074102092697909,-0.00747175774803968,0.0990741021698751));
#3613=CARTESIAN_POINT('',(0.00283482600131193,-0.00693971728572877,0.0991690251974693));
#3614=CARTESIAN_POINT('',(0.00458219248264038,-0.00593282417477648,0.0992455504711351));
#3615=CARTESIAN_POINT('',(0.00609193090372234,-0.00438901250967127,0.0993403988027639));
#3616=CARTESIAN_POINT('',(0.00704078657949189,-0.00255573323228795,0.099432895574117));
#3617=CARTESIAN_POINT('',(0.00740792247910527,-0.000816642798048751,0.0995096780963491));
#3618=CARTESIAN_POINT('',(0.0074159743556666,0.000630818395998258,0.0995649526647676));
#3619=CARTESIAN_POINT('',(0.00714930160744892,0.00213048703792839,0.0996297887772748));
#3620=CARTESIAN_POINT('',(0.00650146845677114,0.0036873896110696,0.0997050014096168));
#3621=CARTESIAN_POINT('',(0.00549778177575602,0.00504280235820341,0.0997802575510998));
#3622=CARTESIAN_POINT('',(0.00443124535761315,0.00596823610470539,0.0998408201022306));
#3623=CARTESIAN_POINT('',(0.00348071603039789,0.00655774167045873,0.0998842338218405));
#3624=CARTESIAN_POINT('',(0.00243352569679731,0.00702564145352316,0.0999312461781795));
#3625=CARTESIAN_POINT('',(0.0010558191420578,0.00738508044072113,0.0999933901310347));
#3626=CARTESIAN_POINT('',(-0.000756592099593263,0.00745346591991639,0.100074842511691));
#3627=CARTESIAN_POINT('',(-0.00274520616915654,0.00697605424544721,0.100165092301072));
#3628=CARTESIAN_POINT('',(-0.00450553481672707,0.00599082185646132,0.10024169041515));
#3629=CARTESIAN_POINT('',(-0.00603147881458672,0.00447100072319327,0.100335820044017));
#3630=CARTESIAN_POINT('',(-0.00700598814402526,0.00265100251870002,0.100428347014232));
#3631=CARTESIAN_POINT('',(-0.00739717675921407,0.000910754696966056,0.1005059252161));
#3632=CARTESIAN_POINT('',(-0.00742318913808731,-0.000536466035841466,0.10056119266394));
#3633=CARTESIAN_POINT('',(-0.00717688675691005,-0.0020342885304791,0.100625363546757));
#3634=CARTESIAN_POINT('',(-0.00655079495066999,-0.00359919419074288,0.100700465690622));
#3635=CARTESIAN_POINT('',(-0.00556487399704857,-0.00496885928963392,0.100775860787515));
#3636=CARTESIAN_POINT('',(-0.00450839325272964,-0.00591050435748613,0.10083683322022));
#3637=CARTESIAN_POINT('',(-0.0035623546430766,-0.00651369752763713,0.10088067566002));
#3638=CARTESIAN_POINT('',(-0.00252589109806277,-0.00699264721746019,0.100927039881784));
#3639=CARTESIAN_POINT('',(-0.00115469508563368,-0.00737037803170566,0.100988965910361));
#3640=CARTESIAN_POINT('',(0.000534563424719962,-0.00745592756458533,0.101064878118173));
#3641=CARTESIAN_POINT('',(0.00218556230834869,-0.00713022206738764,0.101139598638834));
#3642=CARTESIAN_POINT('',(0.0035562343877066,-0.00653738908118931,0.101200601066688));
#3643=CARTESIAN_POINT('',(0.00477105093734694,-0.00572796725784531,0.101257454198556));
#3644=CARTESIAN_POINT('',(0.00603114113889147,-0.00444341483770249,0.101337084452382));
#3645=CARTESIAN_POINT('',(0.006969297060657,-0.00274624836151284,0.101423718910063));
#3646=CARTESIAN_POINT('',(0.00738526055230782,-0.00100552598273632,0.101502074069004));
#3647=CARTESIAN_POINT('',(0.00742918780310883,0.000442616173273152,0.101557504980739));
#3648=CARTESIAN_POINT('',(0.00720311683793615,0.00193770971253008,0.101620938817142));
#3649=CARTESIAN_POINT('',(0.00659896369549271,0.00351036488919668,0.101695930190105));
#3650=CARTESIAN_POINT('',(0.00563085571599347,0.00489402575822764,0.101771473387394));
#3651=CARTESIAN_POINT('',(0.00458526879393208,0.00585144739074444,0.1018327730822));
#3652=CARTESIAN_POINT('',(0.00364298991143405,0.00646891190381181,0.101877182661595));
#3653=CARTESIAN_POINT('',(0.00261765517611538,0.00695847753944067,0.101922852899582));
#3654=CARTESIAN_POINT('',(0.00125328001526691,0.00735431626162107,0.101984560174155));
#3655=CARTESIAN_POINT('',(-0.000433864871119264,0.00746226371913966,0.102060365617046));
#3656=CARTESIAN_POINT('',(-0.0020898756620474,0.00715950979331771,0.102135174162401));
#3657=CARTESIAN_POINT('',(-0.00347483946240105,0.00658110925161474,0.102197124771393));
#3658=CARTESIAN_POINT('',(-0.0046951058366672,0.00578966537097792,0.102253301563295));
#3659=CARTESIAN_POINT('',(-0.00597056929637313,0.00452434289263129,0.102332580963796));
#3660=CARTESIAN_POINT('',(-0.00693169520386091,0.00284034463167131,0.102419179242487));
#3661=CARTESIAN_POINT('',(-0.00737204587213299,0.00110104448779626,0.102498108493821));
#3662=CARTESIAN_POINT('',(-0.00743401729259717,-0.000349318549593163,0.102553894524737));
#3663=CARTESIAN_POINT('',(-0.00722796895019622,-0.00184076161194946,0.102616513036772));
#3664=CARTESIAN_POINT('',(-0.00664596648777804,-0.0034209300465392,0.102691397008162));
#3665=CARTESIAN_POINT('',(-0.00569571084115108,-0.00481832445724956,0.102767096180058));
#3666=CARTESIAN_POINT('',(-0.00466183760495493,-0.00579106257182431,0.10282864085279));
#3667=CARTESIAN_POINT('',(-0.0037226229316412,-0.00642340797463245,0.102873754465498));
#3668=CARTESIAN_POINT('',(-0.00270880532005509,-0.0069231368490044,0.102918685820919));
#3669=CARTESIAN_POINT('',(-0.00135147421815938,-0.00733697719159037,0.102980177951615));
#3670=CARTESIAN_POINT('',(0.000332991892581686,-0.00746724920964851,0.103055838664131));
#3671=CARTESIAN_POINT('',(0.00199377557324077,-0.0071874485026032,0.103130748739999));
#3672=CARTESIAN_POINT('',(0.00339237520384249,-0.00662412669647299,0.103193571910968));
#3673=CARTESIAN_POINT('',(0.00461907356246608,-0.0058499029685347,0.103249255075866));
#3674=CARTESIAN_POINT('',(0.00590876309371056,-0.00460452175673933,0.103328056420832));
#3675=CARTESIAN_POINT('',(0.00689281594018798,-0.00293376518882785,0.103414659666287));
#3676=CARTESIAN_POINT('',(0.00735754249317922,-0.00119723560339692,0.103494036197916));
#3677=CARTESIAN_POINT('',(0.00743768856672364,0.000256581166328051,0.103550360169664));
#3678=CARTESIAN_POINT('',(0.00725144769934602,0.00174347818299042,0.1036120877753));
#3679=CARTESIAN_POINT('',(0.00669174384333494,0.00333093837680332,0.103686873389285));
#3680=CARTESIAN_POINT('',(0.00575958409783769,0.004741683539302,0.10376270833782));
#3681=CARTESIAN_POINT('',(0.00473783905966142,0.00572948376494255,0.103824468562581));
#3682=CARTESIAN_POINT('',(0.00380183711811823,0.00637685943439886,0.103870311267515));
#3683=CARTESIAN_POINT('',(0.00279909117109843,0.00688677740954583,0.103914570708954));
#3684=CARTESIAN_POINT('',(0.0014494147767264,0.00731827558204065,0.103975798386232));
#3685=CARTESIAN_POINT('',(-0.000232018181651233,0.00747090675134811,0.104051304820041));
#3686=CARTESIAN_POINT('',(-0.001897284967129,0.00721402619588104,0.104126322816083));
#3687=CARTESIAN_POINT('',(-0.0033088487396505,0.00666641279059271,0.104189943131866));
#3688=CARTESIAN_POINT('',(-0.00454298979121264,0.00590869229473499,0.104245315461935));
#3689=CARTESIAN_POINT('',(-0.00584573739343839,0.00468392436186312,0.104323512106323));
#3690=CARTESIAN_POINT('',(-0.00685267559982458,0.00302648382952594,0.104410161443993));
#3691=CARTESIAN_POINT('',(-0.00734172179362827,0.00129407399956844,0.104489857966441));
#3692=CARTESIAN_POINT('',(-0.00744022356778513,-0.000164423914945666,0.104546902484029));
#3693=CARTESIAN_POINT('',(-0.00727354991195792,-0.00164588660659174,0.104607663725663));
#3694=CARTESIAN_POINT('',(-0.00673626089943393,-0.00324043058019117,0.104682364602966));
#3695=CARTESIAN_POINT('',(-0.00582254311885942,-0.0046640683848697,0.104758296997677));
#3696=CARTESIAN_POINT('',(-0.00481312213669907,-0.0056667933981753,0.104820276967099));
#3697=CARTESIAN_POINT('',(-0.00388093374136855,-0.00632907492164815,0.104866802405832));
#3698=CARTESIAN_POINT('',(-0.00288837274831319,-0.00684949958947653,0.104910528269407));
#3699=CARTESIAN_POINT('',(-0.00154716146058096,-0.00729816358259539,0.104971408636528));
#3700=CARTESIAN_POINT('',(0.000130994221191972,-0.00747325156596603,0.105046769070315));
#3701=CARTESIAN_POINT('',(0.0018004334625798,-0.00723922453063056,0.105121898110858));
#3702=CARTESIAN_POINT('',(0.00322426104792897,-0.00670795190074216,0.105186237419392));
#3703=CARTESIAN_POINT('',(0.00446691500126797,-0.00596599504978503,0.105241489818782));
#3704=CARTESIAN_POINT('',(0.00578125927346696,-0.00476303661531076,0.105318885896671));
#3705=CARTESIAN_POINT('',(0.00687681607902922,-0.00301332110704332,0.10541140377643));
#3706=CARTESIAN_POINT('',(0.00743792199449888,-0.000932058315646742,0.105505714768652));
#3707=CARTESIAN_POINT('',(0.00741773181495305,0.00108484092129515,0.105582282389485));
#3708=CARTESIAN_POINT('',(0.00681059100502125,0.00316170208924826,0.105677696568822));
#3709=CARTESIAN_POINT('',(0.00567634234069912,0.00488633433611335,0.105770181228856));
#3710=CARTESIAN_POINT('',(0.00434523098971848,0.0060548469040309,0.105846177379568));
#3711=CARTESIAN_POINT('',(0.00308688543953791,0.00677265541786937,0.105901604849527));
#3712=CARTESIAN_POINT('',(0.00164514767961861,0.00727658419134945,0.105966958414225));
#3713=CARTESIAN_POINT('',(-3.0080813666906E-05,0.00747429449285805,0.106042248107948));
#3714=CARTESIAN_POINT('',(-0.00170322748274828,0.00726305417727072,0.106117471658815));
#3715=CARTESIAN_POINT('',(-0.0031386361230223,0.00674868222622523,0.106182459812035));
#3716=CARTESIAN_POINT('',(-0.00439083309274536,0.00602195338507977,0.106237762861184));
#3717=CARTESIAN_POINT('',(-0.00571582896864776,0.00484057023776654,0.106314334496082));
#3718=CARTESIAN_POINT('',(-0.00683569408411695,0.00310650963547539,0.106406826334507));
#3719=CARTESIAN_POINT('',(-0.00742568159668374,0.00102756311612156,0.106501838723974));
#3720=CARTESIAN_POINT('',(-0.00743072988557294,-0.000989163021186717,0.106578366072903));
#3721=CARTESIAN_POINT('',(-0.0068524643366153,-0.00306886525533824,0.106673122806826));
#3722=CARTESIAN_POINT('',(-0.00574245957610049,-0.00480932902595643,0.106765622579448));
#3723=CARTESIAN_POINT('',(-0.00442132946394921,-0.005999704703774,0.10684251798027));
#3724=CARTESIAN_POINT('',(-0.00317310258309182,-0.00673242814351251,0.106897781076072));
#3725=CARTESIAN_POINT('',(-0.0017425426935221,-0.00725357655195611,0.106962533004625));
#3726=CARTESIAN_POINT('',(-7.08154315949147E-05,-0.00747402392991112,0.107037730834256));
#3727=CARTESIAN_POINT('',(0.00160532457275209,-0.00728551454474297,0.107113004979052));
#3728=CARTESIAN_POINT('',(0.00294128756394753,-0.00682679237114487,0.107173626843935));
#3729=CARTESIAN_POINT('',(0.00392830751071176,-0.00629981238817853,0.107217089674765));
#3730=CARTESIAN_POINT('',(0.00485771325830139,-0.00562883413937656,0.107264018289886));
#3731=CARTESIAN_POINT('',(0.00585952045040683,-0.00461737721522344,0.107326133867468));
#3732=CARTESIAN_POINT('',(0.00682763734977361,-0.00308385445835214,0.107407564990427));
#3733=CARTESIAN_POINT('',(0.00741218360009152,-0.0011233787351923,0.107497899320479));
#3734=CARTESIAN_POINT('',(0.00744245716785386,0.000893821245757928,0.107574514123037));
#3735=CARTESIAN_POINT('',(0.00689307409846578,0.0029754419600967,0.107668543519058));
#3736=CARTESIAN_POINT('',(0.00580740915925662,0.00473144202050434,0.107761075636603));
#3737=CARTESIAN_POINT('',(0.00449746295667548,0.0059431543713554,0.107838750736964));
#3738=CARTESIAN_POINT('',(0.00325828231702538,0.00669139433543692,0.107894030989477));
#3739=CARTESIAN_POINT('',(0.00183960138368107,0.0072291830939688,0.107958107576817));
#3740=CARTESIAN_POINT('',(0.000171855578660013,0.00747246893323028,0.108033195130137));
#3741=CARTESIAN_POINT('',(-0.00150771156253728,0.00730645948564874,0.108108609382309));
#3742=CARTESIAN_POINT('',(-0.00285258089138847,0.00686462050581817,0.10816963017423));
#3743=CARTESIAN_POINT('',(-0.0038493251858948,0.00634832622547936,0.108213540132254));
#3744=CARTESIAN_POINT('',(-0.00478285740926039,0.00569217975982702,0.108259814639428));
#3745=CARTESIAN_POINT('',(-0.00579722506667654,0.00469553858080217,0.108321711304023));
#3746=CARTESIAN_POINT('',(-0.00671840407335071,0.00327708075545938,0.10839761151083));
#3747=CARTESIAN_POINT('',(-0.00726482109082951,0.0016853590303006,0.108472342962926));
#3748=CARTESIAN_POINT('',(-0.00743934994145424,0.00020116747220266,0.1085334759773));
#3749=CARTESIAN_POINT('',(-0.00734822555816487,-0.00125496628684698,0.108590228528981));
#3750=CARTESIAN_POINT('',(-0.00686905236793798,-0.00298908294190106,0.108669819420764));
#3751=CARTESIAN_POINT('',(-0.00587138625931015,-0.00465190932334554,0.108756446690034));
#3752=CARTESIAN_POINT('',(-0.00457357796876276,-0.00588526088493483,0.108834885580801));
#3753=CARTESIAN_POINT('',(-0.00334241768124523,-0.00664956193655469,0.108890353230341));
#3754=CARTESIAN_POINT('',(-0.00193630813525767,-0.00720342732205228,0.10895368284472));
#3755=CARTESIAN_POINT('',(-0.000272862333831857,-0.00746959438978845,0.10902865979723));
#3756=CARTESIAN_POINT('',(0.00140988659869393,-0.00732599688427018,0.109104223315523));
#3757=CARTESIAN_POINT('',(0.00276286429681083,-0.00690154642454472,0.109165560336967));
#3758=CARTESIAN_POINT('',(0.00377020591509184,-0.00639560093752226,0.10921005586601));
#3759=CARTESIAN_POINT('',(0.00470728745942964,-0.00575441717640524,0.109255630203688));
#3760=CARTESIAN_POINT('',(0.00573390056156497,-0.00477275534944544,0.109317308667507));
#3761=CARTESIAN_POINT('',(0.00667337408296347,-0.00336738811959249,0.109393097003062));
#3762=CARTESIAN_POINT('',(0.00724215828760291,-0.001782829479205,0.109467918296496));
#3763=CARTESIAN_POINT('',(0.00743636435012569,-0.000293595261505147,0.109529989462227));
#3764=CARTESIAN_POINT('',(0.00736350926497717,0.0011584325274798,0.10958608997606));
#3765=CARTESIAN_POINT('',(0.00690868459718948,0.00289606820464779,0.109665313057951));
#3766=CARTESIAN_POINT('',(0.00593391301371728,0.00457219316317431,0.10975190962156));
#3767=CARTESIAN_POINT('',(0.00464968586803253,0.00582586472093203,0.10983090575989));
#3768=CARTESIAN_POINT('',(0.00342548929929522,0.00660699770111342,0.109886752862075));
#3769=CARTESIAN_POINT('',(0.00203264212288255,0.00717629437756964,0.109949257132326));
#3770=CARTESIAN_POINT('',(0.00037380484581265,0.00746540637774621,0.110024127226251));
#3771=CARTESIAN_POINT('',(-0.00131186957286381,0.00734412879102733,0.11009984668439));
#3772=CARTESIAN_POINT('',(-0.00267216389423613,0.00693753261648494,0.110161419807585));
#3773=CARTESIAN_POINT('',(-0.00369094063874216,0.00644166576231529,0.110206633152996));
#3774=CARTESIAN_POINT('',(-0.0046310246112978,0.00581552961282926,0.110251467078206));
#3775=CARTESIAN_POINT('',(-0.00566966036020404,0.00484899743007219,0.110312928790965));
#3776=CARTESIAN_POINT('',(-0.00662709061749059,0.00345716643141561,0.110388568470283));
#3777=CARTESIAN_POINT('',(-0.00721812101774825,0.00187997977944776,0.110463492806204));
#3778=CARTESIAN_POINT('',(-0.00743223255160823,0.000386595141972224,0.110526426448637));
#3779=CARTESIAN_POINT('',(-0.0073774883610862,-0.00106255693453342,0.110582057682257));
#3780=CARTESIAN_POINT('',(-0.00694704863523987,-0.00280236255295604,0.110660785806463));
#3781=CARTESIAN_POINT('',(-0.00599521388099019,-0.00449171218604471,0.110747392817714));
#3782=CARTESIAN_POINT('',(-0.00472572719825619,-0.00576501456875412,0.110826819307958));
#3783=CARTESIAN_POINT('',(-0.00350749562623485,-0.00656371433269992,0.110883228690172));
#3784=CARTESIAN_POINT('',(-0.00212857691284908,-0.00714780606873012,0.110944831967067));
#3785=CARTESIAN_POINT('',(-0.000474605781917489,-0.00745987489449043,0.111019605509902));
#3786=CARTESIAN_POINT('',(0.00121350706085441,-0.00736095455902472,0.111095455647306));
#3787=CARTESIAN_POINT('',(0.00258075274440981,-0.00697240642718949,0.111157244893022));
#3788=CARTESIAN_POINT('',(0.00361088627282989,-0.00648689868921755,0.111203181188076));
#3789=CARTESIAN_POINT('',(0.00455435262182771,-0.00587536257002443,0.111247361593223));
#3790=CARTESIAN_POINT('',(0.00560434330146135,-0.00492435082476868,0.111308547800105));
#3791=CARTESIAN_POINT('',(0.00657961569139908,-0.00354636044609298,0.111384034338243));
#3792=CARTESIAN_POINT('',(0.00719270986829694,-0.00197678440220769,0.111459066842884));
#3793=CARTESIAN_POINT('',(0.00742693352470444,-0.000480146435665788,0.111522787614588));
#3794=CARTESIAN_POINT('',(0.00739019127949804,0.000967364081073313,0.111578132347624));
#3795=CARTESIAN_POINT('',(0.00698412859142477,0.00270799246748559,0.11165623895759));
#3796=CARTESIAN_POINT('',(0.0060552744766308,0.0044104937099494,0.111742897531264));
#3797=CARTESIAN_POINT('',(0.00480166549528704,0.00570269838030905,0.111822627040215));
#3798=CARTESIAN_POINT('',(0.00358843074007284,0.00651974089221926,0.11187978124426));
#3799=CARTESIAN_POINT('',(0.00222408660678408,0.00711797285138044,0.11194040816378));
#3800=CARTESIAN_POINT('',(0.000575219919208228,0.00745299464835109,0.112015098792838));
#3801=CARTESIAN_POINT('',(-0.00111476125770114,0.00737649999518794,0.112091041265374));
#3802=CARTESIAN_POINT('',(-0.00248874107133971,0.00700610035520148,0.112153050798219));
#3803=CARTESIAN_POINT('',(-0.00352982116574109,0.00653140827078851,0.1121996636156));
#3804=CARTESIAN_POINT('',(-0.00447739162275148,0.00593386713406729,0.112243328894637));
#3805=CARTESIAN_POINT('',(-0.00553790410584196,0.00499882790016164,0.112304156773563));
#3806=CARTESIAN_POINT('',(-0.00653098025765807,0.00363493848838657,0.112379498485769));
#3807=CARTESIAN_POINT('',(-0.00716592510901304,0.00207320826411489,0.112454642193045));
#3808=CARTESIAN_POINT('',(-0.00742045337590397,0.000574240162252395,0.112519072013118));
#3809=CARTESIAN_POINT('',(-0.00740161798661568,-0.000872924135767294,0.112574320721185));
#3810=CARTESIAN_POINT('',(-0.00702020226431612,-0.00261252595680282,0.11265161391523));
#3811=CARTESIAN_POINT('',(-0.00605609415277875,-0.00443793782375606,0.112744127335888));
#3812=CARTESIAN_POINT('',(-0.00453636392457812,-0.00596770389346176,0.112838535760312));
#3813=CARTESIAN_POINT('',(-0.00278131706285985,-0.00696154823691569,0.112915090573098));
#3814=CARTESIAN_POINT('',(-0.000680679736727541,-0.00747772397535506,0.113010421296037));
#3815=CARTESIAN_POINT('',(0.00138024892630413,-0.00736160500725793,0.11310290694511));
#3816=CARTESIAN_POINT('',(0.00305968292720373,-0.00679564480788488,0.113179029768927));
#3817=CARTESIAN_POINT('',(0.00431148179429214,-0.00606698841628672,0.113234424753326));
#3818=CARTESIAN_POINT('',(0.00547005741769563,-0.00507278408055473,0.113299702865093));
#3819=CARTESIAN_POINT('',(0.00648127995765399,-0.00372276441949793,0.113374978310025));
#3820=CARTESIAN_POINT('',(0.00713777789466706,-0.00216925107963106,0.113450215915588));
#3821=CARTESIAN_POINT('',(0.00741275209125232,-0.000668825026358483,0.113515284542461));
#3822=CARTESIAN_POINT('',(0.00741187850045833,0.000779154070312959,0.113570608147151));
#3823=CARTESIAN_POINT('',(0.00705445380737152,0.0025170187860544,0.113647060934038));
#3824=CARTESIAN_POINT('',(0.00611608482830805,0.00435562416286497,0.113739550632672));
#3825=CARTESIAN_POINT('',(0.00461290842065131,0.00590918216837857,0.113834651102353));
#3826=CARTESIAN_POINT('',(0.00287055260235959,0.00692484113495212,0.113911182822634));
#3827=CARTESIAN_POINT('',(0.000782000728685719,0.00746738383868712,0.114005846710567));
#3828=CARTESIAN_POINT('',(-0.00128047608268556,0.00738016836327573,0.114098349794679));
#3829=CARTESIAN_POINT('',(-0.00297371413651454,0.00683388961796528,0.114175355946654));
#3830=CARTESIAN_POINT('',(-0.00423350992361727,0.00612136689631631,0.114230610802738));
#3831=CARTESIAN_POINT('',(-0.00540129534045984,0.00514549857610566,0.114295277196896));
#3832=CARTESIAN_POINT('',(-0.00643044630799271,0.00380992602325111,0.114370460250667));
#3833=CARTESIAN_POINT('',(-0.00710809639639545,0.00226518456647338,0.114445752555303));
#3834=CARTESIAN_POINT('',(-0.00738134957727779,0.000878887844741842,0.11450643227407));
#3835=CARTESIAN_POINT('',(-0.00742035320083677,-0.000239742082128277,0.114549946677641));
#3836=CARTESIAN_POINT('',(-0.00730596964554559,-0.00137964447124595,0.11459679072082));
#3837=CARTESIAN_POINT('',(-0.00693345277867413,-0.00275342968298903,0.114658877962032));
#3838=CARTESIAN_POINT('',(-0.00609241496431641,-0.00435998391078502,0.114740287365905));
#3839=CARTESIAN_POINT('',(-0.00468908891295453,-0.00584943232525454,0.114830705259293));
#3840=CARTESIAN_POINT('',(-0.0029588601358012,-0.00688720060182677,0.114907338976472));
#3841=CARTESIAN_POINT('',(-0.000883193965488,-0.00745565773556083,0.115001266920694));
#3842=CARTESIAN_POINT('',(0.00118052764593134,-0.00739727896889188,0.115093804490295));
#3843=CARTESIAN_POINT('',(0.00288650881900475,-0.00687145581434614,0.115171574351538));
#3844=CARTESIAN_POINT('',(0.00415536222363446,-0.00617444448404971,0.115226870641202));
#3845=CARTESIAN_POINT('',(0.00533150408546924,-0.00521722662971788,0.115290851592095));
#3846=CARTESIAN_POINT('',(0.00637842929305866,-0.00389656159325316,0.115365924583847));
#3847=CARTESIAN_POINT('',(0.00707725175379101,-0.00236012460628408,0.115441358145764));
#3848=CARTESIAN_POINT('',(0.00736958602028028,-0.000974682098183744,0.115502425830392));
#3849=CARTESIAN_POINT('',(0.0074227236839615,0.000147150379727225,0.11554640576381));
#3850=CARTESIAN_POINT('',(0.00732322283052746,0.00128313308045773,0.115592589728881));
#3851=CARTESIAN_POINT('',(0.00696983127499974,0.0026603503630765,0.115654457101526));
#3852=CARTESIAN_POINT('',(0.00620471456858465,0.00416861217002229,0.11573034462671));
#3853=CARTESIAN_POINT('',(0.00510175956381494,0.00543979809400804,0.115805087253066));
#3854=CARTESIAN_POINT('',(0.00390435351798002,0.0063356582509246,0.115866349524022));
#3855=CARTESIAN_POINT('',(0.00259949897633648,0.00698661648823234,0.11592300472737));
#3856=CARTESIAN_POINT('',(0.000859269197799397,0.0074417762179387,0.116002553996998));
#3857=CARTESIAN_POINT('',(-0.00107962793326989,0.00741271054940547,0.116089174806184));
#3858=CARTESIAN_POINT('',(-0.00279815181849596,0.00690833079895193,0.116167695190505));
#3859=CARTESIAN_POINT('',(-0.00407704858459313,0.00622621903772503,0.116223202818173));
#3860=CARTESIAN_POINT('',(-0.00526071206445989,0.0052879661690843,0.116286426876391));
#3861=CARTESIAN_POINT('',(-0.00632528799248309,0.00398250548700553,0.116361389441423));
#3862=CARTESIAN_POINT('',(-0.00704508365277122,0.00245454071636991,0.116436973432305));
#3863=CARTESIAN_POINT('',(-0.00735653371598596,0.00107089661295363,0.116498346308977));
#3864=CARTESIAN_POINT('',(-0.00742395482171809,-5.50624087897115E-05,0.116542930237274));
#3865=CARTESIAN_POINT('',(-0.00733916105069735,-0.00118656000162147,0.116588407856265));
#3866=CARTESIAN_POINT('',(-0.00700486752109501,-0.00256686075111022,0.116650057585099));
#3867=CARTESIAN_POINT('',(-0.00626026464528621,-0.00408435037124773,0.11672582813449));
#3868=CARTESIAN_POINT('',(-0.0051747128990274,-0.00537129806236732,0.116800662416627));
#3869=CARTESIAN_POINT('',(-0.00398289681819342,-0.00628668907068112,0.116862852796646));
#3870=CARTESIAN_POINT('',(-0.00269057922715681,-0.00695147688840785,0.116918880272811));
#3871=CARTESIAN_POINT('',(-0.000959635458669894,-0.00742939921260047,0.116998044781665));
#3872=CARTESIAN_POINT('',(0.000979319975673883,-0.00742680993321342,0.117084640360227));
#3873=CARTESIAN_POINT('',(0.00270849565300325,-0.00694444173281839,0.117163701134601));
#3874=CARTESIAN_POINT('',(0.00399863742288577,-0.00627670791430907,0.11721961255174));
#3875=CARTESIAN_POINT('',(0.00518891628523195,-0.00535769178189091,0.117282001232001));
#3876=CARTESIAN_POINT('',(0.00627104335432118,-0.00406773012326776,0.117356857687978));
#3877=CARTESIAN_POINT('',(0.00701160387103196,-0.00254843099957314,0.117432596754601));
#3878=CARTESIAN_POINT('',(0.00734217335928729,-0.00116746970626583,0.117494198405826));
#3879=CARTESIAN_POINT('',(0.00742406736321053,-3.65964448600867E-05,0.117539510670182));
#3880=CARTESIAN_POINT('',(0.00735377903522676,0.00108997298557084,0.117584249610474));
#3881=CARTESIAN_POINT('',(0.00703860135611832,0.00247305484161898,0.117645679431851));
#3882=CARTESIAN_POINT('',(0.00631472742423283,0.00399927443643792,0.117721298228359));
#3883=CARTESIAN_POINT('',(0.00524669882242391,0.00530176994119916,0.11779623685843));
#3884=CARTESIAN_POINT('',(0.00406135870446436,0.00623643999829211,0.117859279643519));
#3885=CARTESIAN_POINT('',(0.00278043616945508,0.00691554152932269,0.117914862184048));
#3886=CARTESIAN_POINT('',(0.001059961864361,0.00741557832654146,0.117993514844964));
#3887=CARTESIAN_POINT('',(-0.000878966721182232,0.00743946534690621,0.118080126350597));
#3888=CARTESIAN_POINT('',(-0.00261761454586532,0.00697976309259658,0.118159600541846));
#3889=CARTESIAN_POINT('',(-0.003920139892752,0.00632591573824839,0.11821609857119));
#3890=CARTESIAN_POINT('',(-0.00511614923876639,0.0054263921553478,0.118277576182081));
#3891=CARTESIAN_POINT('',(-0.00621570827231132,0.00415215037920957,0.118352337904759));
#3892=CARTESIAN_POINT('',(-0.00697682103275838,0.00264198898741501,0.118428202513874));
#3893=CARTESIAN_POINT('',(-0.00732649319945045,0.00126406299658076,0.11849002092452));
#3894=CARTESIAN_POINT('',(-0.00742306418639124,0.000128612056414713,0.118536049839613));
#3895=CARTESIAN_POINT('',(-0.00736708341939858,-0.000993712628621038,0.118580154220863));
#3896=CARTESIAN_POINT('',(-0.00707104262585147,-0.00237872579075546,0.118641294453714));
#3897=CARTESIAN_POINT('',(-0.00636793372019171,-0.00391359110227059,0.118716787225914));
#3898=CARTESIAN_POINT('',(-0.00531822846488971,-0.00523080013445666,0.118791729235409));
#3899=CARTESIAN_POINT('',(-0.00422957029594209,-0.00611214772060954,0.118850837147807));
#3900=CARTESIAN_POINT('',(-0.00297401268546453,-0.00683575047807199,0.118906682652379));
#3901=CARTESIAN_POINT('',(-0.00196002715430835,-0.00717447716240033,0.118952751782933));
#3902=CARTESIAN_POINT('',(-0.00125765644594585,-0.00729369290226512,0.11898425504491));
#3903=CARTESIAN_POINT('',(0.00506181643375416,0.00585362916381079,0.0956144920213371));
#3904=CARTESIAN_POINT('',(0.00440805129307057,0.00641254020921343,0.0956501889984045));
#3905=CARTESIAN_POINT('',(0.00322774016976003,0.00714385311742741,0.0956985703901198));
#3906=CARTESIAN_POINT('',(0.00106685081534214,0.00775936812195579,0.0957928483600083));
#3907=CARTESIAN_POINT('',(-0.000961350589930106,0.00777344772359401,0.0958795486731233));
#3908=CARTESIAN_POINT('',(-0.00277522469185387,0.00728314725290338,0.0959588519302411));
#3909=CARTESIAN_POINT('',(-0.00413178222039514,0.00659373800564521,0.0960150954636635));
#3910=CARTESIAN_POINT('',(-0.00538001675689604,0.00564498851898375,0.0960769462581361));
#3911=CARTESIAN_POINT('',(-0.0065223873930356,0.00430603899562786,0.0961517446868405));
#3912=CARTESIAN_POINT('',(-0.00730958320224081,0.00272314469564151,0.0962275635356062));
#3913=CARTESIAN_POINT('',(-0.0076671699204883,0.00128111474574337,0.0962892945796752));
#3914=CARTESIAN_POINT('',(-0.00776195266969263,9.57757345791124E-05,0.0963350421078877));
#3915=CARTESIAN_POINT('',(-0.00769743751073318,-0.00107937919190507,0.0963793837043955));
#3916=CARTESIAN_POINT('',(-0.0073798538182119,-0.00252684136507499,0.0964406517090369));
#3917=CARTESIAN_POINT('',(-0.00663605605733497,-0.00412796898279469,0.0965161783595939));
#3918=CARTESIAN_POINT('',(-0.00553036771839276,-0.00549941187097864,0.0965911817507444));
#3919=CARTESIAN_POINT('',(-0.00429550570044488,-0.00648859907068453,0.0966546994401706));
#3920=CARTESIAN_POINT('',(-0.00296276558870163,-0.00720787311533831,0.0967101028733341));
#3921=CARTESIAN_POINT('',(-0.00117099470229919,-0.00774419815872771,0.0967883880272755));
#3922=CARTESIAN_POINT('',(0.000856245864894089,-0.00778573519885235,0.0968750287949486));
#3923=CARTESIAN_POINT('',(0.0026794575428613,-0.00731956915666482,0.0969546897574564));
#3924=CARTESIAN_POINT('',(0.00404966124224426,-0.00664439138238394,0.097011626976104));
#3925=CARTESIAN_POINT('',(0.00530333929273939,-0.00571617080646348,0.097072522280617));
#3926=CARTESIAN_POINT('',(0.00646385638072812,-0.00439378483386723,0.0971472337504271));
#3927=CARTESIAN_POINT('',(0.00727240144891948,-0.00282077466995867,0.0972231552926153));
#3928=CARTESIAN_POINT('',(0.00764994851334513,-0.00138206783838441,0.0972851055197812));
#3929=CARTESIAN_POINT('',(0.00776019571325135,-0.000192305468908917,0.0973315420348007));
#3930=CARTESIAN_POINT('',(0.00771054048813901,0.000978985460984291,0.0973753314601647));
#3931=CARTESIAN_POINT('',(0.00741293087726755,0.0024278923497418,0.097436263265748));
#3932=CARTESIAN_POINT('',(0.00669115217530906,0.00403781578684655,0.0975116427365353));
#3933=CARTESIAN_POINT('',(0.00560396098677973,0.00542502692858423,0.0975867570106412));
#3934=CARTESIAN_POINT('',(0.0043773604337343,0.00643390619883953,0.0976510037075451));
#3935=CARTESIAN_POINT('',(0.00305459840993192,0.00716904309494013,0.0977062631086727));
#3936=CARTESIAN_POINT('',(0.00127637930395727,0.00772739523482349,0.097783760705181));
#3937=CARTESIAN_POINT('',(-0.00088090228998507,0.00780059809019084,0.0978762836259217));
#3938=CARTESIAN_POINT('',(-0.00305698344397393,0.00721695761047861,0.0979704942380359));
#3939=CARTESIAN_POINT('',(-0.00487099802213664,0.00614111126010692,0.0980470804031392));
#3940=CARTESIAN_POINT('',(-0.00634506611189582,0.00459339046513813,0.0981372603800929));
#3941=CARTESIAN_POINT('',(-0.00723385114772279,0.00291794550346068,0.0982187297452901));
#3942=CARTESIAN_POINT('',(-0.00763134559271815,0.00148294802679968,0.098280897063377));
#3943=CARTESIAN_POINT('',(-0.00775723991588038,0.000289352802640034,0.0983279768879222));
#3944=CARTESIAN_POINT('',(-0.00772230441070017,-0.000879041727238798,0.0983713525417446));
#3945=CARTESIAN_POINT('',(-0.0074446192999162,-0.00232840782342368,0.0984318655950166));
#3946=CARTESIAN_POINT('',(-0.00674506697610832,-0.00394694923129589,0.0985071070202797));
#3947=CARTESIAN_POINT('',(-0.00567649767360802,-0.00534961686401042,0.0985823319294936));
#3948=CARTESIAN_POINT('',(-0.00445903026618968,-0.00637784832505457,0.0986472356621738));
#3949=CARTESIAN_POINT('',(-0.00314521923692559,-0.00712950233455795,0.0987025219012225));
#3950=CARTESIAN_POINT('',(-0.00138081708009366,-0.00770888703937975,0.0987792108728647));
#3951=CARTESIAN_POINT('',(0.000775040921358384,-0.00781227819954936,0.0988717052997327));
#3952=CARTESIAN_POINT('',(0.00296423560477236,-0.00725592885911457,0.0989666275832535));
#3953=CARTESIAN_POINT('',(0.00479121487538342,-0.0062030952448802,0.0990431528510876));
#3954=CARTESIAN_POINT('',(0.00636973432451657,-0.00458885506865142,0.0991380019330904));
#3955=CARTESIAN_POINT('',(0.00736177221581712,-0.00267198599480264,0.0992304986761456));
#3956=CARTESIAN_POINT('',(0.0077455813907978,-0.000853652308697154,0.0993072802680932));
#3957=CARTESIAN_POINT('',(0.00775396073613175,0.000659785134298579,0.0993625549429091));
#3958=CARTESIAN_POINT('',(0.00747508437446877,0.00222782065244727,0.0994273917356181));
#3959=CARTESIAN_POINT('',(0.00679767076168611,0.0038556654998415,0.0995026044972302));
#3960=CARTESIAN_POINT('',(0.00574819648854253,0.00527281826900107,0.0995778604858784));
#3961=CARTESIAN_POINT('',(0.00463303310070183,0.00624038633293234,0.0996384225426888));
#3962=CARTESIAN_POINT('',(0.00363917602274862,0.00685672637424306,0.0996818358799278));
#3963=CARTESIAN_POINT('',(0.00254422197331715,0.00734593200266747,0.0997288489078046));
#3964=CARTESIAN_POINT('',(0.00110370333394139,0.00772171065141052,0.0997909931013921));
#3965=CARTESIAN_POINT('',(-0.00079132157023434,0.00779315364188487,0.0998724456532602));
#3966=CARTESIAN_POINT('',(-0.00287053387052659,0.00729392340958289,0.0999626947402514));
#3967=CARTESIAN_POINT('',(-0.00471106312084863,0.00626373997139666,0.100039292729299));
#3968=CARTESIAN_POINT('',(-0.00630652973284151,0.00467458205133004,0.100133423178011));
#3969=CARTESIAN_POINT('',(-0.00732539111924603,0.00277159913535285,0.100225950104449));
#3970=CARTESIAN_POINT('',(-0.00773434879130355,0.000952049763807794,0.100303527503249));
#3971=CARTESIAN_POINT('',(-0.00776150706325913,-0.000561129732394686,0.100358794862482));
#3972=CARTESIAN_POINT('',(-0.00750393022889827,-0.00212723866799934,0.100422966505664));
#3973=CARTESIAN_POINT('',(-0.00684924812351266,-0.00376345182473295,0.100498068778145));
#3974=CARTESIAN_POINT('',(-0.00581834954064897,-0.00519550719083821,0.10057346371412));
#3975=CARTESIAN_POINT('',(-0.00471369663053996,-0.00618002723786305,0.100634435739552));
#3976=CARTESIAN_POINT('',(-0.00372453889507964,-0.00681067571511646,0.10067827764929));
#3977=CARTESIAN_POINT('',(-0.00264079894957725,-0.00731143674218621,0.100724642589337));
#3978=CARTESIAN_POINT('',(-0.00120708672301633,-0.0077063409364553,0.100786568867002));
#3979=CARTESIAN_POINT('',(0.000559170510780368,-0.00779573643706043,0.100862481171867));
#3980=CARTESIAN_POINT('',(0.00228540435571845,-0.00745512881046326,0.100937201590763));
#3981=CARTESIAN_POINT('',(0.00371849693221435,-0.00683525153359073,0.100998202959451));
#3982=CARTESIAN_POINT('',(0.00498868507270221,-0.00598888942050419,0.101055056915521));
#3983=CARTESIAN_POINT('',(0.00630617237987424,-0.00464574018973652,0.101134687492171));
#3984=CARTESIAN_POINT('',(0.00728703181725423,-0.00287118755872086,0.10122132200844));
#3985=CARTESIAN_POINT('',(0.00772189240303349,-0.00105113676084703,0.10129967646878));
#3986=CARTESIAN_POINT('',(0.00776778177737496,0.000462999675366266,0.101355107099705));
#3987=CARTESIAN_POINT('',(0.00753135926533833,0.00202625894063906,0.101418541775014));
#3988=CARTESIAN_POINT('',(0.00689961500901782,0.00367057530514995,0.101493533276246));
#3989=CARTESIAN_POINT('',(0.00588734153646958,0.00511726498639268,0.101569076304459));
#3990=CARTESIAN_POINT('',(0.00479407549662904,0.00611828254860881,0.101630375679753));
#3991=CARTESIAN_POINT('',(0.00380885271510899,0.00676384969274207,0.101674784581263));
#3992=CARTESIAN_POINT('',(0.00273674720427661,0.00727571238008196,0.10172045558589));
#3993=CARTESIAN_POINT('',(0.00131016625068217,0.00768955005967035,0.101782163105393));
#3994=CARTESIAN_POINT('',(-0.000453883038866787,0.00780236462343073,0.101857968687176));
#3995=CARTESIAN_POINT('',(-0.00218535762099941,0.007485754787671,0.101932777117179));
#3996=CARTESIAN_POINT('',(-0.00363339599416405,0.00688096510812171,0.101994726745847));
#3997=CARTESIAN_POINT('',(-0.00490927701722565,0.00605340411498968,0.102050904167012));
#3998=CARTESIAN_POINT('',(-0.00624284316708452,0.00473035836634029,0.102130184025888));
#3999=CARTESIAN_POINT('',(-0.00724771927276664,0.00296957450878388,0.102216782321091));
#4000=CARTESIAN_POINT('',(-0.00770807857162074,0.0011510050688599,0.102295711008208));
#4001=CARTESIAN_POINT('',(-0.00777283391625548,-0.000365446956052543,0.10235149656294));
#4002=CARTESIAN_POINT('',(-0.00755734755934396,-0.00192489301406024,0.102414115992923));
#4003=CARTESIAN_POINT('',(-0.00694876286958326,-0.00357706554614347,0.102489000090186));
#4004=CARTESIAN_POINT('',(-0.00595515551462186,-0.00503811546012458,0.102564699090521));
#4005=CARTESIAN_POINT('',(-0.0048741339482762,-0.00605514939813857,0.102626243521776));
#4006=CARTESIAN_POINT('',(-0.00389211813398084,-0.00671627282489769,0.102671356330445));
#4007=CARTESIAN_POINT('',(-0.00283205379492235,-0.00723876346645289,0.102716288479113));
#4008=CARTESIAN_POINT('',(-0.00141283718874287,-0.00767142370462659,0.102777780860355));
#4009=CARTESIAN_POINT('',(0.000348413066462963,-0.00780758058131625,0.102853441748101));
#4010=CARTESIAN_POINT('',(0.0020848785131902,-0.00751497029592524,0.102928351696526));
#4011=CARTESIAN_POINT('',(0.00354717697922582,-0.00692594403523344,0.102991173966742));
#4012=CARTESIAN_POINT('',(0.00482977768739333,-0.00611639166389296,0.103046857565455));
#4013=CARTESIAN_POINT('',(0.00617822328886156,-0.00481419329674437,0.103125659503847));
#4014=CARTESIAN_POINT('',(0.00720707104462267,-0.00306725503394829,0.10321226272366));
#4015=CARTESIAN_POINT('',(0.00769291741882105,-0.00125157672145537,0.103291638826265));
#4016=CARTESIAN_POINT('',(0.00777667496938698,0.000268479949813535,0.103347962126434));
#4017=CARTESIAN_POINT('',(0.00758189987982384,0.00182317640188709,0.103409690729565));
#4018=CARTESIAN_POINT('',(0.00699662977939761,0.00348297331048849,0.103484476455971));
#4019=CARTESIAN_POINT('',(0.00602194185937086,0.00495798409003298,0.103560311274673));
#4020=CARTESIAN_POINT('',(0.00495360080505643,0.0059907668960538,0.103622071253579));
#4021=CARTESIAN_POINT('',(0.00397494174667747,0.00666760612901886,0.1036679132023));
#4022=CARTESIAN_POINT('',(0.00292645827317289,0.00720074835053482,0.103712173289622));
#4023=CARTESIAN_POINT('',(0.0015152419316412,0.00765187334641354,0.103773401305468));
#4024=CARTESIAN_POINT('',(-0.000242837376577677,0.00781140788613391,0.103848907906629));
#4025=CARTESIAN_POINT('',(-0.00198399103056158,0.00754276280503434,0.103923925774192));
#4026=CARTESIAN_POINT('',(-0.00345984732875341,0.00697015838072894,0.103987545268276));
#4027=CARTESIAN_POINT('',(-0.00475022439328053,0.00617786486834918,0.10404291783677));
#4028=CARTESIAN_POINT('',(-0.00611232828107197,0.00489721667682025,0.104121115208799));
#4029=CARTESIAN_POINT('',(-0.00716510420315698,0.00316420173367902,0.104207764478765));
#4030=CARTESIAN_POINT('',(-0.00767637902125222,0.00135282524188413,0.10428746070783));
#4031=CARTESIAN_POINT('',(-0.00777932786924136,-0.000172119463300128,0.104344504359045));
#4032=CARTESIAN_POINT('',(-0.00760501293985535,-0.00172113750340116,0.104405266676813));
#4033=CARTESIAN_POINT('',(-0.00704317897231089,-0.00338834133744824,0.104479967652913));
#4034=CARTESIAN_POINT('',(-0.00608777237315149,-0.00487683403152003,0.104555899959658));
#4035=CARTESIAN_POINT('',(-0.00503231662058779,-0.00592522213795134,0.104617879679127));
#4036=CARTESIAN_POINT('',(-0.00405764252560603,-0.00661764716800043,0.104664404410146));
#4037=CARTESIAN_POINT('',(-0.00301981273318922,-0.00716177288806005,0.104708130771671));
#4038=CARTESIAN_POINT('',(-0.00161744406121231,-0.00763084830544112,0.104769011565036));
#4039=CARTESIAN_POINT('',(0.00013720906480171,-0.00781386264036734,0.10484437215797));
#4040=CARTESIAN_POINT('',(0.00188272610621478,-0.00756911309687007,0.104919501069752));
#4041=CARTESIAN_POINT('',(0.00337140807177115,-0.00701359183130775,0.104983839635233));
#4042=CARTESIAN_POINT('',(0.00467068036264939,-0.00623778357128552,0.10503909208098));
#4043=CARTESIAN_POINT('',(0.00604491465177373,-0.00497993759338401,0.105116488989375));
#4044=CARTESIAN_POINT('',(0.00719034414029962,-0.00315043449989421,0.105209006910653));
#4045=CARTESIAN_POINT('',(0.00777695167913238,-0.000974321449419049,0.105303317093781));
#4046=CARTESIAN_POINT('',(0.00775578514619233,0.00113450686481681,0.105379884829619));
#4047=CARTESIAN_POINT('',(0.00712090110107091,0.00330603064002358,0.105475299693802));
#4048=CARTESIAN_POINT('',(0.00593489503482546,0.00510922788468954,0.105567784340169));
#4049=CARTESIAN_POINT('',(0.00454310688198587,0.00633093450111604,0.105643779450919));
#4050=CARTESIAN_POINT('',(0.00322738045451166,0.0070814298195014,0.105699207196045));
#4051=CARTESIAN_POINT('',(0.00171989611226365,0.00760828944148152,0.105764561371619));
#4052=CARTESIAN_POINT('',(-3.16960818849552E-05,0.00781495603393328,0.105839851189376));
#4053=CARTESIAN_POINT('',(-0.00178109047707782,0.0075940323701981,0.105915074617527));
#4054=CARTESIAN_POINT('',(-0.00328188428388492,0.00705617971682991,0.105980062107188));
#4055=CARTESIAN_POINT('',(-0.00459112878218119,0.00629629659248944,0.106035365007936));
#4056=CARTESIAN_POINT('',(-0.00597650529309069,0.00506100715887934,0.106111937600502));
#4057=CARTESIAN_POINT('',(-0.00714735096565208,0.0032478718525551,0.106204429463608));
#4058=CARTESIAN_POINT('',(-0.00776415645241319,0.00107417710035185,0.106299441119026));
#4059=CARTESIAN_POINT('',(-0.0077693786183414,-0.00103446616743305,0.106375968443566));
#4060=CARTESIAN_POINT('',(-0.0071646859833213,-0.00320896403896944,0.106470725937877));
#4061=CARTESIAN_POINT('',(-0.00600402884012238,-0.00502871498927156,0.106563225679953));
#4062=CARTESIAN_POINT('',(-0.00462267175930518,-0.00627328340740367,0.106640120167415));
#4063=CARTESIAN_POINT('',(-0.00331753083532143,-0.00703937017755773,0.106695383343648));
#4064=CARTESIAN_POINT('',(-0.00182173092928023,-0.00758423669175338,0.106760135963115));
#4065=CARTESIAN_POINT('',(-7.37986065443124E-05,-0.00781467609348406,0.106835333921944));
#4066=CARTESIAN_POINT('',(0.00167872532168037,-0.0076175204155011,0.1069106079128));
#4067=CARTESIAN_POINT('',(0.00307554839649095,-0.00713785357908887,0.106971229294959));
#4068=CARTESIAN_POINT('',(0.00410752694037224,-0.00658683424408265,0.107014691723663));
#4069=CARTESIAN_POINT('',(0.00507929350121676,-0.00588523382719236,0.107061621016839));
#4070=CARTESIAN_POINT('',(0.00612673349859345,-0.00482763881469463,0.107123736834887));
#4071=CARTESIAN_POINT('',(0.00713892779678133,-0.00322418475141405,0.107205168132909));
#4072=CARTESIAN_POINT('',(0.00775004586820048,-0.00117435811413125,0.107295501768454));
#4073=CARTESIAN_POINT('',(0.00778164344900144,0.000934776922252004,0.107372116427909));
#4074=CARTESIAN_POINT('',(0.00720714970669877,0.00311128413984366,0.107466146653557));
#4075=CARTESIAN_POINT('',(0.00607194184097904,0.00494728013198055,0.107558678725115));
#4076=CARTESIAN_POINT('',(0.00470227336833437,0.00621416007332232,0.107636353039438));
#4077=CARTESIAN_POINT('',(0.00340659654242292,0.00699646713774532,0.107691633177378));
#4078=CARTESIAN_POINT('',(0.00192321417063975,0.00755873492430139,0.107755710535704));
#4079=CARTESIAN_POINT('',(0.000179443991929545,0.00781305328883012,0.107830798217544));
#4080=CARTESIAN_POINT('',(-0.00157666371910391,0.00763942358304974,0.107906212307716));
#4081=CARTESIAN_POINT('',(-0.00298280237412115,0.00717740730370765,0.107967232704026));
#4082=CARTESIAN_POINT('',(-0.00402494388344551,0.0066375625921454,0.108011142112275));
#4083=CARTESIAN_POINT('',(-0.00500102740280108,0.00595146952207198,0.108057417344209));
#4084=CARTESIAN_POINT('',(-0.00606160079397041,0.00490936479314067,0.108119314257356));
#4085=CARTESIAN_POINT('',(-0.00702472223098674,0.00342622474154281,0.108195214566793));
#4086=CARTESIAN_POINT('',(-0.00759598728058046,0.00176193927860474,0.108269945915305));
#4087=CARTESIAN_POINT('',(-0.0077784237633886,0.000210133708121117,0.108331077880959));
#4088=CARTESIAN_POINT('',(-0.00768310557747147,-0.00131239340407034,0.108387831230923));
#4089=CARTESIAN_POINT('',(-0.00718203211677253,-0.00312554256988838,0.108467422463603));
#4090=CARTESIAN_POINT('',(-0.00613883821266573,-0.00486412526470312,0.10855404978586));
#4091=CARTESIAN_POINT('',(-0.00478185576581454,-0.00615363235855872,0.108632487995878));
#4092=CARTESIAN_POINT('',(-0.00349457029352286,-0.00695272902221422,0.108687955338584));
#4093=CARTESIAN_POINT('',(-0.00202432952387377,-0.00753180871226243,0.108751285802417));
#4094=CARTESIAN_POINT('',(-0.000285054546339561,-0.00781005079378123,0.108826262883064));
#4095=CARTESIAN_POINT('',(0.001474380404663,-0.00765985506834647,0.108901826231226));
#4096=CARTESIAN_POINT('',(0.00288900036995179,-0.00721601779398019,0.108963162944869));
#4097=CARTESIAN_POINT('',(0.00394221755241891,-0.00668699531340437,0.109007657776387));
#4098=CARTESIAN_POINT('',(0.00492201457815148,-0.00601654646921644,0.109053232887093));
#4099=CARTESIAN_POINT('',(0.0059953919881647,-0.00499010355292347,0.109114911595267));
#4100=CARTESIAN_POINT('',(0.00697764302852516,-0.0035206491436205,0.109190700075276));
#4101=CARTESIAN_POINT('',(0.00757229503163846,-0.00186385296799289,0.109265521251561));
#4102=CARTESIAN_POINT('',(0.00777530463843154,-0.000306771246416091,0.109327591447534));
#4103=CARTESIAN_POINT('',(0.00769908900612406,0.00121145624163111,0.109383692564628));
#4104=CARTESIAN_POINT('',(0.00722347376874731,0.00302829052557725,0.109462916122911));
#4105=CARTESIAN_POINT('',(0.00620421808025992,0.00478077751979525,0.109549512697417));
#4106=CARTESIAN_POINT('',(0.00486143086246345,0.00609153363982359,0.1096285082895));
#4107=CARTESIAN_POINT('',(0.00358143182187274,0.0069082255841871,0.109684354889456));
#4108=CARTESIAN_POINT('',(0.00212505520771858,0.00750344253981082,0.109746860088298));
#4109=CARTESIAN_POINT('',(0.000390598097501946,0.00780567500086756,0.109821730306314));
#4110=CARTESIAN_POINT('',(-0.00137189647791948,0.00767881684609089,0.109897449598439));
#4111=CARTESIAN_POINT('',(-0.00279416925729103,0.00725364606531977,0.109959022479557));
#4112=CARTESIAN_POINT('',(-0.0038593395768143,0.00673516236689135,0.110004235027257));
#4113=CARTESIAN_POINT('',(-0.00484227676818665,0.00608044742302568,0.110049069726131));
#4114=CARTESIAN_POINT('',(-0.00592822597725136,0.00506982308279038,0.110110531701173));
#4115=CARTESIAN_POINT('',(-0.00692925310589731,0.0036145205126078,0.110186171554684));
#4116=CARTESIAN_POINT('',(-0.0075471656608229,0.00196543200580199,0.110261095763014));
#4117=CARTESIAN_POINT('',(-0.00777098715280023,0.000404007010122771,0.110324028515173));
#4118=CARTESIAN_POINT('',(-0.0077137082450004,-0.00111120716534677,0.11037966015661));
#4119=CARTESIAN_POINT('',(-0.00726358948352517,-0.00293031599083978,0.110458388892151));
#4120=CARTESIAN_POINT('',(-0.00626831623332455,-0.00469663000817124,0.110544995872157));
#4121=CARTESIAN_POINT('',(-0.00494093648138768,-0.00602791472250659,0.110624421951413));
#4122=CARTESIAN_POINT('',(-0.00366717951653941,-0.00686297013451794,0.110680830636074));
#4123=CARTESIAN_POINT('',(-0.00222536356036069,-0.00747365918076715,0.110742434920988));
#4124=CARTESIAN_POINT('',(-0.0004959939768323,-0.00779989463484584,0.110817208574439));
#4125=CARTESIAN_POINT('',(0.00126905218011451,-0.00769641247004183,0.110893058587577));
#4126=CARTESIAN_POINT('',(0.00269859360648066,-0.00729011205250847,0.110954847586876));
#4127=CARTESIAN_POINT('',(0.00377563996470346,-0.00678245778552351,0.111000783132138));
#4128=CARTESIAN_POINT('',(0.00476210973021643,-0.00614301129929077,0.111044964163501));
#4129=CARTESIAN_POINT('',(0.00585993491188074,-0.005148612978017,0.111106150720644));
#4130=CARTESIAN_POINT('',(0.00687961711282621,-0.00370778117776298,0.111181637425072));
#4131=CARTESIAN_POINT('',(0.00752059979962111,-0.00206664968902675,0.11125666980111));
#4132=CARTESIAN_POINT('',(0.00776544932050108,-0.00050181938482282,0.1113203897617));
#4133=CARTESIAN_POINT('',(0.0077269930241937,0.00101167187448085,0.111375734707125));
#4134=CARTESIAN_POINT('',(0.00730236264270434,0.00283164665117347,0.111453842062551));
#4135=CARTESIAN_POINT('',(0.0063311176274151,0.00461171129082642,0.111540500562923));
#4136=CARTESIAN_POINT('',(0.00502033450381443,0.00596276300761814,0.11162022979658));
#4137=CARTESIAN_POINT('',(0.00375180717456192,0.00681699305512796,0.111677383108369));
#4138=CARTESIAN_POINT('',(0.00232522753124345,0.00744246958130372,0.111738011114423));
#4139=CARTESIAN_POINT('',(0.000601194630458236,0.00779270400963855,0.111812701840451));
#4140=CARTESIAN_POINT('',(-0.00116580704273663,0.00771266944664464,0.111888644230603));
#4141=CARTESIAN_POINT('',(-0.00260238999325586,0.0073253444314392,0.111950653512972));
#4142=CARTESIAN_POINT('',(-0.00369088353466083,0.00682899698650569,0.111997265629145));
#4143=CARTESIAN_POINT('',(-0.00468164040265651,0.00620418620703435,0.112040931386399));
#4144=CARTESIAN_POINT('',(-0.00579047050688717,0.0052264866924593,0.11210175970321));
#4145=CARTESIAN_POINT('',(-0.00682876768413559,0.0038003978707453,0.112177101573473));
#4146=CARTESIAN_POINT('',(-0.0074925976827639,0.00216746934318116,0.112252245151901));
#4147=CARTESIAN_POINT('',(-0.0077586766451974,0.000600198992809091,0.112316674239575));
#4148=CARTESIAN_POINT('',(-0.00773894320738225,-0.000912923787708977,0.11237192296803));
#4149=CARTESIAN_POINT('',(-0.00734008464143902,-0.00273183033262184,0.11244921700958));
#4150=CARTESIAN_POINT('',(-0.00633197021032103,-0.00464040789760645,0.112541730469512));
#4151=CARTESIAN_POINT('',(-0.00474294533319082,-0.00623983035165435,0.11263613809479));
#4152=CARTESIAN_POINT('',(-0.00290787688595774,-0.00727892467503771,0.112712693004024));
#4153=CARTESIAN_POINT('',(-0.000711457849576832,-0.00781856716157575,0.112808024421911));
#4154=CARTESIAN_POINT('',(0.00144339930461077,-0.00769708312613044,0.11290051005506));
#4155=CARTESIAN_POINT('',(0.00319932705369848,-0.00710528852000807,0.112976631855737));
#4156=CARTESIAN_POINT('',(0.00450816814185803,-0.00634338288479394,0.113032027089345));
#4157=CARTESIAN_POINT('',(0.0057195350932921,-0.00530381554964456,0.113097305822801));
#4158=CARTESIAN_POINT('',(0.00677680461130314,-0.00389222832828859,0.113172581391502));
#4159=CARTESIAN_POINT('',(0.00746317102028245,-0.00226789067348798,0.113247818874074));
#4160=CARTESIAN_POINT('',(0.00775062723657184,-0.000699092184138788,0.113312886848157));
#4161=CARTESIAN_POINT('',(0.00774967400479005,0.000814876012002407,0.113368210278475));
#4162=CARTESIAN_POINT('',(0.00737590070352291,0.00263197177511888,0.113444664039919));
#4163=CARTESIAN_POINT('',(0.00639469796665261,0.004554344461708,0.113537153760979));
#4164=CARTESIAN_POINT('',(0.00482297832921877,0.00617864501334757,0.113632253506664));
#4165=CARTESIAN_POINT('',(0.00300118281795517,0.00724054610580796,0.113708785183993));
#4166=CARTESIAN_POINT('',(0.000817397043693784,0.00780775915577537,0.113803449842318));
#4167=CARTESIAN_POINT('',(-0.00133907933429106,0.00771649631140451,0.113895952893634));
#4168=CARTESIAN_POINT('',(-0.00310944477607246,0.00714527691636809,0.113972958149191));
#4169=CARTESIAN_POINT('',(-0.00442664160196513,0.00640024352290451,0.114028213059736));
#4170=CARTESIAN_POINT('',(-0.00564764166118176,0.00537984663747924,0.114092880155512));
#4171=CARTESIAN_POINT('',(-0.0067236567224476,0.00398336388486357,0.114168063338403));
#4172=CARTESIAN_POINT('',(-0.0074321401230113,0.00236819866610279,0.114243355488));
#4173=CARTESIAN_POINT('',(-0.00771780032094943,0.000918724636381528,0.114304034735646));
#4174=CARTESIAN_POINT('',(-0.00775854978476875,-0.000250875802181347,0.114347548717344));
#4175=CARTESIAN_POINT('',(-0.00763891821295945,-0.00144275344660189,0.114394393445083));
#4176=CARTESIAN_POINT('',(-0.00724937615251754,-0.00287914819619925,0.114456480926489));
#4177=CARTESIAN_POINT('',(-0.00636995022760521,-0.00455890331621036,0.114537890509273));
#4178=CARTESIAN_POINT('',(-0.00490263083489254,-0.00611617499723658,0.114628307716051));
#4179=CARTESIAN_POINT('',(-0.00309351847451227,-0.00720119162700839,0.114704941272057));
#4180=CARTESIAN_POINT('',(-0.000923202753130042,-0.00779550196060699,0.114798870055671));
#4181=CARTESIAN_POINT('',(0.00123457566416628,-0.00773439055039201,0.114891407577076));
#4182=CARTESIAN_POINT('',(0.00301826961604028,-0.00718455590640922,0.114969176669324));
#4183=CARTESIAN_POINT('',(0.00434493111954308,-0.00645574394089795,0.115024472818452));
#4184=CARTESIAN_POINT('',(0.00557467207334411,-0.00545484637084991,0.115088454550941));
#4185=CARTESIAN_POINT('',(0.00666927150989759,-0.00407394969943473,0.115163527671115));
#4186=CARTESIAN_POINT('',(0.0073998929608323,-0.00246746733606795,0.115238961069952));
#4187=CARTESIAN_POINT('',(0.00770550374033141,-0.00101888251621984,0.115300028370638));
#4188=CARTESIAN_POINT('',(0.0077610307605255,0.000154061515704786,0.115344007734577));
#4189=CARTESIAN_POINT('',(0.00765696104456065,0.00134184312039431,0.115390192430874));
#4190=CARTESIAN_POINT('',(0.00728741558759255,0.00278182711896854,0.115452060051527));
#4191=CARTESIAN_POINT('',(0.00648737725418609,0.00435881131412327,0.115527947684917));
#4192=CARTESIAN_POINT('',(0.00533410940469694,0.00568789454240023,0.115602690205874));
#4193=CARTESIAN_POINT('',(0.00408213209920838,0.0066245293662289,0.115663951438568));
#4194=CARTESIAN_POINT('',(0.00271776317657705,0.0073051343618955,0.11572060741427));
#4195=CARTESIAN_POINT('',(0.000898190661406696,0.00778098479002315,0.11580015704286));
#4196=CARTESIAN_POINT('',(-0.00112907784624654,0.00775052972601309,0.115886777899434));
#4197=CARTESIAN_POINT('',(-0.00292589022022381,0.00722311227396436,0.11596529762087));
#4198=CARTESIAN_POINT('',(-0.00426304705247414,0.00650988190325392,0.116020804915683));
#4199=CARTESIAN_POINT('',(-0.00550065602724538,0.00552881259468257,0.116084029833891));
#4200=CARTESIAN_POINT('',(-0.00661371072607629,0.00416381238340416,0.116158992526924));
#4201=CARTESIAN_POINT('',(-0.00736626198156609,0.0025661882876571,0.116234576346625));
#4202=CARTESIAN_POINT('',(-0.007691859747948,0.00111947988949889,0.116295948927212));
#4203=CARTESIAN_POINT('',(-0.00776232039681157,-5.77738577805613E-05,0.116340532138356));
#4204=CARTESIAN_POINT('',(-0.00767362891013476,-0.00124086824356385,0.11638601053675));
#4205=CARTESIAN_POINT('',(-0.00732405192410985,-0.00268407677174816,0.116447660509359));
#4206=CARTESIAN_POINT('',(-0.00654546165658503,-0.00427071125865455,0.116523431208761));
#4207=CARTESIAN_POINT('',(-0.00541039019068468,-0.00561627505515901,0.116598265371957));
#4208=CARTESIAN_POINT('',(-0.00416425399746295,-0.00657333194070855,0.1166604547928));
#4209=CARTESIAN_POINT('',(-0.00281299935183899,-0.0072683940596022,0.116716482846214));
#4210=CARTESIAN_POINT('',(-0.0010031311269612,-0.00776804738017216,0.116795647849468));
#4211=CARTESIAN_POINT('',(0.0010241978927938,-0.00776527542109114,0.116882243433313));
#4212=CARTESIAN_POINT('',(0.00283215251590547,-0.00726086996436506,0.116961303679419));
#4213=CARTESIAN_POINT('',(0.00418106090243316,-0.00656267553208111,0.117017214568293));
#4214=CARTESIAN_POINT('',(0.00542559041450773,-0.00560171873641696,0.11707960418777));
#4215=CARTESIAN_POINT('',(0.00655699626188329,-0.0042529232450179,0.117154460766055));
#4216=CARTESIAN_POINT('',(0.00733125951045397,-0.00266435900290291,0.117230199672213));
#4217=CARTESIAN_POINT('',(0.00767684813826325,-0.00122045302056006,0.117291801080768));
#4218=CARTESIAN_POINT('',(0.00776244043393478,-3.806323789317E-05,0.117337112553753));
#4219=CARTESIAN_POINT('',(0.0076889163299161,0.00113987795811878,0.117381852248114));
#4220=CARTESIAN_POINT('',(0.00735932650600216,0.00258599615480232,0.117443282343506));
#4221=CARTESIAN_POINT('',(0.00660240925976602,0.0041817597410328,0.117518901313165));
#4222=CARTESIAN_POINT('',(0.00548565954413707,0.00554358057282469,0.1175938398155));
#4223=CARTESIAN_POINT('',(0.0042462908670198,0.00652079633299185,0.117656881720809));
#4224=CARTESIAN_POINT('',(0.00290695647092163,0.00723082158905262,0.117712464643152));
#4225=CARTESIAN_POINT('',(0.00110803002268122,0.00775360028514665,0.117791117933299));
#4226=CARTESIAN_POINT('',(-0.00091927047614856,0.00777851132654936,0.117877729402087));
#4227=CARTESIAN_POINT('',(-0.00273713402766387,0.00729780223277026,0.11795720320039));
#4228=CARTESIAN_POINT('',(-0.00409898435378908,0.00661412967730631,0.118013700506218));
#4229=CARTESIAN_POINT('',(-0.00534950919423397,0.0056735529452251,0.118075179135636));
#4230=CARTESIAN_POINT('',(-0.00649914158841393,0.00434119338429272,0.118149940967124));
#4231=CARTESIAN_POINT('',(-0.00729489460297321,0.00276218147820218,0.118225805457539));
#4232=CARTESIAN_POINT('',(-0.0076604565641237,0.00132144860970381,0.118287623621218));
#4233=CARTESIAN_POINT('',(-0.00776139403053986,0.000134270170486828,0.118333651792937));
#4234=CARTESIAN_POINT('',(-0.00770283017941835,-0.00103922788348787,0.118377756780776));
#4235=CARTESIAN_POINT('',(-0.00739324967500778,-0.0024873693495259,0.118438897375315));
#4236=CARTESIAN_POINT('',(-0.0066580430746911,-0.00409217283309896,0.11851439031496));
#4237=CARTESIAN_POINT('',(-0.00556045216677735,-0.00546937860187522,0.118589332186747));
#4238=CARTESIAN_POINT('',(-0.00442216827816956,-0.00639084701068158,0.118648439377078));
#4239=CARTESIAN_POINT('',(-0.00310936462623107,-0.00714739551468746,0.118704284898682));
#4240=CARTESIAN_POINT('',(-0.00204913128692982,-0.00750153862312083,0.118750354709081));
#4241=CARTESIAN_POINT('',(-0.00131474416206166,-0.00762616405468932,0.118781857974592));
#4242=CARTESIAN_POINT('',(0.00528231082606357,0.00610892892256617,0.0954120941430659));
#4243=CARTESIAN_POINT('',(0.00460004662080767,0.00669217474119197,0.0954477906435902));
#4244=CARTESIAN_POINT('',(0.00336826048584198,0.00745534494545433,0.0954961722616823));
#4245=CARTESIAN_POINT('',(0.00111313644357203,0.00809763825908492,0.0955904508728175));
#4246=CARTESIAN_POINT('',(-0.0010034757739,0.0081122727680133,0.09567715115378));
#4247=CARTESIAN_POINT('',(-0.00289639137347545,0.00760055132361111,0.0957564540351617));
#4248=CARTESIAN_POINT('',(-0.00431204749927603,0.00688106725737828,0.095812697021141));
#4249=CARTESIAN_POINT('',(-0.00561469609601707,0.00589091159377994,0.0958745486520935));
#4250=CARTESIAN_POINT('',(-0.00680682570091612,0.00449355938668037,0.0959493471775527));
#4251=CARTESIAN_POINT('',(-0.00762829106129417,0.00284164717325234,0.0960251659115885));
#4252=CARTESIAN_POINT('',(-0.0080014224424755,0.00133675427448615,0.0960868967477777));
#4253=CARTESIAN_POINT('',(-0.00810030553529391,9.97675750512895E-05,0.0961326436297395));
#4254=CARTESIAN_POINT('',(-0.00803294932917841,-0.00112663361111106,0.0961769857902308));
#4255=CARTESIAN_POINT('',(-0.00770147944706781,-0.00263719286948227,0.0962382540718782));
#4256=CARTESIAN_POINT('',(-0.00692521259132175,-0.00430809923627795,0.0963137808651595));
#4257=CARTESIAN_POINT('',(-0.00577128761651703,-0.00573928940384312,0.0963887841475262));
#4258=CARTESIAN_POINT('',(-0.00448259179483317,-0.00677154767970922,0.0964523011316682));
#4259=CARTESIAN_POINT('',(-0.00309173204165224,-0.00752214839698442,0.0965077047889357));
#4260=CARTESIAN_POINT('',(-0.00122182034225682,-0.00808181004775739,0.0965859905443978));
#4261=CARTESIAN_POINT('',(0.000893789208233831,-0.00812509926722756,0.0966726312594466));
#4262=CARTESIAN_POINT('',(0.00279645393924048,-0.0076385618976659,0.0967522919579901));
#4263=CARTESIAN_POINT('',(0.00422634559005105,-0.00693393183610872,0.0968092284644091));
#4264=CARTESIAN_POINT('',(0.00553467830232681,-0.0059651991880934,0.0968701246720256));
#4265=CARTESIAN_POINT('',(0.00674574545329887,-0.00458513216896474,0.0969448362271244));
#4266=CARTESIAN_POINT('',(0.00758949145622954,-0.00294353326995554,0.0970207576900341));
#4267=CARTESIAN_POINT('',(0.00798345328028821,-0.00144210786639893,0.0970827077058183));
#4268=CARTESIAN_POINT('',(0.00809847428534544,-0.000200502863690086,0.0971291436156091));
#4269=CARTESIAN_POINT('',(0.00804662622253081,0.00102186142412342,0.0971729334796544));
#4270=CARTESIAN_POINT('',(0.00773600135926137,0.0025339319286226,0.097233865636585));
#4271=CARTESIAN_POINT('',(0.00698271275332323,0.00421401764542909,0.0973092452431697));
#4272=CARTESIAN_POINT('',(0.00584809120771188,0.00566166419798448,0.0973843594082184));
#4273=CARTESIAN_POINT('',(0.00456801378946718,0.00671447410902771,0.0974486054664309));
#4274=CARTESIAN_POINT('',(0.00318757211467647,0.00748162616231768,0.0975038649288222));
#4275=CARTESIAN_POINT('',(0.00133179952275136,0.00806427851591362,0.0975813632149372));
#4276=CARTESIAN_POINT('',(-0.000919523561715205,0.00814060740665936,0.0976738861716051));
#4277=CARTESIAN_POINT('',(-0.00319042206344327,0.00753147307138027,0.0977680960941609));
#4278=CARTESIAN_POINT('',(-0.00508348888548884,0.00640868454644964,0.0978446823555942));
#4279=CARTESIAN_POINT('',(-0.006621785353697,0.00479344081881705,0.0979348629319774));
#4280=CARTESIAN_POINT('',(-0.00754926332196245,0.0030449404528343,0.0980163321541356));
#4281=CARTESIAN_POINT('',(-0.00796404244612884,0.00154738542474001,0.0980784992680665));
#4282=CARTESIAN_POINT('',(-0.00809539199294439,0.000301778373642604,0.0981255785270154));
#4283=CARTESIAN_POINT('',(-0.00805890562175924,-0.000917558784079901,0.0981689544943413));
#4284=CARTESIAN_POINT('',(-0.00776907413408075,-0.00243011204992304,0.0982294679726892));
#4285=CARTESIAN_POINT('',(-0.00703898013947572,-0.00411919153337954,0.0983047095268909));
#4286=CARTESIAN_POINT('',(-0.00592379223064504,-0.00558296912773978,0.0983799343265066));
#4287=CARTESIAN_POINT('',(-0.00465324289887912,-0.00665597606052507,0.0984448374884724));
#4288=CARTESIAN_POINT('',(-0.00328214741844453,-0.00744036212257276,0.0985001236235365));
#4289=CARTESIAN_POINT('',(-0.00144079009129516,-0.0080449669399646,0.0985768133925328));
#4290=CARTESIAN_POINT('',(0.000809047822972622,-0.00815279970301045,0.0986693078421908));
#4291=CARTESIAN_POINT('',(0.00309363423323775,-0.00757214470720123,0.0987642294951484));
#4292=CARTESIAN_POINT('',(0.00500022773544779,-0.00647337320563186,0.098840754758041));
#4293=CARTESIAN_POINT('',(0.00664752970037753,-0.00478870800504404,0.0989356044759461));
#4294=CARTESIAN_POINT('',(0.0076827531919331,-0.00278825096913419,0.0990281011950129));
#4295=CARTESIAN_POINT('',(0.00808323885172134,-0.000890673016401568,0.0991048819986113));
#4296=CARTESIAN_POINT('',(0.00809194776118438,0.000688740403714935,0.099160156763587));
#4297=CARTESIAN_POINT('',(0.0078008703838436,0.00232514192663653,0.0992249941327191));
#4298=CARTESIAN_POINT('',(0.00709387918040179,0.00402392993111038,0.0993002070038917));
#4299=CARTESIAN_POINT('',(0.00599861958193855,0.00550282461698713,0.0993754628630124));
#4300=CARTESIAN_POINT('',(0.00483483016550354,0.00651252936038095,0.0994360245009167));
#4301=CARTESIAN_POINT('',(0.00379764563266728,0.00715570566933348,0.0994794375141318));
#4302=CARTESIAN_POINT('',(0.00265492975524958,0.00766621816388073,0.0995264511110791));
#4303=CARTESIAN_POINT('',(0.00115160010722467,0.00805833872114622,0.099588595508683));
#4304=CARTESIAN_POINT('',(-0.000826037961091287,0.00813284236485562,0.0996700482056418));
#4305=CARTESIAN_POINT('',(-0.00299585045186874,0.00761179676862238,0.0997602966973951));
#4306=CARTESIAN_POINT('',(-0.00491658190723996,0.00653666478402708,0.0998368945804897));
#4307=CARTESIAN_POINT('',(-0.0065815724615971,0.0048781736510238,0.0999310257239742));
#4308=CARTESIAN_POINT('',(-0.00764478925706585,0.00289220786970244,0.100023552613308));
#4309=CARTESIAN_POINT('',(-0.00807151921475135,0.000993356228247776,0.100101129331562));
#4310=CARTESIAN_POINT('',(-0.00809982549211073,-0.000585782104945929,0.100156396615707));
#4311=CARTESIAN_POINT('',(-0.00783097675967757,-0.00222017641438924,0.10022056890324));
#4312=CARTESIAN_POINT('',(-0.00714770726611193,-0.0039276979251485,0.100295671284729));
#4313=CARTESIAN_POINT('',(-0.00607183330716976,-0.00542214541855585,0.100371066084329));
#4314=CARTESIAN_POINT('',(-0.00491900935645653,-0.00644954270796834,0.100432037764619));
#4315=CARTESIAN_POINT('',(-0.00388673258549674,-0.00710764844894184,0.100475879225177));
#4316=CARTESIAN_POINT('',(-0.00275571820941494,-0.0076302217335553,0.100522244773906));
#4317=CARTESIAN_POINT('',(-0.00125949089054167,-0.00804230155280678,0.100584171262669));
#4318=CARTESIAN_POINT('',(0.000583764677181678,-0.00813554583843897,0.100660083649783));
#4319=CARTESIAN_POINT('',(0.00238523414886543,-0.00778003913914858,0.100734803982421));
#4320=CARTESIAN_POINT('',(0.0038807499316097,-0.00713311892718851,0.100795804453559));
#4321=CARTESIAN_POINT('',(0.00520630944990476,-0.00624981910509304,0.100852659108064));
#4322=CARTESIAN_POINT('',(0.00658119566018521,-0.00484807574819635,0.100932289958303));
#4323=CARTESIAN_POINT('',(0.00760476152167869,-0.0029961387895448,0.101018924524215));
#4324=CARTESIAN_POINT('',(0.00805852248489458,-0.001096759131641,0.101097278392534));
#4325=CARTESIAN_POINT('',(0.00810637611805671,0.00048337200120441,0.101152708785496));
#4326=CARTESIAN_POINT('',(0.00785960456748138,0.00211479573206133,0.101216144171712));
#4327=CARTESIAN_POINT('',(0.00720027214621119,0.00383077411534505,0.101291135781659));
#4328=CARTESIAN_POINT('',(0.00614383541907615,0.00534049443461874,0.101366678666584));
#4329=CARTESIAN_POINT('',(0.00500289156830188,0.00638511008546114,0.101427977771105));
#4330=CARTESIAN_POINT('',(0.00397472477695426,0.00705878198769991,0.10147238609817));
#4331=CARTESIAN_POINT('',(0.0028558505433125,0.00759294254648929,0.101518057752455));
#4332=CARTESIAN_POINT('',(0.00136706494274347,0.0080247814141106,0.101579765479532));
#4333=CARTESIAN_POINT('',(-0.00047388825408388,0.00814246588345992,0.101655571179022));
#4334=CARTESIAN_POINT('',(-0.00228082727176061,0.00781200318651324,0.101730379511253));
#4335=CARTESIAN_POINT('',(-0.00379194278104987,0.00718082586194503,0.10179232830918));
#4336=CARTESIAN_POINT('',(-0.00512343852677811,0.00631715014292008,0.101848506263587));
#4337=CARTESIAN_POINT('',(-0.00651510890089403,0.00493638395731915,0.101927786510919));
#4338=CARTESIAN_POINT('',(-0.00756373812607659,0.00309881631035856,0.102014384820112));
#4339=CARTESIAN_POINT('',(-0.00804410933084324,0.00120097743557081,0.102093313029084));
#4340=CARTESIAN_POINT('',(-0.00811165077503549,-0.000381564337643354,0.102149098180292));
#4341=CARTESIAN_POINT('',(-0.00788672885764063,-0.00200901193849565,0.102211718388162));
#4342=CARTESIAN_POINT('',(-0.00725156492543227,-0.00373318937314302,0.102286602592109));
#4343=CARTESIAN_POINT('',(-0.00621460809347951,-0.00525789657659954,0.102362301447054));
#4344=CARTESIAN_POINT('',(-0.00508643966585902,-0.00631922839773706,0.102423845673662));
#4345=CARTESIAN_POINT('',(-0.0040616224390573,-0.0070091321297981,0.102468957800981));
#4346=CARTESIAN_POINT('',(-0.00295531347006285,-0.00755438527792935,0.102513890621853));
#4347=CARTESIAN_POINT('',(-0.0014742125453175,-0.00800586761676657,0.102575383215427));
#4348=CARTESIAN_POINT('',(0.000363821261598781,-0.00814791213593682,0.102651044251675));
#4349=CARTESIAN_POINT('',(0.00217596909563056,-0.00784249531098134,0.102725954092084));
#4350=CARTESIAN_POINT('',(0.0037019688104044,-0.00722776622175744,0.102788775598985));
#4351=CARTESIAN_POINT('',(0.00504047223515351,-0.00638288740864304,0.102844459565318));
#4352=CARTESIAN_POINT('',(0.00644767517342634,-0.00502387486009822,0.102923262006606));
#4353=CARTESIAN_POINT('',(0.00752132077309022,-0.00320075668990699,0.103009865204692));
#4354=CARTESIAN_POINT('',(0.00802829022687614,-0.00130592981384851,0.103089240943713));
#4355=CARTESIAN_POINT('',(0.00811566148025886,0.000280367863007502,0.10314556367478));
#4356=CARTESIAN_POINT('',(0.00791235456477554,0.00190286210600738,0.103207293123203));
#4357=CARTESIAN_POINT('',(0.00730152122225792,0.00363499651945879,0.103282078944897));
#4358=CARTESIAN_POINT('',(0.00628430742257194,0.00517427461501989,0.10335791365357));
#4359=CARTESIAN_POINT('',(0.00516937184521661,0.00625204204665744,0.103419673424117));
#4360=CARTESIAN_POINT('',(0.0041480555255288,0.00695834709555194,0.103465514732017));
#4361=CARTESIAN_POINT('',(0.00305383638273551,0.00751471440972361,0.103509775366666));
#4362=CARTESIAN_POINT('',(0.0015810814536367,0.00798546831767242,0.103571003669432));
#4363=CARTESIAN_POINT('',(-0.000253643587213961,0.00815190904105595,0.103646510412421));
#4364=CARTESIAN_POINT('',(-0.00207068469034087,0.00787150245064911,0.103721528171092));
#4365=CARTESIAN_POINT('',(-0.00361083577534679,0.00727390876364823,0.10378514696885));
#4366=CARTESIAN_POINT('',(-0.00495744951831065,0.00644704426036276,0.103840519739388));
#4367=CARTESIAN_POINT('',(-0.00637891068719334,0.00511051891656482,0.103918717728048));
#4368=CARTESIAN_POINT('',(-0.00747752727341872,0.00330193133072924,0.104005366940645));
#4369=CARTESIAN_POINT('',(-0.00801103394790179,0.00141158864253455,0.10408506292107));
#4370=CARTESIAN_POINT('',(-0.00811843215688769,-0.000179804298666089,0.104142105838111));
#4371=CARTESIAN_POINT('',(-0.00793647828684135,-0.00179637585334285,0.10420286906781));
#4372=CARTESIAN_POINT('',(-0.00735010238356916,-0.00353624032250265,0.104277570127653));
#4373=CARTESIAN_POINT('',(-0.00635300932155678,-0.00508958951574358,0.104353502359849));
#4374=CARTESIAN_POINT('',(-0.00525152031561949,-0.00618364274531425,0.104415481867489));
#4375=CARTESIAN_POINT('',(-0.00423436050297671,-0.00690621350150614,0.104462005998782));
#4376=CARTESIAN_POINT('',(-0.00315126353139937,-0.00747404123478236,0.104505732782274));
#4377=CARTESIAN_POINT('',(-0.00168773900484676,-0.00796353004362784,0.104566613936857));
#4378=CARTESIAN_POINT('',(0.000143410922937245,-0.00815447357179048,0.104641974664667));
#4379=CARTESIAN_POINT('',(0.00196500630507322,-0.00789900451392047,0.104717103467319));
#4380=CARTESIAN_POINT('',(0.0035185447555244,-0.00731923649252266,0.104781441403118));
#4381=CARTESIAN_POINT('',(0.00487443635365698,-0.00650957868965016,0.104836693888149));
#4382=CARTESIAN_POINT('',(0.00630856137915342,-0.00519684833825212,0.104914091500342));
#4383=CARTESIAN_POINT('',(0.00750386670604363,-0.00328755982951824,0.105006609456809));
#4384=CARTESIAN_POINT('',(0.00811597972117663,-0.00101659613438085,0.105100918954276));
#4385=CARTESIAN_POINT('',(0.00809383981382132,0.00118416101217505,0.105177486787572));
#4386=CARTESIAN_POINT('',(0.00743121630398636,0.00345034710226959,0.105272902232128));
#4387=CARTESIAN_POINT('',(0.00619345611923167,0.00533211138724237,0.105365386866903));
#4388=CARTESIAN_POINT('',(0.00474099165861569,0.00660701544576613,0.105441381096363));
#4389=CARTESIAN_POINT('',(0.00336788589319262,0.00739019909235764,0.105496809074666));
#4390=CARTESIAN_POINT('',(0.00179465689145484,0.00793999149098968,0.105562163767918));
#4391=CARTESIAN_POINT('',(-3.32983772135045E-05,0.00815561727643154,0.105637453690796));
#4392=CARTESIAN_POINT('',(-0.00185894098946336,0.00792501322565755,0.10571267701494));
#4393=CARTESIAN_POINT('',(-0.00342512190839829,0.00736368187160599,0.105777663942283));
#4394=CARTESIAN_POINT('',(-0.00479141521358318,0.00657064617461983,0.105832966717275));
#4395=CARTESIAN_POINT('',(-0.00623717280404181,0.00528145372975683,0.105909540121396));
#4396=CARTESIAN_POINT('',(-0.00745900219047885,0.00338924592289246,0.106002032005424));
#4397=CARTESIAN_POINT('',(-0.00810262950046508,0.00112080274023011,0.106097043038775));
#4398=CARTESIAN_POINT('',(-0.00810802853171871,-0.00107975762770739,0.106173570342646));
#4399=CARTESIAN_POINT('',(-0.00747691257268839,-0.00334905065674555,0.106268328481348));
#4400=CARTESIAN_POINT('',(-0.00626560632735778,-0.0052480907964144,0.106360828197528));
#4401=CARTESIAN_POINT('',(-0.00482402303919755,-0.00654685522475916,0.106437721910984));
#4402=CARTESIAN_POINT('',(-0.0034619693161384,-0.00734630702845978,0.106492985155372));
#4403=CARTESIAN_POINT('',(-0.00190093146717595,-0.00791489344471517,0.106557738360341));
#4404=CARTESIAN_POINT('',(-7.67947603173455E-05,-0.00815532780133351,0.106632936428667));
#4405=CARTESIAN_POINT('',(0.00175211359610368,-0.00794952873712313,0.106708210289062));
#4406=CARTESIAN_POINT('',(0.00320979830611523,-0.00744891924895002,0.10676883126214));
#4407=CARTESIAN_POINT('',(0.0042867368836638,-0.00687386170082561,0.106812293350081));
#4408=CARTESIAN_POINT('',(0.00530086418079819,-0.00614164126466211,0.106859223217849));
#4409=CARTESIAN_POINT('',(0.00639393838826775,-0.00503791022154861,0.106921339239687));
#4410=CARTESIAN_POINT('',(0.00745021254708645,-0.00336452686257568,0.107002770686064));
#4411=CARTESIAN_POINT('',(0.00808790618730102,-0.00122534923364258,0.107093103733051));
#4412=CARTESIAN_POINT('',(0.00812083075143592,0.000975721022634348,0.107169718271238));
#4413=CARTESIAN_POINT('',(0.00752123009344215,0.00324711408209184,0.107263749199946));
#4414=CARTESIAN_POINT('',(0.00633648257541044,0.00516310798151324,0.107356281232529));
#4415=CARTESIAN_POINT('',(0.00490709285839474,0.00648515865153286,0.107433954880736));
#4416=CARTESIAN_POINT('',(0.00355492080040845,0.00730153470808026,0.107489234921585));
#4417=CARTESIAN_POINT('',(0.00200683921129327,0.00788828318362181,0.107553312933264));
#4418=CARTESIAN_POINT('',(0.000187045377299553,0.00815363702595859,0.107628400724031));
#4419=CARTESIAN_POINT('',(-0.00164560338485444,0.00797238993935238,0.107703814676911));
#4420=CARTESIAN_POINT('',(-0.00311301273952572,0.00749019848086588,0.107764834737961));
#4421=CARTESIAN_POINT('',(-0.00420055314587626,0.00692680438229124,0.107808743680326));
#4422=CARTESIAN_POINT('',(-0.00521918775617807,0.00621076687701417,0.107855019526429));
#4423=CARTESIAN_POINT('',(-0.0063259682611472,0.00512320069403189,0.107916916650219));
#4424=CARTESIAN_POINT('',(-0.00733103436459521,0.00357538017335474,0.107992817046632));
#4425=CARTESIAN_POINT('',(-0.00792715042391173,0.00183853192663441,0.108067548307344));
#4426=CARTESIAN_POINT('',(-0.00811749707388726,0.000219110701238265,0.108128679384297));
#4427=CARTESIAN_POINT('',(-0.00801798720987612,-0.00136980833517084,0.108185433410735));
#4428=CARTESIAN_POINT('',(-0.00749501670245437,-0.00326199018587303,0.108265024932318));
#4429=CARTESIAN_POINT('',(-0.00640629803802242,-0.0050763308020843,0.108351652299474));
#4430=CARTESIAN_POINT('',(-0.00499014272922387,-0.006421996471536,0.108430089932598));
#4431=CARTESIAN_POINT('',(-0.00364673274175179,-0.00725589083168846,0.108485557015288));
#4432=CARTESIAN_POINT('',(-0.00211236311296631,-0.00786018634948369,0.108548888198967));
#4433=CARTESIAN_POINT('',(-0.000297259719836571,-0.00815050641675067,0.108623865388216));
#4434=CARTESIAN_POINT('',(0.00153886170871439,-0.00799371531881315,0.108699428592198));
#4435=CARTESIAN_POINT('',(0.00301512513306315,-0.00753049345462686,0.108760765044991));
#4436=CARTESIAN_POINT('',(0.00411421981042853,-0.00697839493681711,0.108805259285422));
#4437=CARTESIAN_POINT('',(0.00513673198399167,-0.00627868319968097,0.108850835051198));
#4438=CARTESIAN_POINT('',(0.00625687505751235,-0.00520746130338423,0.108912513966458));
#4439=CARTESIAN_POINT('',(0.00728190578386036,-0.0036739215546593,0.108988302568886));
#4440=CARTESIAN_POINT('',(0.00790242854555763,-0.00194488881202164,0.109063123645878));
#4441=CARTESIAN_POINT('',(0.00811424427678099,-0.00031995813917331,0.109125193020063));
#4442=CARTESIAN_POINT('',(0.00803467019866421,0.00126446796469269,0.109181294648365));
#4443=CARTESIAN_POINT('',(0.00753826761143659,0.00316050072706713,0.109260518610371));
#4444=CARTESIAN_POINT('',(0.00647453084223971,0.00498935138613277,0.109347115194111));
#4445=CARTESIAN_POINT('',(0.00507318510378868,0.00635719495274094,0.109426110323277));
#4446=CARTESIAN_POINT('',(0.00373738398355589,0.00720944815377956,0.109481956497639));
#4447=CARTESIAN_POINT('',(0.00221748043536973,0.00783058676821702,0.109544462483383));
#4448=CARTESIAN_POINT('',(0.000407404290126333,0.00814594267872859,0.109619332806576));
#4449=CARTESIAN_POINT('',(-0.00143191085900439,0.00801350678310305,0.109695051958011));
#4450=CARTESIAN_POINT('',(-0.00291616314242909,0.00756976369989531,0.109756624633974));
#4451=CARTESIAN_POINT('',(-0.00402772913682743,0.00702866407559863,0.109801836505687));
#4452=CARTESIAN_POINT('',(-0.00505351916660434,0.00634537250258731,0.109846671860169));
#4453=CARTESIAN_POINT('',(-0.00618678312777854,0.0052906581469093,0.10990813405749));
#4454=CARTESIAN_POINT('',(-0.00723140924411035,0.00377188591522164,0.109983774058622));
#4455=CARTESIAN_POINT('',(-0.00787620689073562,0.00205089653821432,0.110058698158811));
#4456=CARTESIAN_POINT('',(-0.00810974096090284,0.000421429933491874,0.110121630156535));
#4457=CARTESIAN_POINT('',(-0.0080499294249373,-0.00115984560410196,0.110177262143562));
#4458=CARTESIAN_POINT('',(-0.00758013483440346,-0.00305825720645243,0.110255991397174));
#4459=CARTESIAN_POINT('',(-0.00654142610221949,-0.00490153725860096,0.110342598350707));
#4460=CARTESIAN_POINT('',(-0.0051561550852242,-0.00629080702197497,0.110422024081663));
#4461=CARTESIAN_POINT('',(-0.00382687284862638,-0.00716222059098167,0.11047843217521));
#4462=CARTESIAN_POINT('',(-0.00232216228985166,-0.00779950818072902,0.110540037314334));
#4463=CARTESIAN_POINT('',(-0.000517395073574299,-0.00813991325921116,0.110614811061545));
#4464=CARTESIAN_POINT('',(0.00132458470714585,-0.00803187210323994,0.110690660969372));
#4465=CARTESIAN_POINT('',(0.00281642289768223,-0.00760782171747036,0.110752449759837));
#4466=CARTESIAN_POINT('',(0.00394038409656748,-0.00707802193510532,0.110798384669716));
#4467=CARTESIAN_POINT('',(0.00496985711161917,-0.00641066709326754,0.110842566231741));
#4468=CARTESIAN_POINT('',(0.00611551789918076,-0.00537288442962179,0.110903753085714));
#4469=CARTESIAN_POINT('',(0.00717961204056282,-0.00386921315373805,0.110979239931068));
#4470=CARTESIAN_POINT('',(0.00784848613443913,-0.00215652722856704,0.111054272198109));
#4471=CARTESIAN_POINT('',(0.0081039641758266,-0.000523503532986519,0.111117991471342));
#4472=CARTESIAN_POINT('',(0.00806379591580409,0.00105596807853317,0.111173336596749));
#4473=CARTESIAN_POINT('',(0.00762060102540275,0.00295528851447058,0.111251444583905));
#4474=CARTESIAN_POINT('',(0.0066069681138031,0.00481291822359207,0.111338103022166));
#4475=CARTESIAN_POINT('',(0.00523901289974719,0.00622281952945527,0.111417832022511));
#4476=CARTESIAN_POINT('',(0.00391519285362104,0.00711423984640522,0.111474984578194));
#4477=CARTESIAN_POINT('',(0.00242638047216144,0.00776696202281979,0.11153561350499));
#4478=CARTESIAN_POINT('',(0.000627182199845583,0.00813241208552256,0.111610304313214));
#4479=CARTESIAN_POINT('',(-0.00121684017151765,0.00804884045854029,0.111686246633549));
#4480=CARTESIAN_POINT('',(-0.00271602725505876,0.00764459239860568,0.111748255703643));
#4481=CARTESIAN_POINT('',(-0.00385193616223545,0.00712659069954004,0.111794867225604));
#4482=CARTESIAN_POINT('',(-0.00488587949272775,0.0064745121417786,0.111838533388104));
#4483=CARTESIAN_POINT('',(-0.00604302813139713,0.00545415466594413,0.111899362075997));
#4484=CARTESIAN_POINT('',(-0.00712654847535929,0.00396586841637149,0.111974704080211));
#4485=CARTESIAN_POINT('',(-0.00781926647888274,0.00226174261711414,0.112049847549434));
#4486=CARTESIAN_POINT('',(-0.00809689882079376,0.000626169161909003,0.112114276016456));
#4487=CARTESIAN_POINT('',(-0.00807626943751799,-0.000952912053803998,0.112169524762189));
#4488=CARTESIAN_POINT('',(-0.00765997112719024,-0.00285112232187182,0.112246819521941));
#4489=CARTESIAN_POINT('',(-0.00660785383744651,-0.00484286723053915,0.11233933301516));
#4490=CARTESIAN_POINT('',(-0.00494953592549308,-0.00651194958579692,0.112433739963207));
#4491=CARTESIAN_POINT('',(-0.0030344475700381,-0.00759629636150081,0.112510294954172));
#4492=CARTESIAN_POINT('',(-0.000742248983101452,-0.00815940870209821,0.112605626960995));
#4493=CARTESIAN_POINT('',(0.00150653678576917,-0.0080325634615991,0.112698112580639));
#4494=CARTESIAN_POINT('',(0.00333896094321262,-0.00741493659644164,0.112774233514282));
#4495=CARTESIAN_POINT('',(0.0047048448423318,-0.00661978378981445,0.11282962895907));
#4496=CARTESIAN_POINT('',(0.00596900380507462,-0.00553485609372492,0.112894908219364));
#4497=CARTESIAN_POINT('',(0.00707232250123824,-0.00406170331137114,0.112970183892963));
#4498=CARTESIAN_POINT('',(0.00778856018688036,-0.00236654239958534,0.113045421271295));
#4499=CARTESIAN_POINT('',(0.00808850113189481,-0.000729370816690595,0.113110488692185));
#4500=CARTESIAN_POINT('',(0.00808747038317588,0.000850586776632451,0.11316581197474));
#4501=CARTESIAN_POINT('',(0.00769735152538235,0.00274691229601681,0.113242266562049));
#4502=CARTESIAN_POINT('',(0.00667331852130817,0.00475305392236205,0.113334756302124));
#4503=CARTESIAN_POINT('',(0.00503305742868545,0.00644810043893448,0.113429855434259));
#4504=CARTESIAN_POINT('',(0.0031318237210179,0.00755624624587586,0.113506387075189));
#4505=CARTESIAN_POINT('',(0.000852806363585013,0.00814813264636943,0.113601052386381));
#4506=CARTESIAN_POINT('',(-0.00139766967762247,0.00805282627633104,0.113693555409897));
#4507=CARTESIAN_POINT('',(-0.00324516492603602,0.00745666854791099,0.113770559905803));
#4508=CARTESIAN_POINT('',(-0.00461976368440217,0.00667912639015143,0.113825814862499));
#4509=CARTESIAN_POINT('',(-0.00589397887952138,0.00561420364175425,0.113890482552844));
#4510=CARTESIAN_POINT('',(-0.00701686023437242,0.00415681274721087,0.113965665845168));
#4511=CARTESIAN_POINT('',(-0.00775617971151468,0.00247122478376198,0.11404095786337));
#4512=CARTESIAN_POINT('',(-0.00805424944509535,0.000958573135685591,0.114101636711769));
#4513=CARTESIAN_POINT('',(-0.00809674645862596,-0.000261998523980155,0.114145150335968));
#4514=CARTESIAN_POINT('',(-0.0079718686871975,-0.00150585026614884,0.114191995643812));
#4515=CARTESIAN_POINT('',(-0.0075653039181497,-0.00300485473743865,0.11425408332878));
#4516=CARTESIAN_POINT('',(-0.00664749285689746,-0.00475781186355636,0.114335493063179));
#4517=CARTESIAN_POINT('',(-0.0051161819500897,-0.00638291008562506,0.11442590968809));
#4518=CARTESIAN_POINT('',(-0.00322818732566208,-0.007515177738839,0.114502543107514));
#4519=CARTESIAN_POINT('',(-0.000963224524986753,-0.0081353441813263,0.114596472602465));
#4520=CARTESIAN_POINT('',(0.00128861076851619,-0.0080715039481118,0.114689010083025));
#4521=CARTESIAN_POINT('',(0.00315001967090096,-0.00749766029315968,0.1147667785236));
#4522=CARTESIAN_POINT('',(0.00453449047594413,-0.00673704944456735,0.114822074553635));
#4523=CARTESIAN_POINT('',(0.00581783082405452,-0.00569247492037423,0.114886056948465));
#4524=CARTESIAN_POINT('',(0.00696010668694597,-0.00425134871866992,0.114961130177482));
#4525=CARTESIAN_POINT('',(0.00772252985565623,-0.00257482200139756,0.115036563438114));
#4526=CARTESIAN_POINT('',(0.00804141967152885,-0.00106309476839154,0.115097630413426));
#4527=CARTESIAN_POINT('',(0.00809933779958381,0.000160961786878451,0.115141609294786));
#4528=CARTESIAN_POINT('',(0.00799070099122079,0.0014005410170358,0.11518779461073));
#4529=CARTESIAN_POINT('',(0.00760500413787202,0.00290329187506904,0.115249662441566));
#4530=CARTESIAN_POINT('',(0.00677004682241314,0.00454899950293795,0.115325550166658));
#4531=CARTESIAN_POINT('',(0.00556646844370555,0.00593598213423597,0.115400292598276));
#4532=CARTESIAN_POINT('',(0.00425991974916839,0.00691339463416581,0.115461552951134));
#4533=CARTESIAN_POINT('',(0.00283603870363071,0.00762364753338086,0.115518209581337));
#4534=CARTESIAN_POINT('',(0.000937124947804648,0.00812019151869416,0.115597759514138));
#4535=CARTESIAN_POINT('',(-0.00117851481460553,0.00808835049185836,0.115684380410866));
#4536=CARTESIAN_POINT('',(-0.00305361763057986,0.00753789800033198,0.115762899570545));
#4537=CARTESIAN_POINT('',(-0.00444903604158458,0.006793550623558,0.115818406583294));
#4538=CARTESIAN_POINT('',(-0.00574059062237191,0.00576966769113553,0.115881632230274));
#4539=CARTESIAN_POINT('',(-0.006902126285001,0.00434513010148521,0.115956595031794));
#4540=CARTESIAN_POINT('',(-0.00768743582619088,0.00267784770723049,0.116032178706424));
#4541=CARTESIAN_POINT('',(-0.0080271838179089,0.00116807512244435,0.116093551036089));
#4542=CARTESIAN_POINT('',(-0.00810068581048866,-6.04745786303872E-05,0.116138133639512));
#4543=CARTESIAN_POINT('',(-0.00800809833166679,-0.00129516435734873,0.11618361269838));
#4544=CARTESIAN_POINT('',(-0.00764324039363718,-0.00280128077987701,0.116245262877584));
#4545=CARTESIAN_POINT('',(-0.00683066541614004,-0.00445706107667952,0.116321033704115));
#4546=CARTESIAN_POINT('',(-0.00564607654959501,-0.00586124305500699,0.116395867766499));
#4547=CARTESIAN_POINT('',(-0.00434562030598939,-0.00685996876774014,0.116458056374521));
#4548=CARTESIAN_POINT('',(-0.00293543055352428,-0.00758530648710526,0.116514084917101));
#4549=CARTESIAN_POINT('',(-0.00104663962750964,-0.00810669350706626,0.116593250339336));
#4550=CARTESIAN_POINT('',(0.00106906287955331,-0.00810374230219066,0.116679845927658));
#4551=CARTESIAN_POINT('',(0.00295579813479589,-0.00757730239338833,0.116758905726083));
#4552=CARTESIAN_POINT('',(0.00436347496999779,-0.00684864881578529,0.1168148161673));
#4553=CARTESIAN_POINT('',(0.00566225504884482,-0.00584575422131451,0.116877206582685));
#4554=CARTESIAN_POINT('',(0.00684294186308095,-0.00443812708563594,0.116952063264634));
#4555=CARTESIAN_POINT('',(0.00765091049472134,-0.00278029879078688,0.117027802034805));
#4556=CARTESIAN_POINT('',(0.0080115207802331,-0.00127344836914413,0.1170894032377));
#4557=CARTESIAN_POINT('',(0.00810081321820027,-3.95407223964538E-05,0.117134714040072));
#4558=CARTESIAN_POINT('',(0.00802405501907713,0.00118977086191565,0.117179454373435));
#4559=CARTESIAN_POINT('',(0.00768005554979913,0.00269892541925737,0.117240884701049));
#4560=CARTESIAN_POINT('',(0.00689009770652753,0.0043642338738605,0.117316503817446));
#4561=CARTESIAN_POINT('',(0.00572462919848265,0.00578538207773579,0.117391442211518));
#4562=CARTESIAN_POINT('',(0.00443123221420396,0.00680514642681184,0.117454483371284));
#4563=CARTESIAN_POINT('',(0.00303348759931804,0.00754609687100895,0.117510066617181));
#4564=CARTESIAN_POINT('',(0.00115611101732535,0.00809162000570438,0.117588720440566));
#4565=CARTESIAN_POINT('',(-0.00095956132040307,0.00811755850387824,0.117675331878133));
#4566=CARTESIAN_POINT('',(-0.00285664201362845,0.00761584550917599,0.117754805343427));
#4567=CARTESIAN_POINT('',(-0.00427781947454754,0.00690234909585032,0.11781130203614));
#4568=CARTESIAN_POINT('',(-0.00558285953134674,0.00592072212324778,0.117872781528672));
#4569=CARTESIAN_POINT('',(-0.00678256747030212,0.0045302469885635,0.117947543452388));
#4570=CARTESIAN_POINT('',(-0.00761296334558183,0.00288238573215219,0.118023407842211));
#4571=CARTESIAN_POINT('',(-0.00799441761873499,0.00137884626396835,0.118085225796588));
#4572=CARTESIAN_POINT('',(-0.00809972345264192,0.000139939107769247,0.118131253338363));
#4573=CARTESIAN_POINT('',(-0.00803857817306677,-0.00108473119972868,0.11817535884023));
#4574=CARTESIAN_POINT('',(-0.00771546044114391,-0.00259600078121082,0.118236499741284));
#4575=CARTESIAN_POINT('',(-0.00694815890574544,-0.00427074330600871,0.118311992822835));
#4576=CARTESIAN_POINT('',(-0.00580268464843347,-0.00570794781422014,0.118386934577908));
#4577=CARTESIAN_POINT('',(-0.00461477548182868,-0.0066695396386792,0.118446041156344));
#4578=CARTESIAN_POINT('',(-0.00324472692226519,-0.007459035694559,0.118501886692381));
#4579=CARTESIAN_POINT('',(-0.00213824753112976,-0.00782859635633979,0.118547957078896));
#4580=CARTESIAN_POINT('',(-0.00137184422768512,-0.0079586327432371,0.118579460347411));
#4581=CARTESIAN_POINT('',(0.00202546763424392,0.00677365343537964,0.0961441989812929));
#4582=CARTESIAN_POINT('',(0.0021209229827164,0.00709302686644065,0.0959441950774792));
#4583=CARTESIAN_POINT('',(0.00221639868769056,0.00741239421229796,0.0957441911724595));
#4584=CARTESIAN_POINT('',(0.00231189188190042,0.00773175632871395,0.0955441872674647));
#4585=CARTESIAN_POINT('',(-0.00396977150046523,-0.00585028326101346,0.11905164462451));
#4586=CARTESIAN_POINT('',(-0.00598268277750213,-0.00488832569121065,0.118757513828772));
#4587=CARTESIAN_POINT('',(-0.00748828061926414,-0.00303656331980743,0.118434678007701));
#4588=CARTESIAN_POINT('',(-0.00802332071012225,-0.000866732243846303,0.11817164462451));
#4589=CARTESIAN_POINT('',(0.,1.43895998899814E-18,0.1249));
#4590=CARTESIAN_POINT('',(0.,1.43895998899814E-18,0.0953));
#4591=CARTESIAN_POINT('',(0.015,1.43895998899814E-18,0.0953));
#4592=CARTESIAN_POINT('',(0.,1.43895998899814E-18,0.1189));
#4593=CARTESIAN_POINT('',(0.015,1.43895998899814E-18,0.1189));
#4594=CARTESIAN_POINT('',(0.,7.67700462215497E-19,0.1249));
#4595=CARTESIAN_POINT('',(0.,7.67700462215497E-19,0.12097));
#4596=CARTESIAN_POINT('',(0.0040375,7.67700462215497E-19,0.12097));
#4597=CARTESIAN_POINT('',(0.,7.67700462215497E-19,0.1499));
#4598=CARTESIAN_POINT('',(0.0040375,7.67700462215497E-19,0.1499));
#4599=CARTESIAN_POINT('',(0.,0.,0.0949));
#4600=CARTESIAN_POINT('',(0.,1.43895998899814E-18,0.0949));
#4601=CARTESIAN_POINT('',(0.00914362448537956,1.43895998899814E-18,0.0949));
#4602=CARTESIAN_POINT('',(0.,1.43895998899814E-18,0.0949));
#4603=CARTESIAN_POINT('',(0.0146,1.43895998899814E-18,0.0949));
#4604=CARTESIAN_POINT('',(0.,1.7347234759768E-18,0.11997));
#4605=CARTESIAN_POINT('',(0.,7.67700462215497E-19,0.11997));
#4606=CARTESIAN_POINT('',(0.0050375,7.67700462215497E-19,0.11997));
#4607=CARTESIAN_POINT('',(0.,2.47225572577872E-19,0.11997));
#4608=CARTESIAN_POINT('',(0.00602641434603403,2.47225572577872E-19,0.11997));
#4609=CARTESIAN_POINT('',(0.,2.47225572577872E-19,0.117752549946185));
#4610=CARTESIAN_POINT('',(0.,1.99158185711338E-18,0.1189));
#4611=CARTESIAN_POINT('',(0.,1.99158185711338E-18,0.122914718625761));
#4612=CARTESIAN_POINT('',(0.02,1.99158185711338E-18,0.122914718625761));
#4613=CARTESIAN_POINT('',(0.,1.99158185711338E-18,0.1189));
#4614=CARTESIAN_POINT('',(0.02,1.99158185711338E-18,0.1189));
#4615=CARTESIAN_POINT('',(0.,0.,0.1189));
#4616=CARTESIAN_POINT('',(0.,1.34864228756102E-18,0.1499));
#4617=CARTESIAN_POINT('',(0.,1.34864228756102E-18,0.1495));
#4618=CARTESIAN_POINT('',(0.0095,1.34864228756102E-18,0.1495));
#4619=CARTESIAN_POINT('',(0.,1.34864228756102E-18,0.138385281374239));
#4620=CARTESIAN_POINT('',(0.0095,1.34864228756102E-18,0.138385281374239));
#4621=CARTESIAN_POINT('',(0.,3.46944695195361E-18,0.1499));
#4622=CARTESIAN_POINT('',(0.,1.34864228756102E-18,0.1499));
#4623=CARTESIAN_POINT('',(0.0091,1.34864228756102E-18,0.1499));
#4624=CARTESIAN_POINT('',(0.,1.34864228756102E-18,0.1359));
#4625=CARTESIAN_POINT('',(0.,1.6701120723372E-18,0.127157359312881));
#4626=CARTESIAN_POINT('',(-0.0182426406871193,1.6701120723372E-18,0.127157359312881));
#4627=CARTESIAN_POINT('',(0.,1.34864228756102E-18,0.134142640687119));
#4628=CARTESIAN_POINT('',(-0.0112573593128807,1.34864228756102E-18,0.134142640687119));
#4629=CARTESIAN_POINT('',(0.,1.6701120723372E-18,0.122914718625761));
#4630=CARTESIAN_POINT('',(0.,1.34864228756102E-18,0.138385281374239));
#4631=CARTESIAN_POINT('',(0.,1.34864228756102E-18,0.1499));
#4632=CARTESIAN_POINT('',(0.,1.43895998899814E-18,0.0953));
#4633=CARTESIAN_POINT('',(0.,1.43895998899814E-18,0.0967442106951135));
#4634=CARTESIAN_POINT('',(0.,7.67700462215497E-19,0.11997));
#4635=CARTESIAN_POINT('',(0.,0.,0.));
#4636=CARTESIAN_POINT('',(0.0075,0.,0.0949));
#4637=CARTESIAN_POINT('',(0.007,0.,0.0949));
#4638=CARTESIAN_POINT('',(0.007,4.28626379701574E-19,0.0949));
#4639=CARTESIAN_POINT('',(0.007,0.,0.0957));
#4640=CARTESIAN_POINT('',(0.0075,0.,0.0949));
#4641=CARTESIAN_POINT('',(0.008,4.28626379701574E-19,0.0949));
#4642=CARTESIAN_POINT('',(0.008,0.,0.0949));
#4643=CARTESIAN_POINT('',(0.008,0.,0.0951));
#4644=CARTESIAN_POINT('',(0.0075,0.,0.0954));
#4645=CARTESIAN_POINT('',(0.,4.28626379701574E-19,0.0949));
#4646=CARTESIAN_POINT('',(0.,4.28626379701574E-19,0.0949));
#4647=CARTESIAN_POINT('',(0.00649347517584508,0.00467277007145481,0.0949));
#4648=CARTESIAN_POINT('',(0.008,0.,0.0947));
#4649=CARTESIAN_POINT('',(0.008,0.004618802153517,0.0948666666666666));
#4650=CARTESIAN_POINT('',(0.004,0.00692820323027551,0.0950333333333333));
#4651=CARTESIAN_POINT('',(1.06057523872491E-18,0.00923760430703401,0.0952));
#4652=CARTESIAN_POINT('',(-0.004,0.00692820323027551,0.0953666666666667));
#4653=CARTESIAN_POINT('',(-0.008,0.004618802153517,0.0955333333333333));
#4654=CARTESIAN_POINT('',(-0.008,1.83697019872103E-18,0.0957));
#4655=CARTESIAN_POINT('',(-0.008,-0.004618802153517,0.0958666666666667));
#4656=CARTESIAN_POINT('',(-0.004,-0.00692820323027551,0.0960333333333333));
#4657=CARTESIAN_POINT('',(-2.19185549336481E-18,-0.00923760430703401,0.0962));
#4658=CARTESIAN_POINT('',(0.004,-0.00692820323027551,0.0963666666666667));
#4659=CARTESIAN_POINT('',(0.008,-0.004618802153517,0.0965333333333333));
#4660=CARTESIAN_POINT('',(0.008,-1.95943487863577E-18,0.0967));
#4661=CARTESIAN_POINT('',(0.008,0.004618802153517,0.0968666666666666));
#4662=CARTESIAN_POINT('',(0.004,0.00692820323027551,0.0970333333333333));
#4663=CARTESIAN_POINT('',(1.15277765432412E-17,0.00923760430703401,0.0971999999999999));
#4664=CARTESIAN_POINT('',(-0.004,0.00692820323027551,0.0973666666666667));
#4665=CARTESIAN_POINT('',(-0.00799999999999999,0.004618802153517,0.0975333333333334));
#4666=CARTESIAN_POINT('',(-0.008,3.7964050773568E-18,0.0977));
#4667=CARTESIAN_POINT('',(-0.008,-0.004618802153517,0.0978666666666667));
#4668=CARTESIAN_POINT('',(-0.004,-0.0069282032302755,0.0980333333333333));
#4669=CARTESIAN_POINT('',(-4.45441600264461E-18,-0.00923760430703401,0.0982));
#4670=CARTESIAN_POINT('',(0.004,-0.00692820323027551,0.0983666666666667));
#4671=CARTESIAN_POINT('',(0.00799999999999999,-0.004618802153517,0.0985333333333333));
#4672=CARTESIAN_POINT('',(0.008,-3.91886975727153E-18,0.0987));
#4673=CARTESIAN_POINT('',(0.008,0.004618802153517,0.0988666666666666));
#4674=CARTESIAN_POINT('',(0.004,0.0069282032302755,0.0990333333333333));
#4675=CARTESIAN_POINT('',(2.19949778477576E-17,0.00923760430703401,0.0991999999999999));
#4676=CARTESIAN_POINT('',(-0.004,0.00692820323027552,0.0993666666666667));
#4677=CARTESIAN_POINT('',(-0.00799999999999999,0.004618802153517,0.0995333333333333));
#4678=CARTESIAN_POINT('',(-0.008,1.99666946711946E-17,0.0997));
#4679=CARTESIAN_POINT('',(-0.008,-0.004618802153517,0.0998666666666666));
#4680=CARTESIAN_POINT('',(-0.004,-0.0069282032302755,0.100033333333333));
#4681=CARTESIAN_POINT('',(-2.31262581023975E-17,-0.00923760430703401,0.1002));
#4682=CARTESIAN_POINT('',(0.004,-0.00692820323027552,0.100366666666667));
#4683=CARTESIAN_POINT('',(0.00799999999999999,-0.004618802153517,0.100533333333333));
#4684=CARTESIAN_POINT('',(0.008,-5.8783046359073E-18,0.1007));
#4685=CARTESIAN_POINT('',(0.008,0.004618802153517,0.100866666666667));
#4686=CARTESIAN_POINT('',(0.004,0.0069282032302755,0.101033333333333));
#4687=CARTESIAN_POINT('',(2.42575383570374E-17,0.00923760430703401,0.1012));
#4688=CARTESIAN_POINT('',(-0.004,0.00692820323027552,0.101366666666667));
#4689=CARTESIAN_POINT('',(-0.00799999999999997,0.004618802153517,0.101533333333333));
#4690=CARTESIAN_POINT('',(-0.008,7.71527483462833E-18,0.1017));
#4691=CARTESIAN_POINT('',(-0.008,-0.004618802153517,0.101866666666667));
#4692=CARTESIAN_POINT('',(-0.004,-0.0069282032302755,0.102033333333333));
#4693=CARTESIAN_POINT('',(-2.53888186116773E-17,-0.00923760430703401,0.1022));
#4694=CARTESIAN_POINT('',(0.004,-0.00692820323027552,0.102366666666667));
#4695=CARTESIAN_POINT('',(0.00799999999999997,-0.004618802153517,0.102533333333333));
#4696=CARTESIAN_POINT('',(0.008,-7.83773951454306E-18,0.1027));
#4697=CARTESIAN_POINT('',(0.00800000000000001,0.004618802153517,0.102866666666667));
#4698=CARTESIAN_POINT('',(0.004,0.0069282032302755,0.103033333333333));
#4699=CARTESIAN_POINT('',(2.65200988663172E-17,0.00923760430703401,0.1032));
#4700=CARTESIAN_POINT('',(-0.004,0.00692820323027552,0.103366666666667));
#4701=CARTESIAN_POINT('',(-0.00799999999999997,0.004618802153517,0.103533333333333));
#4702=CARTESIAN_POINT('',(-0.008,3.80964191436681E-17,0.1037));
#4703=CARTESIAN_POINT('',(-0.00800000000000001,-0.004618802153517,0.103866666666667));
#4704=CARTESIAN_POINT('',(-0.004,-0.0069282032302755,0.104033333333333));
#4705=CARTESIAN_POINT('',(-2.76513791209571E-17,-0.00923760430703401,0.1042));
#4706=CARTESIAN_POINT('',(0.004,-0.00692820323027552,0.104366666666667));
#4707=CARTESIAN_POINT('',(0.00799999999999997,-0.004618802153517,0.104533333333333));
#4708=CARTESIAN_POINT('',(0.008,-3.82188838235828E-17,0.1047));
#4709=CARTESIAN_POINT('',(0.00800000000000001,0.004618802153517,0.104866666666667));
#4710=CARTESIAN_POINT('',(0.004,0.0069282032302755,0.105033333333333));
#4711=CARTESIAN_POINT('',(6.16012225565432E-17,0.00923760430703401,0.1052));
#4712=CARTESIAN_POINT('',(-0.004,0.00692820323027553,0.105366666666667));
#4713=CARTESIAN_POINT('',(-0.008,0.004618802153517,0.105533333333333));
#4714=CARTESIAN_POINT('',(-0.008,4.00558540223039E-17,0.1057));
#4715=CARTESIAN_POINT('',(-0.00800000000000001,-0.004618802153517,0.105866666666667));
#4716=CARTESIAN_POINT('',(-0.00400000000000005,-0.00692820323027548,0.106033333333333));
#4717=CARTESIAN_POINT('',(-2.99139396302369E-17,-0.00923760430703401,0.1062));
#4718=CARTESIAN_POINT('',(0.00399999999999995,-0.00692820323027554,0.106366666666667));
#4719=CARTESIAN_POINT('',(0.00799999999999997,-0.004618802153517,0.106533333333333));
#4720=CARTESIAN_POINT('',(0.008,-1.17566092718146E-17,0.1067));
#4721=CARTESIAN_POINT('',(0.00800000000000002,0.004618802153517,0.106866666666667));
#4722=CARTESIAN_POINT('',(0.004,0.0069282032302755,0.107033333333333));
#4723=CARTESIAN_POINT('',(6.38637830658229E-17,0.00923760430703401,0.1072));
#4724=CARTESIAN_POINT('',(-0.004,0.00692820323027553,0.107366666666667));
#4725=CARTESIAN_POINT('',(-0.008,0.004618802153517,0.107533333333333));
#4726=CARTESIAN_POINT('',(-0.008,4.20152889009396E-17,0.1077));
#4727=CARTESIAN_POINT('',(-0.00800000000000001,-0.004618802153517,0.107866666666667));
#4728=CARTESIAN_POINT('',(-0.00400000000000005,-0.00692820323027548,0.108033333333333));
#4729=CARTESIAN_POINT('',(-3.21765001395167E-17,-0.00923760430703401,0.1082));
#4730=CARTESIAN_POINT('',(0.00399999999999995,-0.00692820323027554,0.108366666666667));
#4731=CARTESIAN_POINT('',(0.00799999999999997,-0.004618802153517,0.108533333333333));
#4732=CARTESIAN_POINT('',(0.008,-1.37160441504504E-17,0.1087));
#4733=CARTESIAN_POINT('',(0.00800000000000002,0.004618802153517,0.108866666666667));
#4734=CARTESIAN_POINT('',(0.004,0.0069282032302755,0.109033333333333));
#4735=CARTESIAN_POINT('',(6.61263435751028E-17,0.00923760430703401,0.1092));
#4736=CARTESIAN_POINT('',(-0.004,0.00692820323027553,0.109366666666667));
#4737=CARTESIAN_POINT('',(-0.00799999999999996,0.00461880215351707,0.109533333333333));
#4738=CARTESIAN_POINT('',(-0.008,4.39747237795754E-17,0.1097));
#4739=CARTESIAN_POINT('',(-0.00800000000000001,-0.004618802153517,0.109866666666667));
#4740=CARTESIAN_POINT('',(-0.00400000000000005,-0.00692820323027548,0.110033333333333));
#4741=CARTESIAN_POINT('',(-3.44390606487965E-17,-0.00923760430703401,0.1102));
#4742=CARTESIAN_POINT('',(0.00399999999999995,-0.00692820323027554,0.110366666666667));
#4743=CARTESIAN_POINT('',(0.00799999999999997,-0.004618802153517,0.110533333333333));
#4744=CARTESIAN_POINT('',(0.008,-1.56754790290861E-17,0.1107));
#4745=CARTESIAN_POINT('',(0.00800000000000002,0.004618802153517,0.110866666666667));
#4746=CARTESIAN_POINT('',(0.004,0.0069282032302755,0.111033333333333));
#4747=CARTESIAN_POINT('',(6.83889040843826E-17,0.00923760430703401,0.1112));
#4748=CARTESIAN_POINT('',(-0.004,0.00692820323027553,0.111366666666667));
#4749=CARTESIAN_POINT('',(-0.00799999999999996,0.00461880215351707,0.111533333333333));
#4750=CARTESIAN_POINT('',(-0.008,4.59341586582112E-17,0.1117));
#4751=CARTESIAN_POINT('',(-0.00800000000000001,-0.004618802153517,0.111866666666667));
#4752=CARTESIAN_POINT('',(-0.00400000000000005,-0.00692820323027548,0.112033333333333));
#4753=CARTESIAN_POINT('',(-3.67016211580763E-17,-0.00923760430703401,0.1122));
#4754=CARTESIAN_POINT('',(0.00399999999999995,-0.00692820323027554,0.112366666666667));
#4755=CARTESIAN_POINT('',(0.00799999999999997,-0.004618802153517,0.112533333333333));
#4756=CARTESIAN_POINT('',(0.008,-7.44783327685299E-17,0.1127));
#4757=CARTESIAN_POINT('',(0.00800000000000002,0.00461880215351695,0.112866666666667));
#4758=CARTESIAN_POINT('',(0.004,0.0069282032302755,0.113033333333333));
#4759=CARTESIAN_POINT('',(7.06514645936623E-17,0.00923760430703401,0.1132));
#4760=CARTESIAN_POINT('',(-0.004,0.00692820323027553,0.113366666666667));
#4761=CARTESIAN_POINT('',(-0.00799999999999995,0.00461880215351708,0.113533333333333));
#4762=CARTESIAN_POINT('',(-0.008,4.78935935368469E-17,0.1137));
#4763=CARTESIAN_POINT('',(-0.00800000000000005,-0.00461880215351692,0.113866666666667));
#4764=CARTESIAN_POINT('',(-0.00400000000000005,-0.00692820323027548,0.114033333333333));
#4765=CARTESIAN_POINT('',(-3.89641816673561E-17,-0.00923760430703401,0.1142));
#4766=CARTESIAN_POINT('',(0.00399999999999994,-0.00692820323027554,0.114366666666667));
#4767=CARTESIAN_POINT('',(0.00799999999999997,-0.004618802153517,0.114533333333333));
#4768=CARTESIAN_POINT('',(0.008,-7.64377676471657E-17,0.1147));
#4769=CARTESIAN_POINT('',(0.00800000000000003,0.00461880215351695,0.114866666666667));
#4770=CARTESIAN_POINT('',(0.004,0.0069282032302755,0.115033333333333));
#4771=CARTESIAN_POINT('',(7.29140251029421E-17,0.00923760430703401,0.1152));
#4772=CARTESIAN_POINT('',(-0.004,0.00692820323027553,0.115366666666667));
#4773=CARTESIAN_POINT('',(-0.00799999999999999,0.004618802153517,0.115533333333333));
#4774=CARTESIAN_POINT('',(-0.008,1.06696447276291E-16,0.1157));
#4775=CARTESIAN_POINT('',(-0.00800000000000005,-0.00461880215351692,0.115866666666667));
#4776=CARTESIAN_POINT('',(-0.00400000000000005,-0.00692820323027548,0.116033333333333));
#4777=CARTESIAN_POINT('',(-4.12267421766359E-17,-0.00923760430703401,0.1162));
#4778=CARTESIAN_POINT('',(0.004,-0.00692820323027552,0.116366666666667));
#4779=CARTESIAN_POINT('',(0.00799999999999994,-0.00461880215351711,0.116533333333333));
#4780=CARTESIAN_POINT('',(0.008,-7.83972025258014E-17,0.1167));
#4781=CARTESIAN_POINT('',(0.00800000000000003,0.00461880215351695,0.116866666666667));
#4782=CARTESIAN_POINT('',(0.004,0.00692820323027549,0.117033333333333));
#4783=CARTESIAN_POINT('',(9.53945925032964E-18,0.00923760430703401,0.1172));
#4784=CARTESIAN_POINT('',(-0.00399999999999992,0.00692820323027556,0.117366666666667));
#4785=CARTESIAN_POINT('',(-0.00799999999999995,0.00461880215351708,0.117533333333333));
#4786=CARTESIAN_POINT('',(-0.008,5.18124632941185E-17,0.1177));
#4787=CARTESIAN_POINT('',(-0.00800000000000001,-0.004618802153517,0.117866666666667));
#4788=CARTESIAN_POINT('',(-0.00400000000000011,-0.00692820323027545,0.118033333333333));
#4789=CARTESIAN_POINT('',(-1.09126429047808E-16,-0.00923760430703401,0.1182));
#4790=CARTESIAN_POINT('',(0.00399999999999994,-0.00692820323027554,0.118366666666667));
#4791=CARTESIAN_POINT('',(0.00799999999999997,-0.004618802153517,0.118533333333333));
#4792=CARTESIAN_POINT('',(0.008,-2.35132185436292E-17,0.1187));
#4793=CARTESIAN_POINT('',(0.00800000000000007,0.00461880215351689,0.118866666666667));
#4794=CARTESIAN_POINT('',(0.00400000000000008,0.00692820323027546,0.119033333333333));
#4795=CARTESIAN_POINT('',(7.74391461215017E-17,0.00923760430703401,0.1192));
#4796=CARTESIAN_POINT('',(-0.004,0.00692820323027553,0.119366666666667));
#4797=CARTESIAN_POINT('',(-0.00799999999999999,0.004618802153517,0.119533333333333));
#4798=CARTESIAN_POINT('',(-0.008,1.10615317033562E-16,0.1197));
#4799=CARTESIAN_POINT('',(-0.00800000000000005,-0.00461880215351692,0.119866666666666));
#4800=CARTESIAN_POINT('',(-0.00400000000000005,-0.00692820323027548,0.120033333333333));
#4801=CARTESIAN_POINT('',(-4.57518631951955E-17,-0.00923760430703401,0.1202));
#4802=CARTESIAN_POINT('',(0.004,-0.00692820323027552,0.120366666666667));
#4803=CARTESIAN_POINT('',(0.00799999999999994,-0.00461880215351711,0.120533333333333));
#4804=CARTESIAN_POINT('',(0.008,-8.2316072283073E-17,0.1207));
#4805=CARTESIAN_POINT('',(-0.00143999999999992,-0.00786933288150909,0.11814));
#4806=CARTESIAN_POINT('',(0.,2.47225572577872E-19,0.11814));
#4807=CARTESIAN_POINT('',(-0.00792849436295307,-0.00106722871804573,0.11814));
#4808=CARTESIAN_POINT('',(0.008,0.,0.0951));
#4809=CARTESIAN_POINT('',(0.00800000000000001,0.004618802153517,0.0952666666666667));
#4810=CARTESIAN_POINT('',(0.004,0.00692820323027552,0.0954333333333334));
#4811=CARTESIAN_POINT('',(1.06057523872491E-18,0.00923760430703401,0.0956));
#4812=CARTESIAN_POINT('',(-0.004,0.00692820323027552,0.0957666666666667));
#4813=CARTESIAN_POINT('',(-0.00800000000000001,0.004618802153517,0.0959333333333334));
#4814=CARTESIAN_POINT('',(-0.008,1.83697019872103E-18,0.0961));
#4815=CARTESIAN_POINT('',(-0.00800000000000001,-0.004618802153517,0.0962666666666667));
#4816=CARTESIAN_POINT('',(-0.004,-0.00692820323027552,0.0964333333333334));
#4817=CARTESIAN_POINT('',(-2.19185549336481E-18,-0.00923760430703401,0.0966));
#4818=CARTESIAN_POINT('',(0.004,-0.00692820323027552,0.0967666666666667));
#4819=CARTESIAN_POINT('',(0.00800000000000001,-0.004618802153517,0.0969333333333333));
#4820=CARTESIAN_POINT('',(0.008,-1.95943487863577E-18,0.0971));
#4821=CARTESIAN_POINT('',(0.00800000000000002,0.004618802153517,0.0972666666666666));
#4822=CARTESIAN_POINT('',(0.004,0.00692820323027552,0.0974333333333334));
#4823=CARTESIAN_POINT('',(1.15277765432413E-17,0.00923760430703401,0.0976));
#4824=CARTESIAN_POINT('',(-0.004,0.00692820323027553,0.0977666666666667));
#4825=CARTESIAN_POINT('',(-0.00800000000000001,0.004618802153517,0.0979333333333334));
#4826=CARTESIAN_POINT('',(-0.008,3.7964050773568E-18,0.0981));
#4827=CARTESIAN_POINT('',(-0.00800000000000002,-0.004618802153517,0.0982666666666667));
#4828=CARTESIAN_POINT('',(-0.004,-0.00692820323027551,0.0984333333333334));
#4829=CARTESIAN_POINT('',(-4.45441600264462E-18,-0.00923760430703401,0.0986));
#4830=CARTESIAN_POINT('',(0.004,-0.00692820323027553,0.0987666666666667));
#4831=CARTESIAN_POINT('',(0.008,-0.004618802153517,0.0989333333333333));
#4832=CARTESIAN_POINT('',(0.008,-3.91886975727153E-18,0.0991));
#4833=CARTESIAN_POINT('',(0.00800000000000002,0.004618802153517,0.0992666666666667));
#4834=CARTESIAN_POINT('',(0.004,0.00692820323027552,0.0994333333333333));
#4835=CARTESIAN_POINT('',(2.19949778477576E-17,0.00923760430703401,0.0996));
#4836=CARTESIAN_POINT('',(-0.004,0.00692820323027553,0.0997666666666667));
#4837=CARTESIAN_POINT('',(-0.008,0.004618802153517,0.0999333333333333));
#4838=CARTESIAN_POINT('',(-0.008,1.99666946711946E-17,0.1001));
#4839=CARTESIAN_POINT('',(-0.00800000000000002,-0.004618802153517,0.100266666666667));
#4840=CARTESIAN_POINT('',(-0.004,-0.00692820323027551,0.100433333333333));
#4841=CARTESIAN_POINT('',(-2.31262581023975E-17,-0.00923760430703401,0.1006));
#4842=CARTESIAN_POINT('',(0.004,-0.00692820323027553,0.100766666666667));
#4843=CARTESIAN_POINT('',(0.008,-0.004618802153517,0.100933333333333));
#4844=CARTESIAN_POINT('',(0.008,-5.87830463590731E-18,0.1011));
#4845=CARTESIAN_POINT('',(0.00800000000000002,0.004618802153517,0.101266666666667));
#4846=CARTESIAN_POINT('',(0.004,0.00692820323027551,0.101433333333333));
#4847=CARTESIAN_POINT('',(2.42575383570374E-17,0.00923760430703401,0.1016));
#4848=CARTESIAN_POINT('',(-0.004,0.00692820323027554,0.101766666666667));
#4849=CARTESIAN_POINT('',(-0.008,0.004618802153517,0.101933333333333));
#4850=CARTESIAN_POINT('',(-0.008,7.71527483462834E-18,0.1021));
#4851=CARTESIAN_POINT('',(-0.00800000000000002,-0.004618802153517,0.102266666666667));
#4852=CARTESIAN_POINT('',(-0.004,-0.00692820323027551,0.102433333333333));
#4853=CARTESIAN_POINT('',(-2.53888186116773E-17,-0.00923760430703401,0.1026));
#4854=CARTESIAN_POINT('',(0.004,-0.00692820323027553,0.102766666666667));
#4855=CARTESIAN_POINT('',(0.008,-0.004618802153517,0.102933333333333));
#4856=CARTESIAN_POINT('',(0.008,-7.83773951454307E-18,0.1031));
#4857=CARTESIAN_POINT('',(0.00800000000000002,0.004618802153517,0.103266666666667));
#4858=CARTESIAN_POINT('',(0.004,0.00692820323027551,0.103433333333333));
#4859=CARTESIAN_POINT('',(2.65200988663173E-17,0.00923760430703401,0.1036));
#4860=CARTESIAN_POINT('',(-0.004,0.00692820323027554,0.103766666666667));
#4861=CARTESIAN_POINT('',(-0.008,0.004618802153517,0.103933333333333));
#4862=CARTESIAN_POINT('',(-0.008,3.80964191436681E-17,0.1041));
#4863=CARTESIAN_POINT('',(-0.00800000000000002,-0.004618802153517,0.104266666666667));
#4864=CARTESIAN_POINT('',(-0.004,-0.00692820323027551,0.104433333333333));
#4865=CARTESIAN_POINT('',(-2.76513791209571E-17,-0.00923760430703401,0.1046));
#4866=CARTESIAN_POINT('',(0.004,-0.00692820323027554,0.104766666666667));
#4867=CARTESIAN_POINT('',(0.008,-0.004618802153517,0.104933333333333));
#4868=CARTESIAN_POINT('',(0.008,-3.82188838235829E-17,0.1051));
#4869=CARTESIAN_POINT('',(0.00800000000000002,0.004618802153517,0.105266666666667));
#4870=CARTESIAN_POINT('',(0.004,0.00692820323027551,0.105433333333333));
#4871=CARTESIAN_POINT('',(6.16012225565433E-17,0.00923760430703401,0.1056));
#4872=CARTESIAN_POINT('',(-0.004,0.00692820323027554,0.105766666666667));
#4873=CARTESIAN_POINT('',(-0.00800000000000001,0.004618802153517,0.105933333333333));
#4874=CARTESIAN_POINT('',(-0.008,4.00558540223039E-17,0.1061));
#4875=CARTESIAN_POINT('',(-0.00800000000000002,-0.004618802153517,0.106266666666667));
#4876=CARTESIAN_POINT('',(-0.00400000000000005,-0.0069282032302755,0.106433333333333));
#4877=CARTESIAN_POINT('',(-2.99139396302369E-17,-0.00923760430703401,0.1066));
#4878=CARTESIAN_POINT('',(0.00399999999999995,-0.00692820323027555,0.106766666666667));
#4879=CARTESIAN_POINT('',(0.00799999999999999,-0.004618802153517,0.106933333333333));
#4880=CARTESIAN_POINT('',(0.008,-1.17566092718146E-17,0.1071));
#4881=CARTESIAN_POINT('',(0.00800000000000003,0.004618802153517,0.107266666666667));
#4882=CARTESIAN_POINT('',(0.004,0.00692820323027551,0.107433333333333));
#4883=CARTESIAN_POINT('',(6.3863783065823E-17,0.00923760430703401,0.1076));
#4884=CARTESIAN_POINT('',(-0.004,0.00692820323027554,0.107766666666667));
#4885=CARTESIAN_POINT('',(-0.00800000000000001,0.004618802153517,0.107933333333333));
#4886=CARTESIAN_POINT('',(-0.008,4.20152889009397E-17,0.1081));
#4887=CARTESIAN_POINT('',(-0.00800000000000002,-0.004618802153517,0.108266666666667));
#4888=CARTESIAN_POINT('',(-0.00400000000000005,-0.0069282032302755,0.108433333333333));
#4889=CARTESIAN_POINT('',(-3.21765001395168E-17,-0.00923760430703401,0.1086));
#4890=CARTESIAN_POINT('',(0.00399999999999995,-0.00692820323027555,0.108766666666667));
#4891=CARTESIAN_POINT('',(0.00799999999999999,-0.004618802153517,0.108933333333333));
#4892=CARTESIAN_POINT('',(0.008,-1.37160441504504E-17,0.1091));
#4893=CARTESIAN_POINT('',(0.00800000000000003,0.004618802153517,0.109266666666667));
#4894=CARTESIAN_POINT('',(0.004,0.00692820323027551,0.109433333333333));
#4895=CARTESIAN_POINT('',(6.61263435751029E-17,0.00923760430703401,0.1096));
#4896=CARTESIAN_POINT('',(-0.004,0.00692820323027554,0.109766666666667));
#4897=CARTESIAN_POINT('',(-0.00799999999999997,0.00461880215351708,0.109933333333333));
#4898=CARTESIAN_POINT('',(-0.008,4.39747237795754E-17,0.1101));
#4899=CARTESIAN_POINT('',(-0.00800000000000002,-0.004618802153517,0.110266666666667));
#4900=CARTESIAN_POINT('',(-0.00400000000000005,-0.00692820323027549,0.110433333333333));
#4901=CARTESIAN_POINT('',(-3.44390606487965E-17,-0.00923760430703401,0.1106));
#4902=CARTESIAN_POINT('',(0.00399999999999995,-0.00692820323027555,0.110766666666667));
#4903=CARTESIAN_POINT('',(0.00799999999999999,-0.004618802153517,0.110933333333333));
#4904=CARTESIAN_POINT('',(0.008,-1.56754790290861E-17,0.1111));
#4905=CARTESIAN_POINT('',(0.00800000000000005,0.004618802153517,0.111266666666667));
#4906=CARTESIAN_POINT('',(0.004,0.00692820323027551,0.111433333333333));
#4907=CARTESIAN_POINT('',(6.83889040843827E-17,0.00923760430703401,0.1116));
#4908=CARTESIAN_POINT('',(-0.004,0.00692820323027554,0.111766666666667));
#4909=CARTESIAN_POINT('',(-0.00799999999999997,0.00461880215351709,0.111933333333333));
#4910=CARTESIAN_POINT('',(-0.008,4.59341586582112E-17,0.1121));
#4911=CARTESIAN_POINT('',(-0.00800000000000002,-0.004618802153517,0.112266666666667));
#4912=CARTESIAN_POINT('',(-0.00400000000000005,-0.00692820323027549,0.112433333333333));
#4913=CARTESIAN_POINT('',(-3.67016211580764E-17,-0.00923760430703401,0.1126));
#4914=CARTESIAN_POINT('',(0.00399999999999995,-0.00692820323027555,0.112766666666667));
#4915=CARTESIAN_POINT('',(0.00799999999999999,-0.00461880215351706,0.112933333333333));
#4916=CARTESIAN_POINT('',(0.008,-7.447833276853E-17,0.1131));
#4917=CARTESIAN_POINT('',(0.00800000000000005,0.004618802153517,0.113266666666667));
#4918=CARTESIAN_POINT('',(0.004,0.00692820323027551,0.113433333333333));
#4919=CARTESIAN_POINT('',(7.06514645936624E-17,0.00923760430703401,0.1136));
#4920=CARTESIAN_POINT('',(-0.004,0.00692820323027554,0.113766666666667));
#4921=CARTESIAN_POINT('',(-0.00799999999999997,0.00461880215351709,0.113933333333333));
#4922=CARTESIAN_POINT('',(-0.008,4.7893593536847E-17,0.1141));
#4923=CARTESIAN_POINT('',(-0.00800000000000006,-0.00461880215351693,0.114266666666667));
#4924=CARTESIAN_POINT('',(-0.00400000000000005,-0.00692820323027549,0.114433333333333));
#4925=CARTESIAN_POINT('',(-3.89641816673562E-17,-0.00923760430703401,0.1146));
#4926=CARTESIAN_POINT('',(0.00399999999999995,-0.00692820323027556,0.114766666666667));
#4927=CARTESIAN_POINT('',(0.00799999999999999,-0.00461880215351706,0.114933333333333));
#4928=CARTESIAN_POINT('',(0.008,-7.64377676471658E-17,0.1151));
#4929=CARTESIAN_POINT('',(0.00800000000000005,0.004618802153517,0.115266666666667));
#4930=CARTESIAN_POINT('',(0.004,0.00692820323027551,0.115433333333333));
#4931=CARTESIAN_POINT('',(7.29140251029423E-17,0.00923760430703401,0.1156));
#4932=CARTESIAN_POINT('',(-0.004,0.00692820323027554,0.115766666666667));
#4933=CARTESIAN_POINT('',(-0.008,0.004618802153517,0.115933333333333));
#4934=CARTESIAN_POINT('',(-0.008,1.06696447276291E-16,0.1161));
#4935=CARTESIAN_POINT('',(-0.00800000000000006,-0.00461880215351693,0.116266666666667));
#4936=CARTESIAN_POINT('',(-0.00400000000000006,-0.00692820323027549,0.116433333333333));
#4937=CARTESIAN_POINT('',(-4.12267421766359E-17,-0.00923760430703401,0.1166));
#4938=CARTESIAN_POINT('',(0.004,-0.00692820323027553,0.116766666666667));
#4939=CARTESIAN_POINT('',(0.00799999999999995,-0.00461880215351711,0.116933333333333));
#4940=CARTESIAN_POINT('',(0.008,-7.83972025258016E-17,0.1171));
#4941=CARTESIAN_POINT('',(0.00800000000000005,0.004618802153517,0.117266666666667));
#4942=CARTESIAN_POINT('',(0.004,0.00692820323027551,0.117433333333333));
#4943=CARTESIAN_POINT('',(9.53945925032966E-18,0.00923760430703401,0.1176));
#4944=CARTESIAN_POINT('',(-0.00399999999999992,0.00692820323027557,0.117766666666667));
#4945=CARTESIAN_POINT('',(-0.00799999999999996,0.00461880215351709,0.117933333333333));
#4946=CARTESIAN_POINT('',(-0.008,5.18124632941185E-17,0.1181));
#4947=CARTESIAN_POINT('',(-0.00800000000000003,-0.004618802153517,0.118266666666667));
#4948=CARTESIAN_POINT('',(-0.00400000000000011,-0.00692820323027546,0.118433333333333));
#4949=CARTESIAN_POINT('',(-1.09126429047808E-16,-0.00923760430703401,0.1186));
#4950=CARTESIAN_POINT('',(0.00399999999999995,-0.00692820323027556,0.118766666666667));
#4951=CARTESIAN_POINT('',(0.00799999999999999,-0.00461880215351706,0.118933333333333));
#4952=CARTESIAN_POINT('',(0.008,-2.35132185436292E-17,0.1191));
#4953=CARTESIAN_POINT('',(0.00800000000000008,0.0046188021535169,0.119266666666667));
#4954=CARTESIAN_POINT('',(0.00400000000000009,0.00692820323027548,0.119433333333333));
#4955=CARTESIAN_POINT('',(7.74391461215018E-17,0.00923760430703401,0.1196));
#4956=CARTESIAN_POINT('',(-0.004,0.00692820323027554,0.119766666666667));
#4957=CARTESIAN_POINT('',(-0.008,0.004618802153517,0.119933333333333));
#4958=CARTESIAN_POINT('',(-0.008,1.10615317033562E-16,0.1201));
#4959=CARTESIAN_POINT('',(-0.00800000000000007,-0.00461880215351692,0.120266666666667));
#4960=CARTESIAN_POINT('',(-0.00400000000000006,-0.00692820323027549,0.120433333333333));
#4961=CARTESIAN_POINT('',(-4.57518631951956E-17,-0.00923760430703401,0.1206));
#4962=CARTESIAN_POINT('',(0.004,-0.00692820323027553,0.120766666666667));
#4963=CARTESIAN_POINT('',(0.00799999999999995,-0.00461880215351712,0.120933333333333));
#4964=CARTESIAN_POINT('',(0.008,-8.23160722830731E-17,0.1211));
#4965=CARTESIAN_POINT('',(0.00790855283270693,0.00120614762458137,0.094745428252802));
#4966=CARTESIAN_POINT('',(0.0073289993073134,0.00500620458406605,0.0948946250288619));
#4967=CARTESIAN_POINT('',(0.004,0.00692820323027552,0.0950333333333333));
#4968=CARTESIAN_POINT('',(1.06057523872491E-18,0.00923760430703401,0.0952));
#4969=CARTESIAN_POINT('',(-0.004,0.00692820323027552,0.0953666666666666));
#4970=CARTESIAN_POINT('',(-0.008,0.004618802153517,0.0955333333333333));
#4971=CARTESIAN_POINT('',(-0.008,1.83697019872103E-18,0.0957));
#4972=CARTESIAN_POINT('',(-0.00800000000000001,-0.004618802153517,0.0958666666666667));
#4973=CARTESIAN_POINT('',(-0.004,-0.00692820323027551,0.0960333333333333));
#4974=CARTESIAN_POINT('',(-2.19185549336481E-18,-0.00923760430703401,0.0962));
#4975=CARTESIAN_POINT('',(0.004,-0.00692820323027552,0.0963666666666666));
#4976=CARTESIAN_POINT('',(0.008,-0.004618802153517,0.0965333333333333));
#4977=CARTESIAN_POINT('',(0.008,0.,0.0967));
#4978=CARTESIAN_POINT('',(0.00800000000000001,0.004618802153517,0.0968666666666666));
#4979=CARTESIAN_POINT('',(0.004,0.00692820323027552,0.0970333333333333));
#4980=CARTESIAN_POINT('',(1.06057523872491E-18,0.00923760430703401,0.0971999999999999));
#4981=CARTESIAN_POINT('',(-0.004,0.00692820323027552,0.0973666666666666));
#4982=CARTESIAN_POINT('',(-0.008,0.004618802153517,0.0975333333333332));
#4983=CARTESIAN_POINT('',(-0.008,1.83697019872103E-18,0.0977));
#4984=CARTESIAN_POINT('',(-0.00800000000000001,-0.004618802153517,0.0978666666666667));
#4985=CARTESIAN_POINT('',(-0.004,-0.00692820323027551,0.0980333333333333));
#4986=CARTESIAN_POINT('',(-2.19185549336481E-18,-0.00923760430703401,0.0982));
#4987=CARTESIAN_POINT('',(0.004,-0.00692820323027552,0.0983666666666666));
#4988=CARTESIAN_POINT('',(0.008,-0.004618802153517,0.0985333333333333));
#4989=CARTESIAN_POINT('',(0.008,0.,0.0987));
#4990=CARTESIAN_POINT('',(0.00800000000000001,0.004618802153517,0.0988666666666666));
#4991=CARTESIAN_POINT('',(0.004,0.00692820323027552,0.0990333333333333));
#4992=CARTESIAN_POINT('',(1.06057523872491E-18,0.00923760430703401,0.0991999999999999));
#4993=CARTESIAN_POINT('',(-0.004,0.00692820323027552,0.0993666666666666));
#4994=CARTESIAN_POINT('',(-0.008,0.004618802153517,0.0995333333333333));
#4995=CARTESIAN_POINT('',(-0.008,1.83697019872103E-18,0.0997));
#4996=CARTESIAN_POINT('',(-0.00800000000000001,-0.004618802153517,0.0998666666666666));
#4997=CARTESIAN_POINT('',(-0.004,-0.00692820323027551,0.100033333333333));
#4998=CARTESIAN_POINT('',(-2.19185549336481E-18,-0.00923760430703401,0.1002));
#4999=CARTESIAN_POINT('',(0.004,-0.00692820323027552,0.100366666666667));
#5000=CARTESIAN_POINT('',(0.008,-0.004618802153517,0.100533333333333));
#5001=CARTESIAN_POINT('',(0.008,0.,0.1007));
#5002=CARTESIAN_POINT('',(0.00800000000000001,0.004618802153517,0.100866666666667));
#5003=CARTESIAN_POINT('',(0.004,0.00692820323027552,0.101033333333333));
#5004=CARTESIAN_POINT('',(1.06057523872491E-18,0.00923760430703401,0.1012));
#5005=CARTESIAN_POINT('',(-0.004,0.00692820323027552,0.101366666666667));
#5006=CARTESIAN_POINT('',(-0.008,0.004618802153517,0.101533333333333));
#5007=CARTESIAN_POINT('',(-0.008,1.83697019872103E-18,0.1017));
#5008=CARTESIAN_POINT('',(-0.00800000000000001,-0.004618802153517,0.101866666666667));
#5009=CARTESIAN_POINT('',(-0.004,-0.00692820323027551,0.102033333333333));
#5010=CARTESIAN_POINT('',(-2.19185549336481E-18,-0.00923760430703401,0.1022));
#5011=CARTESIAN_POINT('',(0.004,-0.00692820323027552,0.102366666666667));
#5012=CARTESIAN_POINT('',(0.008,-0.004618802153517,0.102533333333333));
#5013=CARTESIAN_POINT('',(0.008,0.,0.1027));
#5014=CARTESIAN_POINT('',(0.00800000000000001,0.004618802153517,0.102866666666667));
#5015=CARTESIAN_POINT('',(0.004,0.00692820323027552,0.103033333333333));
#5016=CARTESIAN_POINT('',(1.06057523872491E-18,0.00923760430703401,0.1032));
#5017=CARTESIAN_POINT('',(-0.004,0.00692820323027552,0.103366666666667));
#5018=CARTESIAN_POINT('',(-0.008,0.004618802153517,0.103533333333333));
#5019=CARTESIAN_POINT('',(-0.008,1.83697019872103E-18,0.1037));
#5020=CARTESIAN_POINT('',(-0.00800000000000001,-0.004618802153517,0.103866666666667));
#5021=CARTESIAN_POINT('',(-0.004,-0.00692820323027551,0.104033333333333));
#5022=CARTESIAN_POINT('',(-2.19185549336481E-18,-0.00923760430703401,0.1042));
#5023=CARTESIAN_POINT('',(0.004,-0.00692820323027552,0.104366666666667));
#5024=CARTESIAN_POINT('',(0.008,-0.004618802153517,0.104533333333333));
#5025=CARTESIAN_POINT('',(0.008,0.,0.1047));
#5026=CARTESIAN_POINT('',(0.00800000000000001,0.004618802153517,0.104866666666667));
#5027=CARTESIAN_POINT('',(0.004,0.00692820323027552,0.105033333333333));
#5028=CARTESIAN_POINT('',(1.06057523872491E-18,0.00923760430703401,0.1052));
#5029=CARTESIAN_POINT('',(-0.004,0.00692820323027552,0.105366666666667));
#5030=CARTESIAN_POINT('',(-0.008,0.004618802153517,0.105533333333333));
#5031=CARTESIAN_POINT('',(-0.008,1.83697019872103E-18,0.1057));
#5032=CARTESIAN_POINT('',(-0.00800000000000001,-0.004618802153517,0.105866666666667));
#5033=CARTESIAN_POINT('',(-0.004,-0.00692820323027551,0.106033333333333));
#5034=CARTESIAN_POINT('',(-2.19185549336481E-18,-0.00923760430703401,0.1062));
#5035=CARTESIAN_POINT('',(0.004,-0.00692820323027552,0.106366666666667));
#5036=CARTESIAN_POINT('',(0.008,-0.004618802153517,0.106533333333333));
#5037=CARTESIAN_POINT('',(0.008,0.,0.1067));
#5038=CARTESIAN_POINT('',(0.00800000000000001,0.004618802153517,0.106866666666667));
#5039=CARTESIAN_POINT('',(0.004,0.00692820323027552,0.107033333333333));
#5040=CARTESIAN_POINT('',(1.06057523872491E-18,0.00923760430703401,0.1072));
#5041=CARTESIAN_POINT('',(-0.004,0.00692820323027552,0.107366666666667));
#5042=CARTESIAN_POINT('',(-0.008,0.004618802153517,0.107533333333333));
#5043=CARTESIAN_POINT('',(-0.008,1.83697019872103E-18,0.1077));
#5044=CARTESIAN_POINT('',(-0.00800000000000001,-0.004618802153517,0.107866666666667));
#5045=CARTESIAN_POINT('',(-0.004,-0.00692820323027551,0.108033333333333));
#5046=CARTESIAN_POINT('',(-2.19185549336481E-18,-0.00923760430703401,0.1082));
#5047=CARTESIAN_POINT('',(0.004,-0.00692820323027552,0.108366666666667));
#5048=CARTESIAN_POINT('',(0.008,-0.004618802153517,0.108533333333333));
#5049=CARTESIAN_POINT('',(0.008,0.,0.1087));
#5050=CARTESIAN_POINT('',(0.00800000000000001,0.004618802153517,0.108866666666667));
#5051=CARTESIAN_POINT('',(0.004,0.00692820323027552,0.109033333333333));
#5052=CARTESIAN_POINT('',(1.06057523872491E-18,0.00923760430703401,0.1092));
#5053=CARTESIAN_POINT('',(-0.004,0.00692820323027552,0.109366666666667));
#5054=CARTESIAN_POINT('',(-0.008,0.004618802153517,0.109533333333333));
#5055=CARTESIAN_POINT('',(-0.008,1.83697019872103E-18,0.1097));
#5056=CARTESIAN_POINT('',(-0.00800000000000001,-0.004618802153517,0.109866666666667));
#5057=CARTESIAN_POINT('',(-0.004,-0.00692820323027551,0.110033333333333));
#5058=CARTESIAN_POINT('',(-2.19185549336481E-18,-0.00923760430703401,0.1102));
#5059=CARTESIAN_POINT('',(0.004,-0.00692820323027552,0.110366666666667));
#5060=CARTESIAN_POINT('',(0.008,-0.004618802153517,0.110533333333333));
#5061=CARTESIAN_POINT('',(0.008,0.,0.1107));
#5062=CARTESIAN_POINT('',(0.00800000000000001,0.004618802153517,0.110866666666667));
#5063=CARTESIAN_POINT('',(0.004,0.00692820323027552,0.111033333333333));
#5064=CARTESIAN_POINT('',(1.06057523872491E-18,0.00923760430703401,0.1112));
#5065=CARTESIAN_POINT('',(-0.004,0.00692820323027552,0.111366666666667));
#5066=CARTESIAN_POINT('',(-0.008,0.004618802153517,0.111533333333333));
#5067=CARTESIAN_POINT('',(-0.008,1.83697019872103E-18,0.1117));
#5068=CARTESIAN_POINT('',(-0.00800000000000001,-0.004618802153517,0.111866666666667));
#5069=CARTESIAN_POINT('',(-0.004,-0.00692820323027551,0.112033333333333));
#5070=CARTESIAN_POINT('',(-2.19185549336481E-18,-0.00923760430703401,0.1122));
#5071=CARTESIAN_POINT('',(0.004,-0.00692820323027552,0.112366666666667));
#5072=CARTESIAN_POINT('',(0.008,-0.004618802153517,0.112533333333333));
#5073=CARTESIAN_POINT('',(0.008,0.,0.1127));
#5074=CARTESIAN_POINT('',(0.00800000000000001,0.004618802153517,0.112866666666667));
#5075=CARTESIAN_POINT('',(0.004,0.00692820323027552,0.113033333333333));
#5076=CARTESIAN_POINT('',(1.06057523872491E-18,0.00923760430703401,0.1132));
#5077=CARTESIAN_POINT('',(-0.004,0.00692820323027552,0.113366666666667));
#5078=CARTESIAN_POINT('',(-0.008,0.004618802153517,0.113533333333333));
#5079=CARTESIAN_POINT('',(-0.008,1.83697019872103E-18,0.1137));
#5080=CARTESIAN_POINT('',(-0.00800000000000001,-0.004618802153517,0.113866666666667));
#5081=CARTESIAN_POINT('',(-0.004,-0.00692820323027551,0.114033333333333));
#5082=CARTESIAN_POINT('',(-2.19185549336481E-18,-0.00923760430703401,0.1142));
#5083=CARTESIAN_POINT('',(0.004,-0.00692820323027552,0.114366666666667));
#5084=CARTESIAN_POINT('',(0.008,-0.004618802153517,0.114533333333333));
#5085=CARTESIAN_POINT('',(0.008,0.,0.1147));
#5086=CARTESIAN_POINT('',(0.00800000000000001,0.004618802153517,0.114866666666667));
#5087=CARTESIAN_POINT('',(0.004,0.00692820323027552,0.115033333333333));
#5088=CARTESIAN_POINT('',(1.06057523872491E-18,0.00923760430703401,0.1152));
#5089=CARTESIAN_POINT('',(-0.004,0.00692820323027552,0.115366666666667));
#5090=CARTESIAN_POINT('',(-0.008,0.004618802153517,0.115533333333333));
#5091=CARTESIAN_POINT('',(-0.008,1.83697019872103E-18,0.1157));
#5092=CARTESIAN_POINT('',(-0.00800000000000001,-0.004618802153517,0.115866666666667));
#5093=CARTESIAN_POINT('',(-0.004,-0.00692820323027551,0.116033333333333));
#5094=CARTESIAN_POINT('',(-2.19185549336481E-18,-0.00923760430703401,0.1162));
#5095=CARTESIAN_POINT('',(0.004,-0.00692820323027552,0.116366666666667));
#5096=CARTESIAN_POINT('',(0.008,-0.004618802153517,0.116533333333333));
#5097=CARTESIAN_POINT('',(0.008,0.,0.1167));
#5098=CARTESIAN_POINT('',(0.00800000000000001,0.004618802153517,0.116866666666667));
#5099=CARTESIAN_POINT('',(0.004,0.00692820323027552,0.117033333333333));
#5100=CARTESIAN_POINT('',(1.06057523872491E-18,0.00923760430703401,0.1172));
#5101=CARTESIAN_POINT('',(-0.004,0.00692820323027552,0.117366666666667));
#5102=CARTESIAN_POINT('',(-0.008,0.004618802153517,0.117533333333333));
#5103=CARTESIAN_POINT('',(-0.008,1.83697019872103E-18,0.1177));
#5104=CARTESIAN_POINT('',(-0.00800000000000001,-0.004618802153517,0.117866666666667));
#5105=CARTESIAN_POINT('',(-0.004,-0.00692820323027551,0.118033333333333));
#5106=CARTESIAN_POINT('',(-2.19185549336481E-18,-0.00923760430703401,0.1182));
#5107=CARTESIAN_POINT('',(0.004,-0.00692820323027552,0.118366666666667));
#5108=CARTESIAN_POINT('',(0.008,-0.004618802153517,0.118533333333333));
#5109=CARTESIAN_POINT('',(0.008,0.,0.1187));
#5110=CARTESIAN_POINT('',(0.00800000000000001,0.004618802153517,0.118866666666667));
#5111=CARTESIAN_POINT('',(0.004,0.00692820323027552,0.119033333333333));
#5112=CARTESIAN_POINT('',(1.06057523872491E-18,0.00923760430703401,0.1192));
#5113=CARTESIAN_POINT('',(-0.004,0.00692820323027552,0.119366666666667));
#5114=CARTESIAN_POINT('',(-0.008,0.004618802153517,0.119533333333333));
#5115=CARTESIAN_POINT('',(-0.008,1.83697019872103E-18,0.1197));
#5116=CARTESIAN_POINT('',(-0.008,-0.000787212637063768,0.119728406089245));
#5117=CARTESIAN_POINT('',(-0.00784655980758189,-0.00155932651681441,0.11975946401969));
#5118=CARTESIAN_POINT('',(0.00691998372861856,0.0010553791715087,0.094145428252802));
#5119=CARTESIAN_POINT('',(0.00641287439389922,0.00438042901105779,0.0942946250288619));
#5120=CARTESIAN_POINT('',(0.0035,0.00606217782649108,0.0944333333333333));
#5121=CARTESIAN_POINT('',(9.89870222809914E-19,0.00808290376865476,0.0946));
#5122=CARTESIAN_POINT('',(-0.0035,0.00606217782649108,0.0947666666666666));
#5123=CARTESIAN_POINT('',(-0.00700000000000001,0.00404145188432738,0.0949333333333333));
#5124=CARTESIAN_POINT('',(-0.007,1.71450551880629E-18,0.0951));
#5125=CARTESIAN_POINT('',(-0.00700000000000001,-0.00404145188432738,0.0952666666666666));
#5126=CARTESIAN_POINT('',(-0.0035,-0.00606217782649107,0.0954333333333333));
#5127=CARTESIAN_POINT('',(-1.97974044561983E-18,-0.00808290376865476,0.0955999999999999));
#5128=CARTESIAN_POINT('',(0.0035,-0.00606217782649108,0.0957666666666666));
#5129=CARTESIAN_POINT('',(0.00700000000000001,-0.00404145188432738,0.0959333333333332));
#5130=CARTESIAN_POINT('',(0.007,0.,0.0961));
#5131=CARTESIAN_POINT('',(0.00700000000000001,0.00404145188432738,0.0962666666666667));
#5132=CARTESIAN_POINT('',(0.0035,0.00606217782649108,0.0964333333333333));
#5133=CARTESIAN_POINT('',(9.89870222809914E-19,0.00808290376865476,0.0966));
#5134=CARTESIAN_POINT('',(-0.0035,0.00606217782649108,0.0967666666666666));
#5135=CARTESIAN_POINT('',(-0.00700000000000001,0.00404145188432738,0.0969333333333333));
#5136=CARTESIAN_POINT('',(-0.007,1.71450551880629E-18,0.0971));
#5137=CARTESIAN_POINT('',(-0.00700000000000001,-0.00404145188432738,0.0972666666666666));
#5138=CARTESIAN_POINT('',(-0.0035,-0.00606217782649107,0.0974333333333333));
#5139=CARTESIAN_POINT('',(-1.97974044561983E-18,-0.00808290376865476,0.0976));
#5140=CARTESIAN_POINT('',(0.0035,-0.00606217782649108,0.0977666666666666));
#5141=CARTESIAN_POINT('',(0.00700000000000001,-0.00404145188432738,0.0979333333333333));
#5142=CARTESIAN_POINT('',(0.007,0.,0.0981));
#5143=CARTESIAN_POINT('',(0.00700000000000001,0.00404145188432738,0.0982666666666666));
#5144=CARTESIAN_POINT('',(0.0035,0.00606217782649108,0.0984333333333333));
#5145=CARTESIAN_POINT('',(9.89870222809914E-19,0.00808290376865476,0.0985999999999999));
#5146=CARTESIAN_POINT('',(-0.0035,0.00606217782649108,0.0987666666666666));
#5147=CARTESIAN_POINT('',(-0.00700000000000001,0.00404145188432738,0.0989333333333332));
#5148=CARTESIAN_POINT('',(-0.007,1.71450551880629E-18,0.0991));
#5149=CARTESIAN_POINT('',(-0.00700000000000001,-0.00404145188432738,0.0992666666666667));
#5150=CARTESIAN_POINT('',(-0.0035,-0.00606217782649107,0.0994333333333333));
#5151=CARTESIAN_POINT('',(-1.97974044561983E-18,-0.00808290376865476,0.0996));
#5152=CARTESIAN_POINT('',(0.0035,-0.00606217782649108,0.0997666666666666));
#5153=CARTESIAN_POINT('',(0.00700000000000001,-0.00404145188432738,0.0999333333333333));
#5154=CARTESIAN_POINT('',(0.007,0.,0.1001));
#5155=CARTESIAN_POINT('',(0.00700000000000001,0.00404145188432738,0.100266666666667));
#5156=CARTESIAN_POINT('',(0.0035,0.00606217782649108,0.100433333333333));
#5157=CARTESIAN_POINT('',(9.89870222809914E-19,0.00808290376865476,0.1006));
#5158=CARTESIAN_POINT('',(-0.0035,0.00606217782649108,0.100766666666667));
#5159=CARTESIAN_POINT('',(-0.00700000000000001,0.00404145188432738,0.100933333333333));
#5160=CARTESIAN_POINT('',(-0.007,1.71450551880629E-18,0.1011));
#5161=CARTESIAN_POINT('',(-0.00700000000000001,-0.00404145188432738,0.101266666666667));
#5162=CARTESIAN_POINT('',(-0.0035,-0.00606217782649107,0.101433333333333));
#5163=CARTESIAN_POINT('',(-1.97974044561983E-18,-0.00808290376865476,0.1016));
#5164=CARTESIAN_POINT('',(0.0035,-0.00606217782649108,0.101766666666667));
#5165=CARTESIAN_POINT('',(0.00700000000000001,-0.00404145188432738,0.101933333333333));
#5166=CARTESIAN_POINT('',(0.007,0.,0.1021));
#5167=CARTESIAN_POINT('',(0.00700000000000001,0.00404145188432738,0.102266666666667));
#5168=CARTESIAN_POINT('',(0.0035,0.00606217782649108,0.102433333333333));
#5169=CARTESIAN_POINT('',(9.89870222809914E-19,0.00808290376865476,0.1026));
#5170=CARTESIAN_POINT('',(-0.0035,0.00606217782649108,0.102766666666667));
#5171=CARTESIAN_POINT('',(-0.00700000000000001,0.00404145188432738,0.102933333333333));
#5172=CARTESIAN_POINT('',(-0.007,1.71450551880629E-18,0.1031));
#5173=CARTESIAN_POINT('',(-0.00700000000000001,-0.00404145188432738,0.103266666666667));
#5174=CARTESIAN_POINT('',(-0.0035,-0.00606217782649107,0.103433333333333));
#5175=CARTESIAN_POINT('',(-1.97974044561983E-18,-0.00808290376865476,0.1036));
#5176=CARTESIAN_POINT('',(0.0035,-0.00606217782649108,0.103766666666667));
#5177=CARTESIAN_POINT('',(0.00700000000000001,-0.00404145188432738,0.103933333333333));
#5178=CARTESIAN_POINT('',(0.007,0.,0.1041));
#5179=CARTESIAN_POINT('',(0.00700000000000001,0.00404145188432738,0.104266666666667));
#5180=CARTESIAN_POINT('',(0.0035,0.00606217782649108,0.104433333333333));
#5181=CARTESIAN_POINT('',(9.89870222809914E-19,0.00808290376865476,0.1046));
#5182=CARTESIAN_POINT('',(-0.0035,0.00606217782649108,0.104766666666667));
#5183=CARTESIAN_POINT('',(-0.00700000000000001,0.00404145188432738,0.104933333333333));
#5184=CARTESIAN_POINT('',(-0.007,1.71450551880629E-18,0.1051));
#5185=CARTESIAN_POINT('',(-0.00700000000000001,-0.00404145188432738,0.105266666666667));
#5186=CARTESIAN_POINT('',(-0.0035,-0.00606217782649107,0.105433333333333));
#5187=CARTESIAN_POINT('',(-1.97974044561983E-18,-0.00808290376865476,0.1056));
#5188=CARTESIAN_POINT('',(0.0035,-0.00606217782649108,0.105766666666667));
#5189=CARTESIAN_POINT('',(0.00700000000000001,-0.00404145188432738,0.105933333333333));
#5190=CARTESIAN_POINT('',(0.007,0.,0.1061));
#5191=CARTESIAN_POINT('',(0.00700000000000001,0.00404145188432738,0.106266666666667));
#5192=CARTESIAN_POINT('',(0.0035,0.00606217782649108,0.106433333333333));
#5193=CARTESIAN_POINT('',(9.89870222809914E-19,0.00808290376865476,0.1066));
#5194=CARTESIAN_POINT('',(-0.0035,0.00606217782649108,0.106766666666667));
#5195=CARTESIAN_POINT('',(-0.00700000000000001,0.00404145188432738,0.106933333333333));
#5196=CARTESIAN_POINT('',(-0.007,1.71450551880629E-18,0.1071));
#5197=CARTESIAN_POINT('',(-0.00700000000000001,-0.00404145188432738,0.107266666666667));
#5198=CARTESIAN_POINT('',(-0.0035,-0.00606217782649107,0.107433333333333));
#5199=CARTESIAN_POINT('',(-1.97974044561983E-18,-0.00808290376865476,0.1076));
#5200=CARTESIAN_POINT('',(0.0035,-0.00606217782649108,0.107766666666667));
#5201=CARTESIAN_POINT('',(0.00700000000000001,-0.00404145188432738,0.107933333333333));
#5202=CARTESIAN_POINT('',(0.007,0.,0.1081));
#5203=CARTESIAN_POINT('',(0.00700000000000001,0.00404145188432738,0.108266666666667));
#5204=CARTESIAN_POINT('',(0.0035,0.00606217782649108,0.108433333333333));
#5205=CARTESIAN_POINT('',(9.89870222809914E-19,0.00808290376865476,0.1086));
#5206=CARTESIAN_POINT('',(-0.0035,0.00606217782649108,0.108766666666667));
#5207=CARTESIAN_POINT('',(-0.00700000000000001,0.00404145188432738,0.108933333333333));
#5208=CARTESIAN_POINT('',(-0.007,1.71450551880629E-18,0.1091));
#5209=CARTESIAN_POINT('',(-0.00700000000000001,-0.00404145188432738,0.109266666666667));
#5210=CARTESIAN_POINT('',(-0.0035,-0.00606217782649107,0.109433333333333));
#5211=CARTESIAN_POINT('',(-1.97974044561983E-18,-0.00808290376865476,0.1096));
#5212=CARTESIAN_POINT('',(0.0035,-0.00606217782649108,0.109766666666667));
#5213=CARTESIAN_POINT('',(0.00700000000000001,-0.00404145188432738,0.109933333333333));
#5214=CARTESIAN_POINT('',(0.007,0.,0.1101));
#5215=CARTESIAN_POINT('',(0.00700000000000001,0.00404145188432738,0.110266666666667));
#5216=CARTESIAN_POINT('',(0.0035,0.00606217782649108,0.110433333333333));
#5217=CARTESIAN_POINT('',(9.89870222809914E-19,0.00808290376865476,0.1106));
#5218=CARTESIAN_POINT('',(-0.0035,0.00606217782649108,0.110766666666667));
#5219=CARTESIAN_POINT('',(-0.00700000000000001,0.00404145188432738,0.110933333333333));
#5220=CARTESIAN_POINT('',(-0.007,1.71450551880629E-18,0.1111));
#5221=CARTESIAN_POINT('',(-0.00700000000000001,-0.00404145188432738,0.111266666666667));
#5222=CARTESIAN_POINT('',(-0.0035,-0.00606217782649107,0.111433333333333));
#5223=CARTESIAN_POINT('',(-1.97974044561983E-18,-0.00808290376865476,0.1116));
#5224=CARTESIAN_POINT('',(0.0035,-0.00606217782649108,0.111766666666667));
#5225=CARTESIAN_POINT('',(0.00700000000000001,-0.00404145188432738,0.111933333333333));
#5226=CARTESIAN_POINT('',(0.007,0.,0.1121));
#5227=CARTESIAN_POINT('',(0.00700000000000001,0.00404145188432738,0.112266666666667));
#5228=CARTESIAN_POINT('',(0.0035,0.00606217782649108,0.112433333333333));
#5229=CARTESIAN_POINT('',(9.89870222809914E-19,0.00808290376865476,0.1126));
#5230=CARTESIAN_POINT('',(-0.0035,0.00606217782649108,0.112766666666667));
#5231=CARTESIAN_POINT('',(-0.00700000000000001,0.00404145188432738,0.112933333333333));
#5232=CARTESIAN_POINT('',(-0.007,1.71450551880629E-18,0.1131));
#5233=CARTESIAN_POINT('',(-0.00700000000000001,-0.00404145188432738,0.113266666666667));
#5234=CARTESIAN_POINT('',(-0.0035,-0.00606217782649107,0.113433333333333));
#5235=CARTESIAN_POINT('',(-1.97974044561983E-18,-0.00808290376865476,0.1136));
#5236=CARTESIAN_POINT('',(0.0035,-0.00606217782649108,0.113766666666667));
#5237=CARTESIAN_POINT('',(0.00700000000000001,-0.00404145188432738,0.113933333333333));
#5238=CARTESIAN_POINT('',(0.007,0.,0.1141));
#5239=CARTESIAN_POINT('',(0.00700000000000001,0.00404145188432738,0.114266666666667));
#5240=CARTESIAN_POINT('',(0.0035,0.00606217782649108,0.114433333333333));
#5241=CARTESIAN_POINT('',(9.89870222809914E-19,0.00808290376865476,0.1146));
#5242=CARTESIAN_POINT('',(-0.0035,0.00606217782649108,0.114766666666667));
#5243=CARTESIAN_POINT('',(-0.00700000000000001,0.00404145188432738,0.114933333333333));
#5244=CARTESIAN_POINT('',(-0.007,1.71450551880629E-18,0.1151));
#5245=CARTESIAN_POINT('',(-0.00700000000000001,-0.00404145188432738,0.115266666666667));
#5246=CARTESIAN_POINT('',(-0.0035,-0.00606217782649107,0.115433333333333));
#5247=CARTESIAN_POINT('',(-1.97974044561983E-18,-0.00808290376865476,0.1156));
#5248=CARTESIAN_POINT('',(0.0035,-0.00606217782649108,0.115766666666667));
#5249=CARTESIAN_POINT('',(0.00700000000000001,-0.00404145188432738,0.115933333333333));
#5250=CARTESIAN_POINT('',(0.007,0.,0.1161));
#5251=CARTESIAN_POINT('',(0.00700000000000001,0.00404145188432738,0.116266666666666));
#5252=CARTESIAN_POINT('',(0.0035,0.00606217782649108,0.116433333333333));
#5253=CARTESIAN_POINT('',(9.89870222809914E-19,0.00808290376865476,0.1166));
#5254=CARTESIAN_POINT('',(-0.0035,0.00606217782649108,0.116766666666667));
#5255=CARTESIAN_POINT('',(-0.00700000000000001,0.00404145188432738,0.116933333333333));
#5256=CARTESIAN_POINT('',(-0.007,1.71450551880629E-18,0.1171));
#5257=CARTESIAN_POINT('',(-0.00700000000000001,-0.00404145188432738,0.117266666666667));
#5258=CARTESIAN_POINT('',(-0.0035,-0.00606217782649107,0.117433333333333));
#5259=CARTESIAN_POINT('',(-1.97974044561983E-18,-0.00808290376865476,0.1176));
#5260=CARTESIAN_POINT('',(0.0035,-0.00606217782649108,0.117766666666667));
#5261=CARTESIAN_POINT('',(0.00700000000000001,-0.00404145188432738,0.117933333333333));
#5262=CARTESIAN_POINT('',(0.007,0.,0.1181));
#5263=CARTESIAN_POINT('',(0.00700000000000001,0.00404145188432738,0.118266666666667));
#5264=CARTESIAN_POINT('',(0.0035,0.00606217782649108,0.118433333333333));
#5265=CARTESIAN_POINT('',(9.89870222809914E-19,0.00808290376865476,0.1186));
#5266=CARTESIAN_POINT('',(-0.0035,0.00606217782649108,0.118766666666667));
#5267=CARTESIAN_POINT('',(-0.00700000000000001,0.00404145188432738,0.118933333333333));
#5268=CARTESIAN_POINT('',(-0.007,1.71450551880629E-18,0.1191));
#5269=CARTESIAN_POINT('',(-0.007,-0.000688811057430796,0.119128406089245));
#5270=CARTESIAN_POINT('',(-0.00686573983163415,-0.00136441070221261,0.11915946401969));
#5271=CARTESIAN_POINT('',(0.00649347517584541,0.00467277007145435,0.0949));
#5272=CARTESIAN_POINT('',(0.00572914423254864,0.00559367871638104,0.0949));
#5273=CARTESIAN_POINT('',(0.00381513088303754,0.00707768334199142,0.0949000000000001));
#5274=CARTESIAN_POINT('',(0.000238128579256941,0.00780359556700564,0.0949));
#5275=CARTESIAN_POINT('',(-0.00329421205770053,0.00679274366749722,0.0949000000000001));
#5276=CARTESIAN_POINT('',(-0.00506021718076491,0.00511404224903058,0.0949));
#5277=CARTESIAN_POINT('',(-0.00568179077886506,0.00408867381252211,0.0949));
#5278=CARTESIAN_POINT('',(-0.00568179077886497,0.00408867381252222,0.0949));
#5279=CARTESIAN_POINT('',(0.007,0.,0.0941));
#5280=CARTESIAN_POINT('',(0.007,0.00404145188432738,0.0942666666666666));
#5281=CARTESIAN_POINT('',(0.0035,0.00606217782649107,0.0944333333333333));
#5282=CARTESIAN_POINT('',(9.89870222809912E-19,0.00808290376865476,0.0946));
#5283=CARTESIAN_POINT('',(-0.0035,0.00606217782649107,0.0947666666666667));
#5284=CARTESIAN_POINT('',(-0.007,0.00404145188432738,0.0949333333333333));
#5285=CARTESIAN_POINT('',(-0.007,1.71450551880629E-18,0.0951));
#5286=CARTESIAN_POINT('',(-0.007,-0.00404145188432738,0.0952666666666666));
#5287=CARTESIAN_POINT('',(-0.0035,-0.00606217782649107,0.0954333333333333));
#5288=CARTESIAN_POINT('',(-1.97974044561983E-18,-0.00808290376865476,0.0955999999999999));
#5289=CARTESIAN_POINT('',(0.0035,-0.00606217782649107,0.0957666666666667));
#5290=CARTESIAN_POINT('',(0.007,-0.00404145188432738,0.0959333333333334));
#5291=CARTESIAN_POINT('',(0.007,-1.71450551880629E-18,0.0961));
#5292=CARTESIAN_POINT('',(0.007,0.00404145188432738,0.0962666666666667));
#5293=CARTESIAN_POINT('',(0.0035,0.00606217782649107,0.0964333333333333));
#5294=CARTESIAN_POINT('',(1.01486713642617E-17,0.00808290376865476,0.0966));
#5295=CARTESIAN_POINT('',(-0.0035,0.00606217782649108,0.0967666666666667));
#5296=CARTESIAN_POINT('',(-0.007,0.00404145188432738,0.0969333333333333));
#5297=CARTESIAN_POINT('',(-0.007,3.42901103761259E-18,0.0971));
#5298=CARTESIAN_POINT('',(-0.007,-0.00404145188432738,0.0972666666666666));
#5299=CARTESIAN_POINT('',(-0.0035,-0.00606217782649106,0.0974333333333333));
#5300=CARTESIAN_POINT('',(-3.95948089123965E-18,-0.00808290376865476,0.0976));
#5301=CARTESIAN_POINT('',(0.0035,-0.00606217782649108,0.0977666666666667));
#5302=CARTESIAN_POINT('',(0.007,-0.00404145188432738,0.0979333333333333));
#5303=CARTESIAN_POINT('',(0.007,-3.42901103761259E-18,0.0981));
#5304=CARTESIAN_POINT('',(0.007,0.00404145188432738,0.0982666666666666));
#5305=CARTESIAN_POINT('',(0.0035,0.00606217782649107,0.0984333333333333));
#5306=CARTESIAN_POINT('',(1.93074725057135E-17,0.00808290376865476,0.0986));
#5307=CARTESIAN_POINT('',(-0.0035,0.00606217782649108,0.0987666666666667));
#5308=CARTESIAN_POINT('',(-0.00699999999999999,0.00404145188432738,0.0989333333333333));
#5309=CARTESIAN_POINT('',(-0.007,1.75780144322206E-17,0.0991));
#5310=CARTESIAN_POINT('',(-0.00700000000000001,-0.00404145188432738,0.0992666666666667));
#5311=CARTESIAN_POINT('',(-0.0035,-0.00606217782649106,0.0994333333333333));
#5312=CARTESIAN_POINT('',(-2.02973427285234E-17,-0.00808290376865476,0.0996));
#5313=CARTESIAN_POINT('',(0.0035,-0.00606217782649108,0.0997666666666667));
#5314=CARTESIAN_POINT('',(0.00699999999999999,-0.00404145188432738,0.0999333333333333));
#5315=CARTESIAN_POINT('',(0.007,-5.14351655641888E-18,0.1001));
#5316=CARTESIAN_POINT('',(0.00700000000000001,0.00404145188432738,0.100266666666667));
#5317=CARTESIAN_POINT('',(0.0035,0.00606217782649106,0.100433333333333));
#5318=CARTESIAN_POINT('',(2.12872129513333E-17,0.00808290376865476,0.1006));
#5319=CARTESIAN_POINT('',(-0.0035,0.00606217782649108,0.100766666666667));
#5320=CARTESIAN_POINT('',(-0.00699999999999999,0.00404145188432738,0.100933333333333));
#5321=CARTESIAN_POINT('',(-0.007,6.85802207522518E-18,0.1011));
#5322=CARTESIAN_POINT('',(-0.00700000000000001,-0.00404145188432738,0.101266666666667));
#5323=CARTESIAN_POINT('',(-0.0035,-0.00606217782649106,0.101433333333333));
#5324=CARTESIAN_POINT('',(-2.22770831741433E-17,-0.00808290376865476,0.1016));
#5325=CARTESIAN_POINT('',(0.0035,-0.00606217782649108,0.101766666666667));
#5326=CARTESIAN_POINT('',(0.00699999999999999,-0.00404145188432738,0.101933333333333));
#5327=CARTESIAN_POINT('',(0.007,-6.85802207522518E-18,0.1021));
#5328=CARTESIAN_POINT('',(0.00700000000000001,0.00404145188432738,0.102266666666667));
#5329=CARTESIAN_POINT('',(0.0035,0.00606217782649106,0.102433333333333));
#5330=CARTESIAN_POINT('',(2.32669533969532E-17,0.00808290376865476,0.1026));
#5331=CARTESIAN_POINT('',(-0.0035,0.00606217782649108,0.102766666666667));
#5332=CARTESIAN_POINT('',(-0.00699999999999999,0.00404145188432738,0.102933333333333));
#5333=CARTESIAN_POINT('',(-0.007,3.3441523345635E-17,0.1031));
#5334=CARTESIAN_POINT('',(-0.00700000000000001,-0.00404145188432738,0.103266666666667));
#5335=CARTESIAN_POINT('',(-0.0035,-0.00606217782649106,0.103433333333333));
#5336=CARTESIAN_POINT('',(-2.42568236197631E-17,-0.00808290376865476,0.1036));
#5337=CARTESIAN_POINT('',(0.0035,-0.00606217782649108,0.103766666666667));
#5338=CARTESIAN_POINT('',(0.00699999999999999,-0.00404145188432738,0.103933333333333));
#5339=CARTESIAN_POINT('',(0.007,-3.3441523345635E-17,0.1041));
#5340=CARTESIAN_POINT('',(0.00700000000000001,0.00404145188432738,0.104266666666667));
#5341=CARTESIAN_POINT('',(0.0035,0.00606217782649106,0.104433333333333));
#5342=CARTESIAN_POINT('',(5.39629366259009E-17,0.00808290376865476,0.1046));
#5343=CARTESIAN_POINT('',(-0.0035,0.00606217782649108,0.104766666666667));
#5344=CARTESIAN_POINT('',(-0.007,0.00404145188432738,0.104933333333333));
#5345=CARTESIAN_POINT('',(-0.007,3.51560288644413E-17,0.1051));
#5346=CARTESIAN_POINT('',(-0.00700000000000001,-0.00404145188432738,0.105266666666667));
#5347=CARTESIAN_POINT('',(-0.0035,-0.00606217782649105,0.105433333333333));
#5348=CARTESIAN_POINT('',(-2.62365640653829E-17,-0.00808290376865476,0.1056));
#5349=CARTESIAN_POINT('',(0.00349999999999995,-0.0060621778264911,0.105766666666667));
#5350=CARTESIAN_POINT('',(0.00699999999999999,-0.00404145188432738,0.105933333333333));
#5351=CARTESIAN_POINT('',(0.007,-1.02870331128378E-17,0.1061));
#5352=CARTESIAN_POINT('',(0.00700000000000002,0.00404145188432734,0.106266666666667));
#5353=CARTESIAN_POINT('',(0.0035,0.00606217782649106,0.106433333333333));
#5354=CARTESIAN_POINT('',(5.59426770715207E-17,0.00808290376865476,0.1066));
#5355=CARTESIAN_POINT('',(-0.0035,0.00606217782649109,0.106766666666667));
#5356=CARTESIAN_POINT('',(-0.007,0.00404145188432738,0.106933333333333));
#5357=CARTESIAN_POINT('',(-0.007,3.68705343832475E-17,0.1071));
#5358=CARTESIAN_POINT('',(-0.00700000000000001,-0.00404145188432738,0.107266666666667));
#5359=CARTESIAN_POINT('',(-0.0035,-0.00606217782649105,0.107433333333333));
#5360=CARTESIAN_POINT('',(-2.82163045110027E-17,-0.00808290376865476,0.1076));
#5361=CARTESIAN_POINT('',(0.00349999999999995,-0.0060621778264911,0.107766666666667));
#5362=CARTESIAN_POINT('',(0.00699999999999999,-0.00404145188432738,0.107933333333333));
#5363=CARTESIAN_POINT('',(0.007,-1.20015386316441E-17,0.1081));
#5364=CARTESIAN_POINT('',(0.00700000000000002,0.00404145188432734,0.108266666666667));
#5365=CARTESIAN_POINT('',(0.0035,0.00606217782649106,0.108433333333333));
#5366=CARTESIAN_POINT('',(5.79224175171405E-17,0.00808290376865476,0.1086));
#5367=CARTESIAN_POINT('',(-0.0035,0.00606217782649109,0.108766666666667));
#5368=CARTESIAN_POINT('',(-0.00699999999999996,0.00404145188432744,0.108933333333333));
#5369=CARTESIAN_POINT('',(-0.007,3.85850399020538E-17,0.1091));
#5370=CARTESIAN_POINT('',(-0.00700000000000001,-0.00404145188432738,0.109266666666667));
#5371=CARTESIAN_POINT('',(-0.0035,-0.00606217782649105,0.109433333333333));
#5372=CARTESIAN_POINT('',(-3.01960449566225E-17,-0.00808290376865476,0.1096));
#5373=CARTESIAN_POINT('',(0.00349999999999995,-0.0060621778264911,0.109766666666667));
#5374=CARTESIAN_POINT('',(0.00699999999999997,-0.00404145188432738,0.109933333333333));
#5375=CARTESIAN_POINT('',(0.007,-1.37160441504504E-17,0.1101));
#5376=CARTESIAN_POINT('',(0.00700000000000002,0.00404145188432734,0.110266666666667));
#5377=CARTESIAN_POINT('',(0.0035,0.00606217782649106,0.110433333333333));
#5378=CARTESIAN_POINT('',(5.99021579627604E-17,0.00808290376865476,0.1106));
#5379=CARTESIAN_POINT('',(-0.0035,0.00606217782649109,0.110766666666667));
#5380=CARTESIAN_POINT('',(-0.00699999999999996,0.00404145188432744,0.110933333333333));
#5381=CARTESIAN_POINT('',(-0.007,4.02995454208601E-17,0.1111));
#5382=CARTESIAN_POINT('',(-0.00700000000000001,-0.00404145188432738,0.111266666666667));
#5383=CARTESIAN_POINT('',(-0.00350000000000005,-0.00606217782649105,0.111433333333333));
#5384=CARTESIAN_POINT('',(-3.21757854022424E-17,-0.00808290376865476,0.1116));
#5385=CARTESIAN_POINT('',(0.00349999999999995,-0.0060621778264911,0.111766666666667));
#5386=CARTESIAN_POINT('',(0.00699999999999997,-0.00404145188432738,0.111933333333333));
#5387=CARTESIAN_POINT('',(0.007,-6.51685411724637E-17,0.1121));
#5388=CARTESIAN_POINT('',(0.00700000000000002,0.00404145188432733,0.112266666666667));
#5389=CARTESIAN_POINT('',(0.0035,0.00606217782649106,0.112433333333333));
#5390=CARTESIAN_POINT('',(6.18818984083802E-17,0.00808290376865476,0.1126));
#5391=CARTESIAN_POINT('',(-0.0035,0.00606217782649109,0.112766666666667));
#5392=CARTESIAN_POINT('',(-0.00699999999999996,0.00404145188432744,0.112933333333333));
#5393=CARTESIAN_POINT('',(-0.007,4.20140509396664E-17,0.1131));
#5394=CARTESIAN_POINT('',(-0.00700000000000004,-0.00404145188432731,0.113266666666667));
#5395=CARTESIAN_POINT('',(-0.00350000000000005,-0.00606217782649104,0.113433333333333));
#5396=CARTESIAN_POINT('',(-3.41555258478622E-17,-0.00808290376865476,0.1136));
#5397=CARTESIAN_POINT('',(0.00349999999999995,-0.0060621778264911,0.113766666666667));
#5398=CARTESIAN_POINT('',(0.00699999999999997,-0.00404145188432738,0.113933333333333));
#5399=CARTESIAN_POINT('',(0.007,-6.688304669127E-17,0.1141));
#5400=CARTESIAN_POINT('',(0.00700000000000002,0.00404145188432733,0.114266666666667));
#5401=CARTESIAN_POINT('',(0.0035,0.00606217782649106,0.114433333333333));
#5402=CARTESIAN_POINT('',(6.3861638854E-17,0.00808290376865476,0.1146));
#5403=CARTESIAN_POINT('',(-0.0035,0.00606217782649109,0.114766666666667));
#5404=CARTESIAN_POINT('',(-0.00699999999999999,0.00404145188432738,0.114933333333333));
#5405=CARTESIAN_POINT('',(-0.007,9.34665479616798E-17,0.1151));
#5406=CARTESIAN_POINT('',(-0.00700000000000004,-0.0040414518843273,0.115266666666667));
#5407=CARTESIAN_POINT('',(-0.00350000000000005,-0.00606217782649104,0.115433333333333));
#5408=CARTESIAN_POINT('',(-3.6135266293482E-17,-0.00808290376865476,0.1156));
#5409=CARTESIAN_POINT('',(0.0035,-0.00606217782649108,0.115766666666667));
#5410=CARTESIAN_POINT('',(0.00699999999999995,-0.00404145188432747,0.115933333333333));
#5411=CARTESIAN_POINT('',(0.007,-6.85975522100763E-17,0.1161));
#5412=CARTESIAN_POINT('',(0.00700000000000002,0.00404145188432733,0.116266666666666));
#5413=CARTESIAN_POINT('',(0.0035,0.00606217782649106,0.116433333333333));
#5414=CARTESIAN_POINT('',(8.40889373296405E-18,0.00808290376865476,0.1166));
#5415=CARTESIAN_POINT('',(-0.00349999999999993,0.00606217782649111,0.116766666666667));
#5416=CARTESIAN_POINT('',(-0.00699999999999996,0.00404145188432745,0.116933333333333));
#5417=CARTESIAN_POINT('',(-0.007,4.5443061977279E-17,0.1171));
#5418=CARTESIAN_POINT('',(-0.00700000000000001,-0.00404145188432738,0.117266666666667));
#5419=CARTESIAN_POINT('',(-0.00350000000000009,-0.00606217782649102,0.117433333333333));
#5420=CARTESIAN_POINT('',(-9.55474923057576E-17,-0.00808290376865476,0.1176));
#5421=CARTESIAN_POINT('',(0.00349999999999994,-0.0060621778264911,0.117766666666667));
#5422=CARTESIAN_POINT('',(0.00699999999999997,-0.00404145188432738,0.117933333333333));
#5423=CARTESIAN_POINT('',(0.007,-2.05740662256755E-17,0.1181));
#5424=CARTESIAN_POINT('',(0.00700000000000006,0.00404145188432728,0.118266666666667));
#5425=CARTESIAN_POINT('',(0.00350000000000007,0.00606217782649103,0.118433333333333));
#5426=CARTESIAN_POINT('',(6.78211197452396E-17,0.00808290376865476,0.1186));
#5427=CARTESIAN_POINT('',(-0.00349999999999996,0.00606217782649109,0.118766666666667));
#5428=CARTESIAN_POINT('',(-0.00699999999999999,0.00404145188432738,0.118933333333333));
#5429=CARTESIAN_POINT('',(-0.007,9.68955589992924E-17,0.1191));
#5430=CARTESIAN_POINT('',(-0.00700000000000004,-0.0040414518843273,0.119266666666667));
#5431=CARTESIAN_POINT('',(-0.00350000000000005,-0.00606217782649104,0.119433333333333));
#5432=CARTESIAN_POINT('',(-4.00947471847217E-17,-0.00808290376865476,0.1196));
#5433=CARTESIAN_POINT('',(0.0035,-0.00606217782649108,0.119766666666667));
#5434=CARTESIAN_POINT('',(0.00699999999999994,-0.00404145188432747,0.119933333333333));
#5435=CARTESIAN_POINT('',(0.007,-7.20265632476889E-17,0.1201));
#5436=CARTESIAN_POINT('',(-0.00676369114320208,0.00180346392239209,0.11902));
#5437=CARTESIAN_POINT('',(-0.00143999999999975,-0.00786933288150913,0.11814));
#5438=CARTESIAN_POINT('',(4.31819275068062E-06,-0.00809249810861693,0.118175602241166));
#5439=CARTESIAN_POINT('',(0.00296496409041238,-0.00773395645035441,0.118248404241087));
#5440=CARTESIAN_POINT('',(0.00652343722812917,-0.00493900691149401,0.118346547859741));
#5441=CARTESIAN_POINT('',(0.00802903375971246,-0.000683706691965298,0.118459147476348));
#5442=CARTESIAN_POINT('',(0.00702300724802453,0.00372389322329981,0.118563732872041));
#5443=CARTESIAN_POINT('',(0.00375082789897452,0.00687424739383769,0.118674195838489));
#5444=CARTESIAN_POINT('',(-0.000712528778021672,0.00767425429436292,0.118789630198148));
#5445=CARTESIAN_POINT('',(-0.00486567533787281,0.00582774537362271,0.118897099510398));
#5446=CARTESIAN_POINT('',(-0.00643082659812995,0.00322818384765361,0.118980018078827));
#5447=CARTESIAN_POINT('',(-0.00676369114320196,0.00180346392239253,0.11902));
#5448=CARTESIAN_POINT('',(0.,1.7347234759768E-18,0.1199));
#5449=CARTESIAN_POINT('',(0.,2.47225572577872E-19,0.1199));
#5450=CARTESIAN_POINT('',(0.0040375,2.47225572577872E-19,0.1199));
#5451=CARTESIAN_POINT('',(0.,2.47225572577872E-19,0.1199));
#5452=CARTESIAN_POINT('',(0.006,2.47225572577872E-19,0.1199));
#5453=CARTESIAN_POINT('',(0.,4.28626379701574E-19,0.1199));
#5454=CARTESIAN_POINT('',(0.007,0.,0.0957));
#5455=CARTESIAN_POINT('',(0.00700000000000001,0.00404145188432738,0.0958666666666667));
#5456=CARTESIAN_POINT('',(0.0035,0.00606217782649108,0.0960333333333334));
#5457=CARTESIAN_POINT('',(9.89870222809914E-19,0.00808290376865476,0.0962));
#5458=CARTESIAN_POINT('',(-0.0035,0.00606217782649108,0.0963666666666667));
#5459=CARTESIAN_POINT('',(-0.00700000000000001,0.00404145188432738,0.0965333333333333));
#5460=CARTESIAN_POINT('',(-0.007,1.71450551880629E-18,0.0967));
#5461=CARTESIAN_POINT('',(-0.00700000000000002,-0.00404145188432738,0.0968666666666666));
#5462=CARTESIAN_POINT('',(-0.0035,-0.00606217782649108,0.0970333333333334));
#5463=CARTESIAN_POINT('',(-1.97974044561983E-18,-0.00808290376865476,0.0972000000000001));
#5464=CARTESIAN_POINT('',(0.0035,-0.00606217782649109,0.0973666666666667));
#5465=CARTESIAN_POINT('',(0.00700000000000001,-0.00404145188432738,0.0975333333333334));
#5466=CARTESIAN_POINT('',(0.007,-1.7145055188063E-18,0.0977));
#5467=CARTESIAN_POINT('',(0.00700000000000002,0.00404145188432738,0.0978666666666667));
#5468=CARTESIAN_POINT('',(0.0035,0.00606217782649108,0.0980333333333334));
#5469=CARTESIAN_POINT('',(1.01486713642617E-17,0.00808290376865476,0.0982));
#5470=CARTESIAN_POINT('',(-0.0035,0.00606217782649109,0.0983666666666667));
#5471=CARTESIAN_POINT('',(-0.00700000000000001,0.00404145188432738,0.0985333333333333));
#5472=CARTESIAN_POINT('',(-0.007,3.42901103761259E-18,0.0987));
#5473=CARTESIAN_POINT('',(-0.00700000000000002,-0.00404145188432738,0.0988666666666666));
#5474=CARTESIAN_POINT('',(-0.0035,-0.00606217782649108,0.0990333333333334));
#5475=CARTESIAN_POINT('',(-3.95948089123966E-18,-0.00808290376865476,0.0992000000000001));
#5476=CARTESIAN_POINT('',(0.0035,-0.00606217782649109,0.0993666666666667));
#5477=CARTESIAN_POINT('',(0.00700000000000001,-0.00404145188432738,0.0995333333333334));
#5478=CARTESIAN_POINT('',(0.007,-3.42901103761259E-18,0.0997));
#5479=CARTESIAN_POINT('',(0.00700000000000002,0.00404145188432738,0.0998666666666667));
#5480=CARTESIAN_POINT('',(0.0035,0.00606217782649108,0.100033333333333));
#5481=CARTESIAN_POINT('',(1.93074725057135E-17,0.00808290376865476,0.1002));
#5482=CARTESIAN_POINT('',(-0.0035,0.00606217782649109,0.100366666666667));
#5483=CARTESIAN_POINT('',(-0.00700000000000001,0.00404145188432738,0.100533333333333));
#5484=CARTESIAN_POINT('',(-0.007,1.75780144322206E-17,0.1007));
#5485=CARTESIAN_POINT('',(-0.00700000000000002,-0.00404145188432738,0.100866666666667));
#5486=CARTESIAN_POINT('',(-0.0035,-0.00606217782649108,0.101033333333333));
#5487=CARTESIAN_POINT('',(-2.02973427285234E-17,-0.00808290376865476,0.1012));
#5488=CARTESIAN_POINT('',(0.0035,-0.00606217782649109,0.101366666666667));
#5489=CARTESIAN_POINT('',(0.007,-0.00404145188432738,0.101533333333333));
#5490=CARTESIAN_POINT('',(0.007,-5.14351655641889E-18,0.1017));
#5491=CARTESIAN_POINT('',(0.00700000000000002,0.00404145188432738,0.101866666666667));
#5492=CARTESIAN_POINT('',(0.0035,0.00606217782649108,0.102033333333333));
#5493=CARTESIAN_POINT('',(2.12872129513333E-17,0.00808290376865476,0.1022));
#5494=CARTESIAN_POINT('',(-0.0035,0.0060621778264911,0.102366666666667));
#5495=CARTESIAN_POINT('',(-0.007,0.00404145188432738,0.102533333333333));
#5496=CARTESIAN_POINT('',(-0.007,6.85802207522519E-18,0.1027));
#5497=CARTESIAN_POINT('',(-0.00700000000000002,-0.00404145188432738,0.102866666666667));
#5498=CARTESIAN_POINT('',(-0.0035,-0.00606217782649108,0.103033333333333));
#5499=CARTESIAN_POINT('',(-2.22770831741433E-17,-0.00808290376865476,0.1032));
#5500=CARTESIAN_POINT('',(0.0035,-0.00606217782649109,0.103366666666667));
#5501=CARTESIAN_POINT('',(0.007,-0.00404145188432738,0.103533333333333));
#5502=CARTESIAN_POINT('',(0.007,-6.85802207522519E-18,0.1037));
#5503=CARTESIAN_POINT('',(0.00700000000000002,0.00404145188432738,0.103866666666667));
#5504=CARTESIAN_POINT('',(0.0035,0.00606217782649108,0.104033333333333));
#5505=CARTESIAN_POINT('',(2.32669533969532E-17,0.00808290376865476,0.1042));
#5506=CARTESIAN_POINT('',(-0.0035,0.0060621778264911,0.104366666666667));
#5507=CARTESIAN_POINT('',(-0.007,0.00404145188432738,0.104533333333333));
#5508=CARTESIAN_POINT('',(-0.007,3.3441523345635E-17,0.1047));
#5509=CARTESIAN_POINT('',(-0.00700000000000002,-0.00404145188432738,0.104866666666667));
#5510=CARTESIAN_POINT('',(-0.0035,-0.00606217782649107,0.105033333333333));
#5511=CARTESIAN_POINT('',(-2.42568236197631E-17,-0.00808290376865476,0.1052));
#5512=CARTESIAN_POINT('',(0.0035,-0.0060621778264911,0.105366666666667));
#5513=CARTESIAN_POINT('',(0.007,-0.00404145188432738,0.105533333333333));
#5514=CARTESIAN_POINT('',(0.007,-3.3441523345635E-17,0.1057));
#5515=CARTESIAN_POINT('',(0.00700000000000002,0.00404145188432738,0.105866666666667));
#5516=CARTESIAN_POINT('',(0.0035,0.00606217782649107,0.106033333333333));
#5517=CARTESIAN_POINT('',(5.3962936625901E-17,0.00808290376865476,0.1062));
#5518=CARTESIAN_POINT('',(-0.0035,0.0060621778264911,0.106366666666667));
#5519=CARTESIAN_POINT('',(-0.00700000000000001,0.00404145188432738,0.106533333333333));
#5520=CARTESIAN_POINT('',(-0.007,3.51560288644413E-17,0.1067));
#5521=CARTESIAN_POINT('',(-0.00700000000000002,-0.00404145188432738,0.106866666666667));
#5522=CARTESIAN_POINT('',(-0.00350000000000005,-0.00606217782649106,0.107033333333333));
#5523=CARTESIAN_POINT('',(-2.62365640653829E-17,-0.00808290376865476,0.1072));
#5524=CARTESIAN_POINT('',(0.00349999999999996,-0.00606217782649111,0.107366666666667));
#5525=CARTESIAN_POINT('',(0.007,-0.00404145188432738,0.107533333333333));
#5526=CARTESIAN_POINT('',(0.007,-1.02870331128378E-17,0.1077));
#5527=CARTESIAN_POINT('',(0.00700000000000003,0.00404145188432738,0.107866666666667));
#5528=CARTESIAN_POINT('',(0.0035,0.00606217782649107,0.108033333333333));
#5529=CARTESIAN_POINT('',(5.59426770715208E-17,0.00808290376865476,0.1082));
#5530=CARTESIAN_POINT('',(-0.0035,0.0060621778264911,0.108366666666667));
#5531=CARTESIAN_POINT('',(-0.00700000000000001,0.00404145188432738,0.108533333333333));
#5532=CARTESIAN_POINT('',(-0.007,3.68705343832476E-17,0.1087));
#5533=CARTESIAN_POINT('',(-0.00700000000000002,-0.00404145188432738,0.108866666666667));
#5534=CARTESIAN_POINT('',(-0.00350000000000005,-0.00606217782649106,0.109033333333333));
#5535=CARTESIAN_POINT('',(-2.82163045110028E-17,-0.00808290376865476,0.1092));
#5536=CARTESIAN_POINT('',(0.00349999999999996,-0.00606217782649111,0.109366666666667));
#5537=CARTESIAN_POINT('',(0.007,-0.00404145188432738,0.109533333333333));
#5538=CARTESIAN_POINT('',(0.007,-1.20015386316441E-17,0.1097));
#5539=CARTESIAN_POINT('',(0.00700000000000003,0.00404145188432738,0.109866666666667));
#5540=CARTESIAN_POINT('',(0.0035,0.00606217782649107,0.110033333333333));
#5541=CARTESIAN_POINT('',(5.79224175171407E-17,0.00808290376865476,0.1102));
#5542=CARTESIAN_POINT('',(-0.0035,0.0060621778264911,0.110366666666667));
#5543=CARTESIAN_POINT('',(-0.00699999999999997,0.00404145188432745,0.110533333333333));
#5544=CARTESIAN_POINT('',(-0.007,3.85850399020539E-17,0.1107));
#5545=CARTESIAN_POINT('',(-0.00700000000000002,-0.00404145188432738,0.110866666666667));
#5546=CARTESIAN_POINT('',(-0.00350000000000005,-0.00606217782649106,0.111033333333333));
#5547=CARTESIAN_POINT('',(-3.01960449566226E-17,-0.00808290376865476,0.1112));
#5548=CARTESIAN_POINT('',(0.00349999999999996,-0.00606217782649111,0.111366666666667));
#5549=CARTESIAN_POINT('',(0.007,-0.00404145188432738,0.111533333333333));
#5550=CARTESIAN_POINT('',(0.007,-1.37160441504504E-17,0.1117));
#5551=CARTESIAN_POINT('',(0.00700000000000004,0.00404145188432738,0.111866666666667));
#5552=CARTESIAN_POINT('',(0.0035,0.00606217782649107,0.112033333333333));
#5553=CARTESIAN_POINT('',(5.99021579627605E-17,0.00808290376865476,0.1122));
#5554=CARTESIAN_POINT('',(-0.0035,0.0060621778264911,0.112366666666667));
#5555=CARTESIAN_POINT('',(-0.00699999999999997,0.00404145188432745,0.112533333333333));
#5556=CARTESIAN_POINT('',(-0.007,4.02995454208602E-17,0.1127));
#5557=CARTESIAN_POINT('',(-0.00700000000000002,-0.00404145188432738,0.112866666666667));
#5558=CARTESIAN_POINT('',(-0.00350000000000005,-0.00606217782649106,0.113033333333333));
#5559=CARTESIAN_POINT('',(-3.21757854022424E-17,-0.00808290376865476,0.1132));
#5560=CARTESIAN_POINT('',(0.00349999999999996,-0.00606217782649111,0.113366666666667));
#5561=CARTESIAN_POINT('',(0.00699999999999999,-0.00404145188432738,0.113533333333333));
#5562=CARTESIAN_POINT('',(0.007,-6.51685411724638E-17,0.1137));
#5563=CARTESIAN_POINT('',(0.00700000000000004,0.00404145188432738,0.113866666666667));
#5564=CARTESIAN_POINT('',(0.0035,0.00606217782649107,0.114033333333333));
#5565=CARTESIAN_POINT('',(6.18818984083803E-17,0.00808290376865476,0.1142));
#5566=CARTESIAN_POINT('',(-0.0035,0.0060621778264911,0.114366666666667));
#5567=CARTESIAN_POINT('',(-0.00699999999999997,0.00404145188432745,0.114533333333333));
#5568=CARTESIAN_POINT('',(-0.007,4.20140509396665E-17,0.1147));
#5569=CARTESIAN_POINT('',(-0.00700000000000006,-0.00404145188432732,0.114866666666667));
#5570=CARTESIAN_POINT('',(-0.00350000000000005,-0.00606217782649106,0.115033333333333));
#5571=CARTESIAN_POINT('',(-3.41555258478622E-17,-0.00808290376865476,0.1152));
#5572=CARTESIAN_POINT('',(0.00349999999999995,-0.00606217782649111,0.115366666666667));
#5573=CARTESIAN_POINT('',(0.00699999999999999,-0.00404145188432738,0.115533333333333));
#5574=CARTESIAN_POINT('',(0.007,-6.68830466912701E-17,0.1157));
#5575=CARTESIAN_POINT('',(0.00700000000000004,0.00404145188432734,0.115866666666667));
#5576=CARTESIAN_POINT('',(0.0035,0.00606217782649107,0.116033333333333));
#5577=CARTESIAN_POINT('',(6.38616388540001E-17,0.00808290376865476,0.1162));
#5578=CARTESIAN_POINT('',(-0.0035,0.0060621778264911,0.116366666666667));
#5579=CARTESIAN_POINT('',(-0.00700000000000001,0.00404145188432738,0.116533333333333));
#5580=CARTESIAN_POINT('',(-0.007,9.34665479616799E-17,0.1167));
#5581=CARTESIAN_POINT('',(-0.00700000000000006,-0.00404145188432732,0.116866666666667));
#5582=CARTESIAN_POINT('',(-0.00350000000000005,-0.00606217782649106,0.117033333333333));
#5583=CARTESIAN_POINT('',(-3.61352662934821E-17,-0.00808290376865476,0.1172));
#5584=CARTESIAN_POINT('',(0.0035,-0.00606217782649109,0.117366666666667));
#5585=CARTESIAN_POINT('',(0.00699999999999996,-0.00404145188432748,0.117533333333333));
#5586=CARTESIAN_POINT('',(0.007,-6.85975522100764E-17,0.1177));
#5587=CARTESIAN_POINT('',(0.00700000000000004,0.00404145188432734,0.117866666666667));
#5588=CARTESIAN_POINT('',(0.0035,0.00606217782649107,0.118033333333333));
#5589=CARTESIAN_POINT('',(8.40889373296407E-18,0.00808290376865476,0.1182));
#5590=CARTESIAN_POINT('',(-0.00349999999999994,0.00606217782649113,0.118366666666667));
#5591=CARTESIAN_POINT('',(-0.00699999999999997,0.00404145188432745,0.118533333333333));
#5592=CARTESIAN_POINT('',(-0.007,4.54430619772791E-17,0.1187));
#5593=CARTESIAN_POINT('',(-0.00700000000000003,-0.00404145188432738,0.118866666666667));
#5594=CARTESIAN_POINT('',(-0.0035000000000001,-0.00606217782649103,0.119033333333333));
#5595=CARTESIAN_POINT('',(-9.55474923057578E-17,-0.00808290376865476,0.1192));
#5596=CARTESIAN_POINT('',(0.00349999999999995,-0.00606217782649111,0.119366666666667));
#5597=CARTESIAN_POINT('',(0.00699999999999999,-0.00404145188432743,0.119533333333333));
#5598=CARTESIAN_POINT('',(0.007,-2.05740662256756E-17,0.1197));
#5599=CARTESIAN_POINT('',(0.00700000000000007,0.00404145188432729,0.119866666666666));
#5600=CARTESIAN_POINT('',(0.00350000000000008,0.00606217782649104,0.120033333333333));
#5601=CARTESIAN_POINT('',(6.78211197452398E-17,0.00808290376865476,0.1202));
#5602=CARTESIAN_POINT('',(-0.0035,0.0060621778264911,0.120366666666667));
#5603=CARTESIAN_POINT('',(-0.007,0.00404145188432738,0.120533333333333));
#5604=CARTESIAN_POINT('',(-0.007,9.68955589992925E-17,0.1207));
#5605=CARTESIAN_POINT('',(-0.00700000000000006,-0.00404145188432731,0.120866666666667));
#5606=CARTESIAN_POINT('',(-0.00350000000000006,-0.00606217782649106,0.121033333333333));
#5607=CARTESIAN_POINT('',(-4.00947471847217E-17,-0.00808290376865476,0.1212));
#5608=CARTESIAN_POINT('',(0.0035,-0.00606217782649109,0.121366666666667));
#5609=CARTESIAN_POINT('',(0.00699999999999996,-0.00404145188432748,0.121533333333333));
#5610=CARTESIAN_POINT('',(0.007,-7.2026563247689E-17,0.1217));
#5611=CARTESIAN_POINT('',(-0.00377272235955088,-0.00589631800344461,0.11902));
#5612=CARTESIAN_POINT('',(0.,2.47225572577872E-19,0.11902));
#5613=CARTESIAN_POINT('',(0.,4.28626379701574E-19,0.0949));
#5614=CARTESIAN_POINT('',(0.,2.47225572577872E-19,0.1199));
#5615=CARTESIAN_POINT('',(0.,2.47225572577872E-19,0.0949));
#5616=CARTESIAN_POINT('',(0.0040375,2.47225572577872E-19,0.0949));
#5617=CARTESIAN_POINT('',(0.007,0.,0.0957));
#5618=CARTESIAN_POINT('',(0.00700000000000001,0.00404145188432738,0.0958666666666667));
#5619=CARTESIAN_POINT('',(0.0035,0.00606217782649108,0.0960333333333334));
#5620=CARTESIAN_POINT('',(9.89870222809914E-19,0.00808290376865476,0.0962));
#5621=CARTESIAN_POINT('',(-0.0035,0.00606217782649108,0.0963666666666667));
#5622=CARTESIAN_POINT('',(-0.00700000000000001,0.00404145188432738,0.0965333333333333));
#5623=CARTESIAN_POINT('',(-0.007,1.71450551880629E-18,0.0967));
#5624=CARTESIAN_POINT('',(-0.00700000000000001,-0.00404145188432738,0.0968666666666666));
#5625=CARTESIAN_POINT('',(-0.0035,-0.00606217782649108,0.0970333333333334));
#5626=CARTESIAN_POINT('',(-1.97974044561983E-18,-0.00808290376865476,0.0972000000000001));
#5627=CARTESIAN_POINT('',(0.0035,-0.00606217782649108,0.0973666666666667));
#5628=CARTESIAN_POINT('',(0.00700000000000001,-0.00404145188432738,0.0975333333333334));
#5629=CARTESIAN_POINT('',(0.007,0.,0.0977));
#5630=CARTESIAN_POINT('',(0.00700000000000001,0.00404145188432738,0.0978666666666667));
#5631=CARTESIAN_POINT('',(0.0035,0.00606217782649108,0.0980333333333334));
#5632=CARTESIAN_POINT('',(9.89870222809914E-19,0.00808290376865476,0.0982));
#5633=CARTESIAN_POINT('',(-0.0035,0.00606217782649108,0.0983666666666667));
#5634=CARTESIAN_POINT('',(-0.00700000000000001,0.00404145188432738,0.0985333333333333));
#5635=CARTESIAN_POINT('',(-0.007,1.71450551880629E-18,0.0987));
#5636=CARTESIAN_POINT('',(-0.00700000000000001,-0.00404145188432738,0.0988666666666666));
#5637=CARTESIAN_POINT('',(-0.0035,-0.00606217782649108,0.0990333333333334));
#5638=CARTESIAN_POINT('',(-1.97974044561983E-18,-0.00808290376865476,0.0992000000000001));
#5639=CARTESIAN_POINT('',(0.0035,-0.00606217782649108,0.0993666666666667));
#5640=CARTESIAN_POINT('',(0.00700000000000001,-0.00404145188432738,0.0995333333333334));
#5641=CARTESIAN_POINT('',(0.007,0.,0.0997));
#5642=CARTESIAN_POINT('',(0.00700000000000001,0.00404145188432738,0.0998666666666667));
#5643=CARTESIAN_POINT('',(0.0035,0.00606217782649108,0.100033333333333));
#5644=CARTESIAN_POINT('',(9.89870222809914E-19,0.00808290376865476,0.1002));
#5645=CARTESIAN_POINT('',(-0.0035,0.00606217782649108,0.100366666666667));
#5646=CARTESIAN_POINT('',(-0.00700000000000001,0.00404145188432738,0.100533333333333));
#5647=CARTESIAN_POINT('',(-0.007,1.71450551880629E-18,0.1007));
#5648=CARTESIAN_POINT('',(-0.00700000000000001,-0.00404145188432738,0.100866666666667));
#5649=CARTESIAN_POINT('',(-0.0035,-0.00606217782649108,0.101033333333333));
#5650=CARTESIAN_POINT('',(-1.97974044561983E-18,-0.00808290376865476,0.1012));
#5651=CARTESIAN_POINT('',(0.0035,-0.00606217782649108,0.101366666666667));
#5652=CARTESIAN_POINT('',(0.00700000000000001,-0.00404145188432738,0.101533333333333));
#5653=CARTESIAN_POINT('',(0.007,0.,0.1017));
#5654=CARTESIAN_POINT('',(0.00700000000000001,0.00404145188432738,0.101866666666667));
#5655=CARTESIAN_POINT('',(0.0035,0.00606217782649108,0.102033333333333));
#5656=CARTESIAN_POINT('',(9.89870222809914E-19,0.00808290376865476,0.1022));
#5657=CARTESIAN_POINT('',(-0.0035,0.00606217782649108,0.102366666666667));
#5658=CARTESIAN_POINT('',(-0.00700000000000001,0.00404145188432738,0.102533333333333));
#5659=CARTESIAN_POINT('',(-0.007,1.71450551880629E-18,0.1027));
#5660=CARTESIAN_POINT('',(-0.00700000000000001,-0.00404145188432738,0.102866666666667));
#5661=CARTESIAN_POINT('',(-0.0035,-0.00606217782649108,0.103033333333333));
#5662=CARTESIAN_POINT('',(-1.97974044561983E-18,-0.00808290376865476,0.1032));
#5663=CARTESIAN_POINT('',(0.0035,-0.00606217782649108,0.103366666666667));
#5664=CARTESIAN_POINT('',(0.00700000000000001,-0.00404145188432738,0.103533333333333));
#5665=CARTESIAN_POINT('',(0.007,0.,0.1037));
#5666=CARTESIAN_POINT('',(0.00700000000000001,0.00404145188432738,0.103866666666667));
#5667=CARTESIAN_POINT('',(0.0035,0.00606217782649108,0.104033333333333));
#5668=CARTESIAN_POINT('',(9.89870222809914E-19,0.00808290376865476,0.1042));
#5669=CARTESIAN_POINT('',(-0.0035,0.00606217782649108,0.104366666666667));
#5670=CARTESIAN_POINT('',(-0.00700000000000001,0.00404145188432738,0.104533333333333));
#5671=CARTESIAN_POINT('',(-0.007,1.71450551880629E-18,0.1047));
#5672=CARTESIAN_POINT('',(-0.00700000000000001,-0.00404145188432738,0.104866666666667));
#5673=CARTESIAN_POINT('',(-0.0035,-0.00606217782649108,0.105033333333333));
#5674=CARTESIAN_POINT('',(-1.97974044561983E-18,-0.00808290376865476,0.1052));
#5675=CARTESIAN_POINT('',(0.0035,-0.00606217782649108,0.105366666666667));
#5676=CARTESIAN_POINT('',(0.00700000000000001,-0.00404145188432738,0.105533333333333));
#5677=CARTESIAN_POINT('',(0.007,0.,0.1057));
#5678=CARTESIAN_POINT('',(0.00700000000000001,0.00404145188432738,0.105866666666667));
#5679=CARTESIAN_POINT('',(0.0035,0.00606217782649108,0.106033333333333));
#5680=CARTESIAN_POINT('',(9.89870222809914E-19,0.00808290376865476,0.1062));
#5681=CARTESIAN_POINT('',(-0.0035,0.00606217782649108,0.106366666666667));
#5682=CARTESIAN_POINT('',(-0.00700000000000001,0.00404145188432738,0.106533333333333));
#5683=CARTESIAN_POINT('',(-0.007,1.71450551880629E-18,0.1067));
#5684=CARTESIAN_POINT('',(-0.00700000000000001,-0.00404145188432738,0.106866666666667));
#5685=CARTESIAN_POINT('',(-0.0035,-0.00606217782649108,0.107033333333333));
#5686=CARTESIAN_POINT('',(-1.97974044561983E-18,-0.00808290376865476,0.1072));
#5687=CARTESIAN_POINT('',(0.0035,-0.00606217782649108,0.107366666666667));
#5688=CARTESIAN_POINT('',(0.00700000000000001,-0.00404145188432738,0.107533333333333));
#5689=CARTESIAN_POINT('',(0.007,0.,0.1077));
#5690=CARTESIAN_POINT('',(0.00700000000000001,0.00404145188432738,0.107866666666667));
#5691=CARTESIAN_POINT('',(0.0035,0.00606217782649108,0.108033333333333));
#5692=CARTESIAN_POINT('',(9.89870222809914E-19,0.00808290376865476,0.1082));
#5693=CARTESIAN_POINT('',(-0.0035,0.00606217782649108,0.108366666666667));
#5694=CARTESIAN_POINT('',(-0.00700000000000001,0.00404145188432738,0.108533333333333));
#5695=CARTESIAN_POINT('',(-0.007,1.71450551880629E-18,0.1087));
#5696=CARTESIAN_POINT('',(-0.00700000000000001,-0.00404145188432738,0.108866666666667));
#5697=CARTESIAN_POINT('',(-0.0035,-0.00606217782649108,0.109033333333333));
#5698=CARTESIAN_POINT('',(-1.97974044561983E-18,-0.00808290376865476,0.1092));
#5699=CARTESIAN_POINT('',(0.0035,-0.00606217782649108,0.109366666666667));
#5700=CARTESIAN_POINT('',(0.00700000000000001,-0.00404145188432738,0.109533333333333));
#5701=CARTESIAN_POINT('',(0.007,0.,0.1097));
#5702=CARTESIAN_POINT('',(0.00700000000000001,0.00404145188432738,0.109866666666667));
#5703=CARTESIAN_POINT('',(0.0035,0.00606217782649108,0.110033333333333));
#5704=CARTESIAN_POINT('',(9.89870222809914E-19,0.00808290376865476,0.1102));
#5705=CARTESIAN_POINT('',(-0.0035,0.00606217782649108,0.110366666666667));
#5706=CARTESIAN_POINT('',(-0.00700000000000001,0.00404145188432738,0.110533333333333));
#5707=CARTESIAN_POINT('',(-0.007,1.71450551880629E-18,0.1107));
#5708=CARTESIAN_POINT('',(-0.00700000000000001,-0.00404145188432738,0.110866666666667));
#5709=CARTESIAN_POINT('',(-0.0035,-0.00606217782649108,0.111033333333333));
#5710=CARTESIAN_POINT('',(-1.97974044561983E-18,-0.00808290376865476,0.1112));
#5711=CARTESIAN_POINT('',(0.0035,-0.00606217782649108,0.111366666666667));
#5712=CARTESIAN_POINT('',(0.00700000000000001,-0.00404145188432738,0.111533333333333));
#5713=CARTESIAN_POINT('',(0.007,0.,0.1117));
#5714=CARTESIAN_POINT('',(0.00700000000000001,0.00404145188432738,0.111866666666667));
#5715=CARTESIAN_POINT('',(0.0035,0.00606217782649108,0.112033333333333));
#5716=CARTESIAN_POINT('',(9.89870222809914E-19,0.00808290376865476,0.1122));
#5717=CARTESIAN_POINT('',(-0.0035,0.00606217782649108,0.112366666666667));
#5718=CARTESIAN_POINT('',(-0.00700000000000001,0.00404145188432738,0.112533333333333));
#5719=CARTESIAN_POINT('',(-0.007,1.71450551880629E-18,0.1127));
#5720=CARTESIAN_POINT('',(-0.00700000000000001,-0.00404145188432738,0.112866666666667));
#5721=CARTESIAN_POINT('',(-0.0035,-0.00606217782649108,0.113033333333333));
#5722=CARTESIAN_POINT('',(-1.97974044561983E-18,-0.00808290376865476,0.1132));
#5723=CARTESIAN_POINT('',(0.0035,-0.00606217782649108,0.113366666666667));
#5724=CARTESIAN_POINT('',(0.00700000000000001,-0.00404145188432738,0.113533333333333));
#5725=CARTESIAN_POINT('',(0.007,0.,0.1137));
#5726=CARTESIAN_POINT('',(0.00700000000000001,0.00404145188432738,0.113866666666667));
#5727=CARTESIAN_POINT('',(0.0035,0.00606217782649108,0.114033333333333));
#5728=CARTESIAN_POINT('',(9.89870222809914E-19,0.00808290376865476,0.1142));
#5729=CARTESIAN_POINT('',(-0.0035,0.00606217782649108,0.114366666666667));
#5730=CARTESIAN_POINT('',(-0.00700000000000001,0.00404145188432738,0.114533333333333));
#5731=CARTESIAN_POINT('',(-0.007,1.71450551880629E-18,0.1147));
#5732=CARTESIAN_POINT('',(-0.00700000000000001,-0.00404145188432738,0.114866666666667));
#5733=CARTESIAN_POINT('',(-0.0035,-0.00606217782649108,0.115033333333333));
#5734=CARTESIAN_POINT('',(-1.97974044561983E-18,-0.00808290376865476,0.1152));
#5735=CARTESIAN_POINT('',(0.0035,-0.00606217782649108,0.115366666666667));
#5736=CARTESIAN_POINT('',(0.00700000000000001,-0.00404145188432738,0.115533333333333));
#5737=CARTESIAN_POINT('',(0.007,0.,0.1157));
#5738=CARTESIAN_POINT('',(0.00700000000000001,0.00404145188432738,0.115866666666667));
#5739=CARTESIAN_POINT('',(0.0035,0.00606217782649108,0.116033333333333));
#5740=CARTESIAN_POINT('',(9.89870222809914E-19,0.00808290376865476,0.1162));
#5741=CARTESIAN_POINT('',(-0.0035,0.00606217782649108,0.116366666666667));
#5742=CARTESIAN_POINT('',(-0.00700000000000001,0.00404145188432738,0.116533333333333));
#5743=CARTESIAN_POINT('',(-0.007,1.71450551880629E-18,0.1167));
#5744=CARTESIAN_POINT('',(-0.00700000000000001,-0.00404145188432738,0.116866666666667));
#5745=CARTESIAN_POINT('',(-0.0035,-0.00606217782649108,0.117033333333333));
#5746=CARTESIAN_POINT('',(-1.97974044561983E-18,-0.00808290376865476,0.1172));
#5747=CARTESIAN_POINT('',(0.0035,-0.00606217782649108,0.117366666666667));
#5748=CARTESIAN_POINT('',(0.00700000000000001,-0.00404145188432738,0.117533333333333));
#5749=CARTESIAN_POINT('',(0.007,0.,0.1177));
#5750=CARTESIAN_POINT('',(0.00700000000000001,0.00404145188432738,0.117866666666667));
#5751=CARTESIAN_POINT('',(0.0035,0.00606217782649108,0.118033333333333));
#5752=CARTESIAN_POINT('',(9.89870222809914E-19,0.00808290376865476,0.1182));
#5753=CARTESIAN_POINT('',(-0.0035,0.00606217782649108,0.118366666666667));
#5754=CARTESIAN_POINT('',(-0.00700000000000001,0.00404145188432738,0.118533333333333));
#5755=CARTESIAN_POINT('',(-0.007,1.71450551880629E-18,0.1187));
#5756=CARTESIAN_POINT('',(-0.00700000000000001,-0.00404145188432738,0.118866666666667));
#5757=CARTESIAN_POINT('',(-0.0035,-0.00606217782649108,0.119033333333333));
#5758=CARTESIAN_POINT('',(-0.00230525227368242,-0.00675196574789423,0.119090226082206));
#5759=CARTESIAN_POINT('',(-0.000938121608649709,-0.00693685287773819,0.119155327542445));
#5760=CARTESIAN_POINT('',(0.008,0.,0.0951));
#5761=CARTESIAN_POINT('',(0.00800000000000001,0.004618802153517,0.0952666666666667));
#5762=CARTESIAN_POINT('',(0.004,0.00692820323027552,0.0954333333333334));
#5763=CARTESIAN_POINT('',(1.06057523872491E-18,0.00923760430703401,0.0956));
#5764=CARTESIAN_POINT('',(-0.004,0.00692820323027552,0.0957666666666667));
#5765=CARTESIAN_POINT('',(-0.00800000000000001,0.004618802153517,0.0959333333333334));
#5766=CARTESIAN_POINT('',(-0.008,1.83697019872103E-18,0.0961));
#5767=CARTESIAN_POINT('',(-0.00800000000000001,-0.004618802153517,0.0962666666666667));
#5768=CARTESIAN_POINT('',(-0.004,-0.00692820323027552,0.0964333333333334));
#5769=CARTESIAN_POINT('',(-2.19185549336481E-18,-0.00923760430703401,0.0966));
#5770=CARTESIAN_POINT('',(0.004,-0.00692820323027552,0.0967666666666667));
#5771=CARTESIAN_POINT('',(0.00800000000000001,-0.004618802153517,0.0969333333333333));
#5772=CARTESIAN_POINT('',(0.008,0.,0.0971));
#5773=CARTESIAN_POINT('',(0.00800000000000001,0.004618802153517,0.0972666666666666));
#5774=CARTESIAN_POINT('',(0.004,0.00692820323027552,0.0974333333333334));
#5775=CARTESIAN_POINT('',(1.06057523872491E-18,0.00923760430703401,0.0976));
#5776=CARTESIAN_POINT('',(-0.004,0.00692820323027552,0.0977666666666667));
#5777=CARTESIAN_POINT('',(-0.00800000000000001,0.004618802153517,0.0979333333333334));
#5778=CARTESIAN_POINT('',(-0.008,1.83697019872103E-18,0.0981));
#5779=CARTESIAN_POINT('',(-0.00800000000000001,-0.004618802153517,0.0982666666666667));
#5780=CARTESIAN_POINT('',(-0.004,-0.00692820323027552,0.0984333333333334));
#5781=CARTESIAN_POINT('',(-2.19185549336481E-18,-0.00923760430703401,0.0986));
#5782=CARTESIAN_POINT('',(0.004,-0.00692820323027552,0.0987666666666667));
#5783=CARTESIAN_POINT('',(0.00800000000000001,-0.004618802153517,0.0989333333333333));
#5784=CARTESIAN_POINT('',(0.008,0.,0.0991));
#5785=CARTESIAN_POINT('',(0.00800000000000001,0.004618802153517,0.0992666666666667));
#5786=CARTESIAN_POINT('',(0.004,0.00692820323027552,0.0994333333333333));
#5787=CARTESIAN_POINT('',(1.06057523872491E-18,0.00923760430703401,0.0996));
#5788=CARTESIAN_POINT('',(-0.004,0.00692820323027552,0.0997666666666667));
#5789=CARTESIAN_POINT('',(-0.00800000000000001,0.004618802153517,0.0999333333333333));
#5790=CARTESIAN_POINT('',(-0.008,1.83697019872103E-18,0.1001));
#5791=CARTESIAN_POINT('',(-0.00800000000000001,-0.004618802153517,0.100266666666667));
#5792=CARTESIAN_POINT('',(-0.004,-0.00692820323027552,0.100433333333333));
#5793=CARTESIAN_POINT('',(-2.19185549336481E-18,-0.00923760430703401,0.1006));
#5794=CARTESIAN_POINT('',(0.004,-0.00692820323027552,0.100766666666667));
#5795=CARTESIAN_POINT('',(0.00800000000000001,-0.004618802153517,0.100933333333333));
#5796=CARTESIAN_POINT('',(0.008,0.,0.1011));
#5797=CARTESIAN_POINT('',(0.00800000000000001,0.004618802153517,0.101266666666667));
#5798=CARTESIAN_POINT('',(0.004,0.00692820323027552,0.101433333333333));
#5799=CARTESIAN_POINT('',(1.06057523872491E-18,0.00923760430703401,0.1016));
#5800=CARTESIAN_POINT('',(-0.004,0.00692820323027552,0.101766666666667));
#5801=CARTESIAN_POINT('',(-0.00800000000000001,0.004618802153517,0.101933333333333));
#5802=CARTESIAN_POINT('',(-0.008,1.83697019872103E-18,0.1021));
#5803=CARTESIAN_POINT('',(-0.00800000000000001,-0.004618802153517,0.102266666666667));
#5804=CARTESIAN_POINT('',(-0.004,-0.00692820323027552,0.102433333333333));
#5805=CARTESIAN_POINT('',(-2.19185549336481E-18,-0.00923760430703401,0.1026));
#5806=CARTESIAN_POINT('',(0.004,-0.00692820323027552,0.102766666666667));
#5807=CARTESIAN_POINT('',(0.00800000000000001,-0.004618802153517,0.102933333333333));
#5808=CARTESIAN_POINT('',(0.008,0.,0.1031));
#5809=CARTESIAN_POINT('',(0.00800000000000001,0.004618802153517,0.103266666666667));
#5810=CARTESIAN_POINT('',(0.004,0.00692820323027552,0.103433333333333));
#5811=CARTESIAN_POINT('',(1.06057523872491E-18,0.00923760430703401,0.1036));
#5812=CARTESIAN_POINT('',(-0.004,0.00692820323027552,0.103766666666667));
#5813=CARTESIAN_POINT('',(-0.00800000000000001,0.004618802153517,0.103933333333333));
#5814=CARTESIAN_POINT('',(-0.008,1.83697019872103E-18,0.1041));
#5815=CARTESIAN_POINT('',(-0.00800000000000001,-0.004618802153517,0.104266666666667));
#5816=CARTESIAN_POINT('',(-0.004,-0.00692820323027552,0.104433333333333));
#5817=CARTESIAN_POINT('',(-2.19185549336481E-18,-0.00923760430703401,0.1046));
#5818=CARTESIAN_POINT('',(0.004,-0.00692820323027552,0.104766666666667));
#5819=CARTESIAN_POINT('',(0.00800000000000001,-0.004618802153517,0.104933333333333));
#5820=CARTESIAN_POINT('',(0.008,0.,0.1051));
#5821=CARTESIAN_POINT('',(0.00800000000000001,0.004618802153517,0.105266666666667));
#5822=CARTESIAN_POINT('',(0.004,0.00692820323027552,0.105433333333333));
#5823=CARTESIAN_POINT('',(1.06057523872491E-18,0.00923760430703401,0.1056));
#5824=CARTESIAN_POINT('',(-0.004,0.00692820323027552,0.105766666666667));
#5825=CARTESIAN_POINT('',(-0.00800000000000001,0.004618802153517,0.105933333333333));
#5826=CARTESIAN_POINT('',(-0.008,1.83697019872103E-18,0.1061));
#5827=CARTESIAN_POINT('',(-0.00800000000000001,-0.004618802153517,0.106266666666667));
#5828=CARTESIAN_POINT('',(-0.004,-0.00692820323027552,0.106433333333333));
#5829=CARTESIAN_POINT('',(-2.19185549336481E-18,-0.00923760430703401,0.1066));
#5830=CARTESIAN_POINT('',(0.004,-0.00692820323027552,0.106766666666667));
#5831=CARTESIAN_POINT('',(0.00800000000000001,-0.004618802153517,0.106933333333333));
#5832=CARTESIAN_POINT('',(0.008,0.,0.1071));
#5833=CARTESIAN_POINT('',(0.00800000000000001,0.004618802153517,0.107266666666667));
#5834=CARTESIAN_POINT('',(0.004,0.00692820323027552,0.107433333333333));
#5835=CARTESIAN_POINT('',(1.06057523872491E-18,0.00923760430703401,0.1076));
#5836=CARTESIAN_POINT('',(-0.004,0.00692820323027552,0.107766666666667));
#5837=CARTESIAN_POINT('',(-0.00800000000000001,0.004618802153517,0.107933333333333));
#5838=CARTESIAN_POINT('',(-0.008,1.83697019872103E-18,0.1081));
#5839=CARTESIAN_POINT('',(-0.00800000000000001,-0.004618802153517,0.108266666666667));
#5840=CARTESIAN_POINT('',(-0.004,-0.00692820323027552,0.108433333333333));
#5841=CARTESIAN_POINT('',(-2.19185549336481E-18,-0.00923760430703401,0.1086));
#5842=CARTESIAN_POINT('',(0.004,-0.00692820323027552,0.108766666666667));
#5843=CARTESIAN_POINT('',(0.00800000000000001,-0.004618802153517,0.108933333333333));
#5844=CARTESIAN_POINT('',(0.008,0.,0.1091));
#5845=CARTESIAN_POINT('',(0.00800000000000001,0.004618802153517,0.109266666666667));
#5846=CARTESIAN_POINT('',(0.004,0.00692820323027552,0.109433333333333));
#5847=CARTESIAN_POINT('',(1.06057523872491E-18,0.00923760430703401,0.1096));
#5848=CARTESIAN_POINT('',(-0.004,0.00692820323027552,0.109766666666667));
#5849=CARTESIAN_POINT('',(-0.00800000000000001,0.004618802153517,0.109933333333333));
#5850=CARTESIAN_POINT('',(-0.008,1.83697019872103E-18,0.1101));
#5851=CARTESIAN_POINT('',(-0.00800000000000001,-0.004618802153517,0.110266666666667));
#5852=CARTESIAN_POINT('',(-0.004,-0.00692820323027552,0.110433333333333));
#5853=CARTESIAN_POINT('',(-2.19185549336481E-18,-0.00923760430703401,0.1106));
#5854=CARTESIAN_POINT('',(0.004,-0.00692820323027552,0.110766666666667));
#5855=CARTESIAN_POINT('',(0.00800000000000001,-0.004618802153517,0.110933333333333));
#5856=CARTESIAN_POINT('',(0.008,0.,0.1111));
#5857=CARTESIAN_POINT('',(0.00800000000000001,0.004618802153517,0.111266666666667));
#5858=CARTESIAN_POINT('',(0.004,0.00692820323027552,0.111433333333333));
#5859=CARTESIAN_POINT('',(1.06057523872491E-18,0.00923760430703401,0.1116));
#5860=CARTESIAN_POINT('',(-0.004,0.00692820323027552,0.111766666666667));
#5861=CARTESIAN_POINT('',(-0.00800000000000001,0.004618802153517,0.111933333333333));
#5862=CARTESIAN_POINT('',(-0.008,1.83697019872103E-18,0.1121));
#5863=CARTESIAN_POINT('',(-0.00800000000000001,-0.004618802153517,0.112266666666667));
#5864=CARTESIAN_POINT('',(-0.004,-0.00692820323027552,0.112433333333333));
#5865=CARTESIAN_POINT('',(-2.19185549336481E-18,-0.00923760430703401,0.1126));
#5866=CARTESIAN_POINT('',(0.004,-0.00692820323027552,0.112766666666667));
#5867=CARTESIAN_POINT('',(0.00800000000000001,-0.004618802153517,0.112933333333333));
#5868=CARTESIAN_POINT('',(0.008,0.,0.1131));
#5869=CARTESIAN_POINT('',(0.00800000000000001,0.004618802153517,0.113266666666667));
#5870=CARTESIAN_POINT('',(0.004,0.00692820323027552,0.113433333333333));
#5871=CARTESIAN_POINT('',(1.06057523872491E-18,0.00923760430703401,0.1136));
#5872=CARTESIAN_POINT('',(-0.004,0.00692820323027552,0.113766666666667));
#5873=CARTESIAN_POINT('',(-0.00800000000000001,0.004618802153517,0.113933333333333));
#5874=CARTESIAN_POINT('',(-0.008,1.83697019872103E-18,0.1141));
#5875=CARTESIAN_POINT('',(-0.00800000000000001,-0.004618802153517,0.114266666666667));
#5876=CARTESIAN_POINT('',(-0.004,-0.00692820323027552,0.114433333333333));
#5877=CARTESIAN_POINT('',(-2.19185549336481E-18,-0.00923760430703401,0.1146));
#5878=CARTESIAN_POINT('',(0.004,-0.00692820323027552,0.114766666666667));
#5879=CARTESIAN_POINT('',(0.00800000000000001,-0.004618802153517,0.114933333333333));
#5880=CARTESIAN_POINT('',(0.008,0.,0.1151));
#5881=CARTESIAN_POINT('',(0.00800000000000001,0.004618802153517,0.115266666666667));
#5882=CARTESIAN_POINT('',(0.004,0.00692820323027552,0.115433333333333));
#5883=CARTESIAN_POINT('',(1.06057523872491E-18,0.00923760430703401,0.1156));
#5884=CARTESIAN_POINT('',(-0.004,0.00692820323027552,0.115766666666667));
#5885=CARTESIAN_POINT('',(-0.00800000000000001,0.004618802153517,0.115933333333333));
#5886=CARTESIAN_POINT('',(-0.008,1.83697019872103E-18,0.1161));
#5887=CARTESIAN_POINT('',(-0.00800000000000001,-0.004618802153517,0.116266666666667));
#5888=CARTESIAN_POINT('',(-0.004,-0.00692820323027552,0.116433333333333));
#5889=CARTESIAN_POINT('',(-2.19185549336481E-18,-0.00923760430703401,0.1166));
#5890=CARTESIAN_POINT('',(0.004,-0.00692820323027552,0.116766666666667));
#5891=CARTESIAN_POINT('',(0.00800000000000001,-0.004618802153517,0.116933333333333));
#5892=CARTESIAN_POINT('',(0.008,0.,0.1171));
#5893=CARTESIAN_POINT('',(0.00800000000000001,0.004618802153517,0.117266666666667));
#5894=CARTESIAN_POINT('',(0.004,0.00692820323027552,0.117433333333333));
#5895=CARTESIAN_POINT('',(1.06057523872491E-18,0.00923760430703401,0.1176));
#5896=CARTESIAN_POINT('',(-0.004,0.00692820323027552,0.117766666666667));
#5897=CARTESIAN_POINT('',(-0.00800000000000001,0.004618802153517,0.117933333333333));
#5898=CARTESIAN_POINT('',(-0.008,1.83697019872103E-18,0.1181));
#5899=CARTESIAN_POINT('',(-0.00800000000000001,-0.004618802153517,0.118266666666667));
#5900=CARTESIAN_POINT('',(-0.004,-0.00692820323027552,0.118433333333333));
#5901=CARTESIAN_POINT('',(-0.00263457402706562,-0.00771653228330769,0.118490226082206));
#5902=CARTESIAN_POINT('',(-0.00107213898131395,-0.00792783186027221,0.118555327542445));
#5903=CARTESIAN_POINT('',(-0.00377272235955089,-0.0058963180034446,0.11902));
#5904=CARTESIAN_POINT('',(-0.0057936731482421,-0.00499544509082837,0.118729266473139));
#5905=CARTESIAN_POINT('',(-0.00733622141189417,-0.00320236799796253,0.118405886587697));
#5906=CARTESIAN_POINT('',(-0.00792849436295306,-0.00106722871804578,0.11814));
#5907=CARTESIAN_POINT('',(0.,2.47225572577872E-19,0.1177));
#5908=CARTESIAN_POINT('',(0.,1.7347234759768E-18,0.0949));
#5909=CARTESIAN_POINT('',(0.,1.81553887973595E-18,0.0949));
#5910=CARTESIAN_POINT('',(0.00875,1.81553887973595E-18,0.0949));
#5911=CARTESIAN_POINT('',(0.,1.7347234759768E-18,0.0949));
#5912=CARTESIAN_POINT('',(0.,2.01177329719776E-19,0.0949));
#5913=CARTESIAN_POINT('',(0.0018,2.01177329719776E-19,0.0949));
#5914=CARTESIAN_POINT('',(0.,-1.10218211923262E-19,0.));
#5915=CARTESIAN_POINT('',(0.,-1.10218211923262E-19,0.023));
#5916=CARTESIAN_POINT('',(-0.0018,-1.10218211923262E-19,0.023));
#5917=CARTESIAN_POINT('',(0.,-1.10218211923262E-19,0.025));
#5918=CARTESIAN_POINT('',(-0.0018,-1.10218211923262E-19,0.025));
#5919=CARTESIAN_POINT('',(0.,1.08687403424328E-18,0.0789));
#5920=CARTESIAN_POINT('',(0.00812423329846052,0.000647559504744828,0.0354187141948587));
#5921=CARTESIAN_POINT('',(0.00811816464348841,0.00072369639786436,0.035389126416806));
#5922=CARTESIAN_POINT('',(0.00811108680246664,0.000798705813107085,0.035353878302381));
#5923=CARTESIAN_POINT('',(0.00810341751859902,0.000870129024491523,0.0353141298536691));
#5924=CARTESIAN_POINT('',(0.00812423329846052,0.000647559504744844,0.0354187141948588));
#5925=CARTESIAN_POINT('',(0.00810341751859902,0.000870129024491537,0.0353141298536691));
#5926=CARTESIAN_POINT('',(0.00810341751859901,0.000870129024491546,0.0353141298536691));
#5927=CARTESIAN_POINT('',(0.00808754014627512,0.00101799327613394,0.0352318404339019));
#5928=CARTESIAN_POINT('',(0.00806492996767456,0.00118636058617989,0.0351969491804482));
#5929=CARTESIAN_POINT('',(0.00803715812568931,0.00135151369311092,0.0352067935382858));
#5930=CARTESIAN_POINT('',(0.00803715812568931,0.00135151369311092,0.0352067935382858));
#5931=CARTESIAN_POINT('',(0.00803715812568927,0.00135151369311091,0.0352067935382858));
#5932=CARTESIAN_POINT('',(0.00787511677427722,0.00231513838358763,0.0352642327621097));
#5933=CARTESIAN_POINT('',(0.00721164377202451,0.00415312350700217,0.0353771792082971));
#5934=CARTESIAN_POINT('',(0.00467536599237146,0.00717124034053892,0.0356072100034631));
#5935=CARTESIAN_POINT('',(-0.000186079744373005,0.00886748599017254,0.0358902461300026));
#5936=CARTESIAN_POINT('',(-0.00593936636542803,0.00658708856018629,0.0362316770048748));
#5937=CARTESIAN_POINT('',(-0.00879990107851008,0.00110325564725402,0.0365726181833404));
#5938=CARTESIAN_POINT('',(-0.00738118219162308,-0.0049169569208502,0.0369137207857089));
#5939=CARTESIAN_POINT('',(-0.00237222780327028,-0.00854586465447394,0.0372548311453364));
#5940=CARTESIAN_POINT('',(0.00379117379450596,-0.00801807193517347,0.0375960660715629));
#5941=CARTESIAN_POINT('',(0.0081110440639946,-0.00358878381997924,0.0379374304741635));
#5942=CARTESIAN_POINT('',(0.00848371964119854,0.0025890012439021,0.0382789692728391));
#5943=CARTESIAN_POINT('',(0.00472436236559894,0.00750689673458585,0.0386206109604345));
#5944=CARTESIAN_POINT('',(-0.0013333940362525,0.00876847451000089,0.0389622070233127));
#5945=CARTESIAN_POINT('',(-0.00674099933971267,0.00576363993203902,0.0393037419960956));
#5946=CARTESIAN_POINT('',(-0.00886883031361909,-4.43941807521181E-05,0.0396452705922892));
#5947=CARTESIAN_POINT('',(-0.00668306871028113,-0.00583045152680029,0.0399868441386673));
#5948=CARTESIAN_POINT('',(-0.00124688529144512,-0.00878089289444167,0.0403282805296296));
#5949=CARTESIAN_POINT('',(0.00479630013130948,-0.00746037419141523,0.0406699530425995));
#5950=CARTESIAN_POINT('',(0.0085068737505974,-0.00250986021247167,0.0410115381378075));
#5951=CARTESIAN_POINT('',(0.00807792541637504,0.00366368084699916,0.0413530235538871));
#5952=CARTESIAN_POINT('',(0.00371442902270503,0.00805467928596629,0.041694888274668));
#5953=CARTESIAN_POINT('',(-0.00245606116332422,0.00852252053106221,0.0420363455788879));
#5954=CARTESIAN_POINT('',(-0.00742986666178635,0.0048433967088414,0.0423778044515279));
#5955=CARTESIAN_POINT('',(-0.00878860178788637,-0.00119123728157085,0.0427192607867481));
#5956=CARTESIAN_POINT('',(-0.00587269267852836,-0.00664597363174336,0.0430603668329669));
#5957=CARTESIAN_POINT('',(-0.000100603853659963,-0.0088683823680042,0.043401812538528));
#5958=CARTESIAN_POINT('',(0.00572089408438702,-0.00677735616994433,0.0437430161556752));
#5959=CARTESIAN_POINT('',(0.00875993523012814,-0.00138868827817917,0.0440840626062639));
#5960=CARTESIAN_POINT('',(0.0075364803961429,0.00467713417242156,0.0444254728295519));
#5961=CARTESIAN_POINT('',(0.00264209484034913,0.00846731338016211,0.0447667174306453));
#5962=CARTESIAN_POINT('',(-0.00353760688102052,0.00813342746971266,0.0451079410394858));
#5963=CARTESIAN_POINT('',(-0.00799396675765961,0.00384170543247372,0.0454491112504087));
#5964=CARTESIAN_POINT('',(-0.00856067627939216,-0.00231819819087214,0.0457900439181214));
#5965=CARTESIAN_POINT('',(-0.00496349305782345,-0.00734993102797035,0.0461311441442692));
#5966=CARTESIAN_POINT('',(0.00104764344156427,-0.00880684831407621,0.0464721179800658));
#5967=CARTESIAN_POINT('',(0.00654955698278548,-0.00598027508991523,0.0468130880597713));
#5968=CARTESIAN_POINT('',(0.00886589552254406,-0.000244013532099273,0.0471542175156351));
#5969=CARTESIAN_POINT('',(0.00686838554755625,0.00561224931976007,0.0474953808838163));
#5970=CARTESIAN_POINT('',(0.00152548792023943,0.00873782489750389,0.0478367500676286));
#5971=CARTESIAN_POINT('',(-0.004559812400361,0.00760773996767732,0.0481781402944192));
#5972=CARTESIAN_POINT('',(-0.00842377921686588,0.00277539286823401,0.0485195151366756));
#5973=CARTESIAN_POINT('',(-0.0081888545696533,-0.00340620904738593,0.0488609028570037));
#5974=CARTESIAN_POINT('',(-0.00397090002011647,-0.0079302982725504,0.049202331914124));
#5975=CARTESIAN_POINT('',(0.0021781398312408,-0.00859729315708296,0.0495437989428534));
#5976=CARTESIAN_POINT('',(0.00726805852706842,-0.00508281467268244,0.0498852567983997));
#5977=CARTESIAN_POINT('',(0.0088229496602298,0.000904656050294182,0.0502268725356838));
#5978=CARTESIAN_POINT('',(0.00608498697733337,0.00645309196155558,0.0505684572041197));
#5979=CARTESIAN_POINT('',(0.000383576146806967,0.00886167901965064,0.050910181401076));
#5980=CARTESIAN_POINT('',(-0.00550520380999846,0.00695447153662009,0.0512519988417669));
#5981=CARTESIAN_POINT('',(-0.00871199423141993,0.00166276179257845,0.051593482371329));
#5982=CARTESIAN_POINT('',(-0.00767955522371786,-0.0044367523638026,0.0519351786724865));
#5983=CARTESIAN_POINT('',(-0.00291173392733805,-0.00837734162220086,0.0522766404290186));
#5984=CARTESIAN_POINT('',(0.00327195136893454,-0.00824329291441699,0.052617884458436));
#5985=CARTESIAN_POINT('',(0.00786440051717099,-0.00410002431487597,0.0529594369367273));
#5986=CARTESIAN_POINT('',(0.00863182680936482,0.00203806551187484,0.0533006948002045));
#5987=CARTESIAN_POINT('',(0.0051994795905263,0.00718559511353529,0.0536420769108801));
#5988=CARTESIAN_POINT('',(-0.000764878204548968,0.00883691641171831,0.0539835841947102));
#5989=CARTESIAN_POINT('',(-0.00635818382904727,0.00618446337426785,0.0543248639582297));
#5990=CARTESIAN_POINT('',(-0.00885393243700105,0.00052213795647729,0.0546663401488267));
#5991=CARTESIAN_POINT('',(-0.00704119244898423,-0.00539283748571379,0.0550075049690904));
#5992=CARTESIAN_POINT('',(-0.00180355221288431,-0.00868364121918957,0.0553484448083227));
#5993=CARTESIAN_POINT('',(0.00431088023858894,-0.0077507398409256,0.0556896316129383));
#5994=CARTESIAN_POINT('',(0.00832871353682221,-0.00304815977391276,0.0560305731956327));
#5995=CARTESIAN_POINT('',(0.00829563745105016,0.0031374987568717,0.0563716102119734));
#5996=CARTESIAN_POINT('',(0.00422646144296026,0.00779760206631071,0.0567127218381309));
#5997=CARTESIAN_POINT('',(-0.00190081163316709,0.00866382129238598,0.0570537911124999));
#5998=CARTESIAN_POINT('',(-0.00710441186764577,0.00531063975222651,0.0573951300886969));
#5999=CARTESIAN_POINT('',(-0.008847198518583,-0.000627356017512054,0.057736301204102));
#6000=CARTESIAN_POINT('',(-0.00628442960583754,-0.00625842125380732,0.0580774360593122));
#6001=CARTESIAN_POINT('',(-0.000664910611343014,-0.00884402309599464,0.0584186019362897));
#6002=CARTESIAN_POINT('',(0.00527746081602495,-0.00712782800051133,0.0587597897687082));
#6003=CARTESIAN_POINT('',(0.00865303506442459,-0.00194502462970134,0.0591010676187943));
#6004=CARTESIAN_POINT('',(0.00782005639061202,0.00418418721645246,0.0594424335195936));
#6005=CARTESIAN_POINT('',(0.00318249137467119,0.00827864484072617,0.0597839216111785));
#6006=CARTESIAN_POINT('',(-0.00300490424636442,0.00834527845277882,0.0601254700085229));
#6007=CARTESIAN_POINT('',(-0.00773128097361727,0.00434782662769575,0.0604672519757037));
#6008=CARTESIAN_POINT('',(-0.00869189175150537,-0.00176614598779317,0.0608089566767822));
#6009=CARTESIAN_POINT('',(-0.00542224998838791,-0.00701866097974928,0.0611504955912686));
#6010=CARTESIAN_POINT('',(0.000484619454758348,-0.00885575910647479,0.0614921536933285));
#6011=CARTESIAN_POINT('',(0.00615515179390238,-0.00638528008529963,0.0618336198476418));
#6012=CARTESIAN_POINT('',(0.00883191656090765,-0.000809374428802434,0.0621751250769135));
#6013=CARTESIAN_POINT('',(0.0072131543784057,0.00516046108537943,0.0625166965605522));
#6014=CARTESIAN_POINT('',(0.00208519913221214,0.00862061991360254,0.0628580377249267));
#6015=CARTESIAN_POINT('',(-0.00405846972339646,0.00788667016069611,0.0631997400493656));
#6016=CARTESIAN_POINT('',(-0.00822830924718913,0.00331235402953005,0.0635413240487021));
#6017=CARTESIAN_POINT('',(-0.00839071637133595,-0.00287518345352992,0.0638826908263756));
#6018=CARTESIAN_POINT('',(-0.00446903640693177,-0.00766100081315449,0.0642242654492377));
#6019=CARTESIAN_POINT('',(0.00162604697941414,-0.00871871375265145,0.0645654472062877));
#6020=CARTESIAN_POINT('',(0.00692943945544743,-0.0055354049128712,0.0649066628048734));
#6021=CARTESIAN_POINT('',(0.00886240383893226,0.000339920213185557,0.0652479035195903));
#6022=CARTESIAN_POINT('',(0.00648500733523282,0.00605013878260875,0.0655888592503705));
#6023=CARTESIAN_POINT('',(0.000952711494920924,0.00881787637353162,0.0659301449464385));
#6024=CARTESIAN_POINT('',(-0.00504417450649421,0.00729553241723956,0.0662712642671347));
#6025=CARTESIAN_POINT('',(-0.00858737978109816,0.00222110662052813,0.0666123434928723));
#6026=CARTESIAN_POINT('',(-0.00794863503328654,-0.00393602502770019,0.0669537104198269));
#6027=CARTESIAN_POINT('',(-0.00344066767509148,-0.00817472106621908,0.0672947648938725));
#6028=CARTESIAN_POINT('',(0.00274027744465628,-0.00843514823632074,0.0676358336509467));
#6029=CARTESIAN_POINT('',(0.00758739733173393,-0.00459235404010169,0.067976882165731));
#6030=CARTESIAN_POINT('',(0.00874392027755353,0.00148373776869782,0.0683178810003191));
#6031=CARTESIAN_POINT('',(0.00564774611339445,0.00683825840309522,0.0686589823098273));
#6032=CARTESIAN_POINT('',(-0.000195912025457187,0.00886698351516369,0.0690001265009698));
#6033=CARTESIAN_POINT('',(-0.00594521838246789,0.0065818549378756,0.0693414022949949));
#6034=CARTESIAN_POINT('',(-0.00880239477692428,0.00109244471914856,0.0696828346740492));
#6035=CARTESIAN_POINT('',(-0.00737311802096175,-0.00493071892178578,0.0700244545686488));
#6036=CARTESIAN_POINT('',(-0.00235452757856531,-0.00855112034379099,0.0703660006369638));
#6037=CARTESIAN_POINT('',(0.00380836871381268,-0.0080098456363267,0.070707528173639));
#6038=CARTESIAN_POINT('',(0.0081177244761255,-0.00357226169040627,0.0710490748047917));
#6039=CARTESIAN_POINT('',(0.00847850468887278,0.0026023975926952,0.0713905309972189));
#6040=CARTESIAN_POINT('',(0.00471572228242125,0.00751134610212142,0.071732141915283));
#6041=CARTESIAN_POINT('',(-0.00134109878053633,0.00876712664215478,0.0720736986895091));
#6042=CARTESIAN_POINT('',(-0.00674633484610953,0.00575775030382231,0.0724151722065405));
#6043=CARTESIAN_POINT('',(-0.00886966816568091,-5.44722103926106E-05,0.0727569269103293));
#6044=CARTESIAN_POINT('',(-0.00667405696231376,-0.00584234096010096,0.0730985788420907));
#6045=CARTESIAN_POINT('',(-0.00122911776555878,-0.00878387980881091,0.0734401978130051));
#6046=CARTESIAN_POINT('',(0.0048123179814747,-0.00745008492533918,0.073781789666283));
#6047=CARTESIAN_POINT('',(0.00851163098420883,-0.00249222601574772,0.074123021711378));
#6048=CARTESIAN_POINT('',(0.0080706319179356,0.00367728292783194,0.0744645577613273));
#6049=CARTESIAN_POINT('',(0.00370448803856503,0.00805821310448174,0.0748058284816458));
#6050=CARTESIAN_POINT('',(-0.00246375702012046,0.00851999452005183,0.0751468953623108));
#6051=CARTESIAN_POINT('',(-0.00743421961489723,0.00483695442516074,0.0754883279975024));
#6052=CARTESIAN_POINT('',(-0.00878808762514048,-0.00120070554910516,0.0758294856704597));
#6053=CARTESIAN_POINT('',(-0.00586300604459495,-0.00665595749909559,0.0761708465224658));
#6054=CARTESIAN_POINT('',(-8.29456994216589E-05,-0.00886919625793512,0.0765122029685053));
#6055=CARTESIAN_POINT('',(0.00573551517919667,-0.0067651006496396,0.076853206470159));
#6056=CARTESIAN_POINT('',(0.00876255742835963,-0.00137026483944108,0.0771944169474331));
#6057=CARTESIAN_POINT('',(0.00752702951942865,0.00469064357177659,0.0775353760140243));
#6058=CARTESIAN_POINT('',(0.00263095277855025,0.00846933879301835,0.077876397825036));
#6059=CARTESIAN_POINT('',(-0.00354591141713173,0.0081312199693617,0.0782170320642073));
#6060=CARTESIAN_POINT('',(-0.00799493599145193,0.0038287687925982,0.0785597038591788));
#6061=CARTESIAN_POINT('',(-0.00837696678835437,-0.000260303728836156,0.0787830122012951));
#6062=CARTESIAN_POINT('',(-0.00786251229763005,-0.00214555362776515,0.0789));
#6063=CARTESIAN_POINT('',(-0.00786251229763006,-0.00214555362776513,0.0789));
#6064=CARTESIAN_POINT('',(0.,1.08687403424328E-18,0.0789));
#6065=CARTESIAN_POINT('',(0.00796062821160335,0.00174668213382542,0.0789));
#6066=CARTESIAN_POINT('',(0.00796062821160334,0.00174668213382543,0.0789));
#6067=CARTESIAN_POINT('',(0.00797806504810784,0.00166721250972455,0.0785022007285004));
#6068=CARTESIAN_POINT('',(0.00801371232195949,0.00150606339948257,0.0781286535104479));
#6069=CARTESIAN_POINT('',(0.00805302007834017,0.00125354202875271,0.0778124102929168));
#6070=CARTESIAN_POINT('',(0.00805302007834021,0.00125354202875273,0.0778124102929168));
#6071=CARTESIAN_POINT('',(0.,1.08687403424328E-18,0.0652462208289795));
#6072=CARTESIAN_POINT('',(0.00810066616061309,0.000895381345739491,0.077886758759856));
#6073=CARTESIAN_POINT('',(0.00810066600649508,0.000895381558254969,0.0778867585193664));
#6074=CARTESIAN_POINT('',(0.00811933058587298,0.000726520001639137,0.077725577976796));
#6075=CARTESIAN_POINT('',(0.00813626797953029,0.000524546651872779,0.0776017304856452));
#6076=CARTESIAN_POINT('',(0.00814455925190499,0.000297749210257274,0.0775418603484926));
#6077=CARTESIAN_POINT('',(0.00814455925998669,0.000297748989193042,0.0775418609000016));
#6078=CARTESIAN_POINT('',(0.00814455925998667,0.00029774898919308,0.0775418609000016));
#6079=CARTESIAN_POINT('',(0.00817894774233188,-0.000642905866027673,0.0774751675779869));
#6080=CARTESIAN_POINT('',(0.0079225792641055,-0.00250722858079921,0.0773807012207074));
#6081=CARTESIAN_POINT('',(0.00618128626646592,-0.00587980141194154,0.0771537854601887));
#6082=CARTESIAN_POINT('',(0.00204056788003769,-0.00857728205579971,0.0768823232797618));
#6083=CARTESIAN_POINT('',(-0.00386373043010024,-0.0079251373387654,0.0765516034855985));
#6084=CARTESIAN_POINT('',(-0.0080126506269484,-0.0036777538947379,0.0762223269746327));
#6085=CARTESIAN_POINT('',(-0.00852784466421541,0.00223755370153122,0.0758927599768823));
#6086=CARTESIAN_POINT('',(-0.00517494246274706,0.00713790861245842,0.0755633422557441));
#6087=CARTESIAN_POINT('',(0.000524933795715017,0.00880078683618835,0.0752343700800981));
#6088=CARTESIAN_POINT('',(0.00598662687917006,0.00647219670962961,0.0749052233485036));
#6089=CARTESIAN_POINT('',(0.00873319333790416,0.00120836829611,0.074576499183366));
#6090=CARTESIAN_POINT('',(0.00751911630598675,-0.00460342282933676,0.074248044839871));
#6091=CARTESIAN_POINT('',(0.00289508951812443,-0.00832747916704174,0.0739194369353217));
#6092=CARTESIAN_POINT('',(-0.00304183553398083,-0.00827499490350589,0.0735910285243537));
#6093=CARTESIAN_POINT('',(-0.00759924819038385,-0.00446984463078546,0.0732624664178811));
#6094=CARTESIAN_POINT('',(-0.00871045716969051,0.00136228326118344,0.0729337355923294));
#6095=CARTESIAN_POINT('',(-0.00587164014262187,0.0065765950513289,0.0726046376354198));
#6096=CARTESIAN_POINT('',(-0.000370176918908013,0.00880856000290835,0.0722752848952771));
#6097=CARTESIAN_POINT('',(0.00529916317434544,0.00704604196390076,0.0719457081528205));
#6098=CARTESIAN_POINT('',(0.00856546168565778,0.00208826511895251,0.0716160867740608));
#6099=CARTESIAN_POINT('',(0.00794745643398201,-0.00381654551216512,0.071286659798438));
#6100=CARTESIAN_POINT('',(0.00372535557511296,-0.0079906189903218,0.0709570610595163));
#6101=CARTESIAN_POINT('',(-0.00218624487042995,-0.00854101419668349,0.0706278589539018));
#6102=CARTESIAN_POINT('',(-0.00710645131288808,-0.00521797772442271,0.0702987377392317));
#6103=CARTESIAN_POINT('',(-0.0088038068126504,0.000471601314896558,0.0699697241625814));
#6104=CARTESIAN_POINT('',(-0.00650830548747398,0.00594741985767682,0.0696411416645128));
#6105=CARTESIAN_POINT('',(-0.00126088548481843,0.0087258468497158,0.0693123821208342));
#6106=CARTESIAN_POINT('',(0.00455854940250779,0.00754654579860299,0.0689839120750681));
#6107=CARTESIAN_POINT('',(0.00831041355993367,0.00294419070593843,0.0686554645000191));
#6108=CARTESIAN_POINT('',(0.00829271091341987,-0.00299378848965186,0.0683268181457688));
#6109=CARTESIAN_POINT('',(0.00451319437251227,-0.00757386807112236,0.0679980116827722));
#6110=CARTESIAN_POINT('',(-0.00131384778340078,-0.00871820246595155,0.0676688098409435));
#6111=CARTESIAN_POINT('',(-0.00654500213728702,-0.00590729534768266,0.0673393488147242));
#6112=CARTESIAN_POINT('',(-0.00880674228292661,-0.000416567983078195,0.0670096979154198));
#6113=CARTESIAN_POINT('',(-0.00707340715288522,0.00526293818308939,0.0666801490017112));
#6114=CARTESIAN_POINT('',(-0.00213156729289972,0.00855496814621946,0.0663504252176293));
#6115=CARTESIAN_POINT('',(0.00377702397659065,0.00796647680793693,0.0660209363454917));
#6116=CARTESIAN_POINT('',(0.00797232946727698,0.00376458993714549,0.0656918082539672));
#6117=CARTESIAN_POINT('',(0.00855161821657594,-0.00214465437505559,0.0653625148369803));
#6118=CARTESIAN_POINT('',(0.00525236800590559,-0.00708110086105672,0.0650337161779589));
#6119=CARTESIAN_POINT('',(-0.000428933893070953,-0.00880596562522389,0.0647049798453713));
#6120=CARTESIAN_POINT('',(-0.00591563307692222,-0.0065371327840893,0.064376348499702));
#6121=CARTESIAN_POINT('',(-0.00871947011724645,-0.0013036396761309,0.0640479602061699));
#6122=CARTESIAN_POINT('',(-0.00756894307466477,0.00452100759127521,0.0637194017393511));
#6123=CARTESIAN_POINT('',(-0.00298592575453471,0.00829532503451865,0.0633908600928693));
#6124=CARTESIAN_POINT('',(0.00295112163871788,0.00830775538467688,0.0630620610147723));
#6125=CARTESIAN_POINT('',(0.00754983269306183,0.00455277770713822,0.0627329041061402));
#6126=CARTESIAN_POINT('',(0.00872485287384215,-0.00126676120584256,0.0624034682107892));
#6127=CARTESIAN_POINT('',(0.00594335331616592,-0.00651186316708414,0.0620739336876328));
#6128=CARTESIAN_POINT('',(0.000466653671583537,-0.00880398184369107,0.061744355692402));
#6129=CARTESIAN_POINT('',(-0.00522168271182041,-0.0071036622243151,0.0614147353417273));
#6130=CARTESIAN_POINT('',(-0.00854209543033084,-0.00218190933070973,0.0610854725706692));
#6131=CARTESIAN_POINT('',(-0.00798875895748247,0.0037293536656095,0.0607560201552373));
#6132=CARTESIAN_POINT('',(-0.00381249305330785,0.00794944555509767,0.0604269607320572));
#6133=CARTESIAN_POINT('',(0.00209289379645146,0.00856440028298852,0.0600982617888817));
#6134=CARTESIAN_POINT('',(0.00704918257636454,0.00529514474080739,0.0597693941329297));
#6135=CARTESIAN_POINT('',(0.00880844733627345,-0.000375763904048464,0.059440916510468));
#6136=CARTESIAN_POINT('',(0.00657258959085095,-0.00587634182449411,0.0591123993634623));
#6137=CARTESIAN_POINT('',(0.00135553198376256,-0.00871167880358432,0.0587838704101167));
#6138=CARTESIAN_POINT('',(-0.00447651426213908,-0.00759553792920093,0.0584552606474522));
#6139=CARTESIAN_POINT('',(-0.00827811325683306,-0.00303393608423792,0.058126367757612));
#6140=CARTESIAN_POINT('',(-0.00832459372597178,0.00290407468791245,0.0577971114834643));
#6141=CARTESIAN_POINT('',(-0.00459459002211404,0.00752482639320983,0.0574675810440598));
#6142=CARTESIAN_POINT('',(0.00121995721679385,0.00873181932431036,0.0571380145140711));
#6143=CARTESIAN_POINT('',(0.00648082122423891,0.00597754044553866,0.056808278472009));
#6144=CARTESIAN_POINT('',(0.00880168384391359,0.000511786370220346,0.0564787614699953));
#6145=CARTESIAN_POINT('',(0.00712997883391218,-0.00518598302383454,0.0561493116588265));
#6146=CARTESIAN_POINT('',(0.00222423958127885,-0.00853131437101022,0.055819937103972));
#6147=CARTESIAN_POINT('',(-0.00369025253323493,-0.00800700346253969,0.0554910425902248));
#6148=CARTESIAN_POINT('',(-0.00793086765322121,-0.00385109607666959,0.0551619698627784));
#6149=CARTESIAN_POINT('',(-0.00857445154047088,0.00205136698875103,0.0548333115802691));
#6150=CARTESIAN_POINT('',(-0.00532925270728371,0.00702339701064826,0.0545048857736424));
#6151=CARTESIAN_POINT('',(0.000332826543883094,0.00881010944199893,0.0541763070555099));
#6152=CARTESIAN_POINT('',(0.00584390856545963,0.00660131051091908,0.0538478656864216));
#6153=CARTESIAN_POINT('',(0.00870468556884757,0.00139882530557266,0.053519239003583));
#6154=CARTESIAN_POINT('',(0.00761791529932857,-0.00443794347223502,0.0531903775240863));
#6155=CARTESIAN_POINT('',(0.00307656620686143,-0.00826211479851557,0.0528611319314582));
#6156=CARTESIAN_POINT('',(-0.00285991552096881,-0.00833958203084803,0.052531715256308));
#6157=CARTESIAN_POINT('',(-0.0074994849960632,-0.00463524351819469,0.0522020874779531));
#6158=CARTESIAN_POINT('',(-0.00873821524137374,0.00117108511637705,0.0518724744006219));
#6159=CARTESIAN_POINT('',(-0.00601433241383709,0.00644636972229475,0.0515430987433687));
#6160=CARTESIAN_POINT('',(-0.000563054002930786,0.00879835005464086,0.051213552314728));
#6161=CARTESIAN_POINT('',(0.00514361920033974,0.0071604074466703,0.0508844346218506));
#6162=CARTESIAN_POINT('',(0.00851774202662306,0.00227521566852088,0.0505553982432619));
#6163=CARTESIAN_POINT('',(0.00802904833379715,-0.00364188457883997,0.0502264743701082));
#6164=CARTESIAN_POINT('',(0.00389897963835821,-0.00790741699474144,0.0498979563488987));
#6165=CARTESIAN_POINT('',(-0.00199946963864687,-0.00858671768569024,0.0495692651381583));
#6166=CARTESIAN_POINT('',(-0.00699117012434227,-0.00537154945907983,0.0492408211085133));
#6167=CARTESIAN_POINT('',(-0.00881203844685808,0.000280010343336812,0.0489123433956924));
#6168=CARTESIAN_POINT('',(-0.00663600358242845,0.00580468622567577,0.0485836528508372));
#6169=CARTESIAN_POINT('',(-0.00144984951309402,0.00869651702557741,0.0482547116233336));
#6170=CARTESIAN_POINT('',(0.00439410890032685,0.00764354478746191,0.0479253924757247));
#6171=CARTESIAN_POINT('',(0.00824490279286042,0.00312317755321294,0.0475958765833167));
#6172=CARTESIAN_POINT('',(0.00835544675499642,-0.00281420831610512,0.0472661809914663));
#6173=CARTESIAN_POINT('',(0.00467533529257109,-0.00747489031745507,0.0469366390777053));
#6174=CARTESIAN_POINT('',(-0.00112557381420771,-0.00874442785107954,0.0466069262290557));
#6175=CARTESIAN_POINT('',(-0.00641575759056594,-0.00604727948973766,0.0462774919618217));
#6176=CARTESIAN_POINT('',(-0.00879558869534101,-0.00060710441714415,0.0459484337394696));
#6177=CARTESIAN_POINT('',(-0.00718580478719186,0.00510829064707464,0.0456192114684041));
#6178=CARTESIAN_POINT('',(-0.00231680595734886,0.00850660934373169,0.0452904812500502));
#6179=CARTESIAN_POINT('',(0.00360288356190061,0.0080466642007119,0.0449618014839105));
#6180=CARTESIAN_POINT('',(0.00788842974846294,0.00393725474215424,0.0446332151277399));
#6181=CARTESIAN_POINT('',(0.00859628859520919,-0.00195776852685187,0.0443048181859391));
#6182=CARTESIAN_POINT('',(0.00540555074397789,-0.00696482225033574,0.0439762425552069));
#6183=CARTESIAN_POINT('',(-0.000236604394465257,-0.00881319540038827,0.0436476195944596));
#6184=CARTESIAN_POINT('',(-0.00577136872874749,-0.00666478600200604,0.0433186644956985));
#6185=CARTESIAN_POINT('',(-0.00868882953475485,-0.00149401982491702,0.0429893898216212));
#6186=CARTESIAN_POINT('',(-0.0076660663628894,0.00435421724295727,0.0426598742520358));
#6187=CARTESIAN_POINT('',(-0.00316691155482464,0.00822790744044249,0.0423303215914238));
#6188=CARTESIAN_POINT('',(0.00276836942457923,0.00837041839632686,0.0420007545075343));
#6189=CARTESIAN_POINT('',(0.00744825676698866,0.00471712910309473,0.0416711719133682));
#6190=CARTESIAN_POINT('',(0.00875052125609215,-0.00107530639193724,0.0413419835966416));
#6191=CARTESIAN_POINT('',(0.00608457381641162,-0.00638012745357093,0.0410126056863969));
#6192=CARTESIAN_POINT('',(0.000659288064375453,-0.0087916877583806,0.0406836371212761));
#6193=CARTESIAN_POINT('',(-0.00506507891637916,-0.00721621136132876,0.0403550141994149));
#6194=CARTESIAN_POINT('',(-0.00849242844753102,-0.00236805582906416,0.0400262262498876));
#6195=CARTESIAN_POINT('',(-0.00806829277823811,0.00355415366120892,0.0396977899688369));
#6196=CARTESIAN_POINT('',(-0.00398487724849337,0.00786450348741283,0.039369290135749));
#6197=CARTESIAN_POINT('',(0.00190594434584813,0.00860798711496227,0.0390407435812277));
#6198=CARTESIAN_POINT('',(0.00693241954618059,0.00544720941422579,0.0387120560005078));
#6199=CARTESIAN_POINT('',(0.00881459107274534,-0.000184392333225527,0.0383830274730558));
#6200=CARTESIAN_POINT('',(0.00669851753812992,-0.00573248466183369,0.0380536613324403));
#6201=CARTESIAN_POINT('',(0.00154382931345311,-0.00868036113574207,0.0377240768372893));
#6202=CARTESIAN_POINT('',(-0.00431134275393736,-0.00769057962122198,0.0373945199713535));
#6203=CARTESIAN_POINT('',(-0.00821081425069262,-0.00321185393416989,0.0370647639727044));
#6204=CARTESIAN_POINT('',(-0.00838525207809815,0.00272418344512113,0.0367353161214289));
#6205=CARTESIAN_POINT('',(-0.00475573089753213,0.00742331233898082,0.0364058051673904));
#6206=CARTESIAN_POINT('',(0.00103079585718504,0.00875833476076377,0.0360769158524886));
#6207=CARTESIAN_POINT('',(0.00635031634308856,0.00610791511556737,0.0357465277394499));
#6208=CARTESIAN_POINT('',(0.00797455303694133,0.00252543691345584,0.03553108325473));
#6209=CARTESIAN_POINT('',(0.00812423329846051,0.000647559504744843,0.0354187141948587));
#6210=CARTESIAN_POINT('',(0.00890110605461828,-2.55093300768807E-09,0.0788031674685984));
#6211=CARTESIAN_POINT('',(0.00875000258449462,-5.7191432920792E-10,0.0789000040329279));
#6212=CARTESIAN_POINT('',(0.00794151910018996,6.91091528357378E-05,0.0776384206091435));
#6213=CARTESIAN_POINT('',(0.00794152007814917,6.9107997814832E-05,0.0776384199191644));
#6214=CARTESIAN_POINT('',(0.00800558594022803,0.000145383303983418,0.0776015408698177));
#6215=CARTESIAN_POINT('',(0.00807430876402268,0.000222498301818423,0.077568779182956));
#6216=CARTESIAN_POINT('',(0.00814455776749286,0.000297750672699176,0.0775418616515864));
#6217=CARTESIAN_POINT('',(0.00877609397433008,-0.00339806595757058,0.0320619391560324));
#6218=CARTESIAN_POINT('',(0.00877609397433008,-0.00281803841398413,0.0320936952582735));
#6219=CARTESIAN_POINT('',(0.00877609397433008,-0.00223804771247227,0.0321254493434303));
#6220=CARTESIAN_POINT('',(0.00877609397433008,-0.00136803404451364,0.0321730819831099));
#6221=CARTESIAN_POINT('',(0.00877609397433008,-0.00107802948852752,0.0321889595296699));
#6222=CARTESIAN_POINT('',(0.00877609397433008,-0.000643022654548282,0.0322127758495096));
#6223=CARTESIAN_POINT('',(0.00877609397433008,-0.000498020376555195,0.0322207146227896));
#6224=CARTESIAN_POINT('',(0.00877609397433008,-0.000280516959565577,0.0322326227827095));
#6225=CARTESIAN_POINT('',(0.00877609397433008,-0.000208015820569034,0.0322365921693495));
#6226=CARTESIAN_POINT('',(0.00877609397433008,-6.30135425759488E-05,0.0322445309426295));
#6227=CARTESIAN_POINT('',(0.00877643572246115,9.37944229455139E-06,0.0322485003255424));
#6228=CARTESIAN_POINT('',(0.00877577785770609,0.000149152247153225,0.0322561413973849));
#6229=CARTESIAN_POINT('',(0.00877406354465397,0.000216533912377492,0.0322598144622617));
#6230=CARTESIAN_POINT('',(0.00876971040723181,0.000351080323848359,0.0322671624042683));
#6231=CARTESIAN_POINT('',(0.00876675930506042,0.000418345018576011,0.0322708372779187));
#6232=CARTESIAN_POINT('',(0.008755583425833,0.000620033180991724,0.0322818631395998));
#6233=CARTESIAN_POINT('',(0.00874503484373904,0.000754350613140564,0.032289215368155));
#6234=CARTESIAN_POINT('',(0.00870414778083045,0.00115623772499552,0.0323112652635306));
#6235=CARTESIAN_POINT('',(0.00866459748081155,0.00142261908971798,0.0323259492833445));
#6236=CARTESIAN_POINT('',(0.00850928337221529,0.00221558841143193,0.0323700552489825));
#6237=CARTESIAN_POINT('',(0.00835698350653119,0.00273447250988914,0.0323994484790935));
#6238=CARTESIAN_POINT('',(0.0077615215197609,0.0042361767965982,0.0324876266192028));
#6239=CARTESIAN_POINT('',(0.00717849780238631,0.00516298364749607,0.0325464005101956));
#6240=CARTESIAN_POINT('',(0.00498569526550818,0.0075373817271769,0.0327228191722704));
#6241=CARTESIAN_POINT('',(0.00292445950594467,0.00855072750622217,0.0328403455691955));
#6242=CARTESIAN_POINT('',(-0.00136707797124002,0.00893300073324074,0.0330755229157186));
#6243=CARTESIAN_POINT('',(-0.00357615178246936,0.00829912152414267,0.0331931274546168));
#6244=CARTESIAN_POINT('',(-0.00701149028947913,0.00570116510693521,0.0334282256167506));
#6245=CARTESIAN_POINT('',(-0.0082228313556049,0.00374899329978996,0.0335457868496836));
#6246=CARTESIAN_POINT('',(-0.00902408664090039,-0.000485557990510227,0.0337810275821352));
#6247=CARTESIAN_POINT('',(-0.00860972550584062,-0.00274534266894368,0.033898588815068));
#6248=CARTESIAN_POINT('',(-0.00636105767811396,-0.00641881802667131,0.0341336869772024));
#6249=CARTESIAN_POINT('',(-0.00453629320556972,-0.00781597391452928,0.0342512915161002));
#6250=CARTESIAN_POINT('',(-0.0004017728521447,-0.00902806639668111,0.0344864688626234));
#6251=CARTESIAN_POINT('',(0.00188719722294277,-0.00883785987801684,0.0346039952595484));
#6252=CARTESIAN_POINT('',(0.00576547695993475,-0.00695906286809899,0.0348392201423149));
#6253=CARTESIAN_POINT('',(0.00733430613216506,-0.00527900382966494,0.0349568507983665));
#6254=CARTESIAN_POINT('',(0.00894455252576271,-0.00128643227094877,0.0351918386334524));
#6255=CARTESIAN_POINT('',(0.00898026968918072,0.00101194707730099,0.035309469289504));
#6256=CARTESIAN_POINT('',(0.00749061292154234,0.00505568972954669,0.0355446941722705));
#6257=CARTESIAN_POINT('',(0.00597407003249537,0.0067806999295361,0.0356622205691948));
#6258=CARTESIAN_POINT('',(0.0021554960249454,0.00877617463169047,0.0358973979157193));
#6259=CARTESIAN_POINT('',(-0.000127997126501584,0.00903592255275717,0.0360150024546171));
#6260=CARTESIAN_POINT('',(-0.00429603093925105,0.00795037092373337,0.0362501006167503));
#6261=CARTESIAN_POINT('',(-0.00616222796486118,0.00661035950412394,0.0363676618496836));
#6262=CARTESIAN_POINT('',(-0.00852298394555403,0.00300477136041612,0.0366029025821352));
#6263=CARTESIAN_POINT('',(-0.00900494633096329,0.000758433406744638,0.0367204638150612));
#6264=CARTESIAN_POINT('',(-0.00833322630809969,-0.00349594321203841,0.0369555619772092));
#6265=CARTESIAN_POINT('',(-0.00718203217097544,-0.00548505407216123,0.0370731665160996));
#6266=CARTESIAN_POINT('',(-0.00382608115112557,-0.00818709394794936,0.037308343862624));
#6267=CARTESIAN_POINT('',(-0.00163855966479663,-0.00888731696333034,0.0374258702595483));
#6268=CARTESIAN_POINT('',(0.00266348809404495,-0.00863568826154335,0.0376610951423149));
#6269=CARTESIAN_POINT('',(0.0047558280156795,-0.00768388103494276,0.0377787257983733));
#6270=CARTESIAN_POINT('',(0.0077713926890676,-0.00461144050662692,0.0380137136334456));
#6271=CARTESIAN_POINT('',(0.00868394274318163,-0.0025016832355176,0.038131344289504));
#6272=CARTESIAN_POINT('',(0.00885515266285069,0.00180431480052233,0.0383665691722705));
#6273=CARTESIAN_POINT('',(0.00811418255168973,0.0039783722557725,0.0384840955691948));
#6274=CARTESIAN_POINT('',(0.00534991529094162,0.00728325549869008,0.0387192729157193));
#6275=CARTESIAN_POINT('',(0.0033396439316616,0.00839708628355403,0.0388368774546171));
#6276=CARTESIAN_POINT('',(-0.000926539822121807,0.00898920483768727,0.0390719756167503));
#6277=CARTESIAN_POINT('',(-0.0031634812272031,0.00846535839700284,0.0391895368496836));
#6278=CARTESIAN_POINT('',(-0.00672433420553879,0.00603765151004968,0.0394247775821352));
#6279=CARTESIAN_POINT('',(-0.00802924570723212,0.00414674487144549,0.0395423388150686));
#6280=CARTESIAN_POINT('',(-0.00903673677356828,-4.08427341502371E-05,0.0397774369772017));
#6281=CARTESIAN_POINT('',(-0.00873437184364638,-0.00231908446944021,0.0398950415160996));
#6282=CARTESIAN_POINT('',(-0.00666790327834706,-0.0060997106618392,0.040130218862624));
#6283=CARTESIAN_POINT('',(-0.00491486069713385,-0.00758376060470492,0.0402477452595483));
#6284=CARTESIAN_POINT('',(-0.00084399268960077,-0.00899760839987752,0.0404829701423149));
#6285=CARTESIAN_POINT('',(0.00145331819551882,-0.00891895700720582,0.0406006007983726));
#6286=CARTESIAN_POINT('',(0.00541510876328834,-0.00723439872798317,0.0408355886334462));
#6287=CARTESIAN_POINT('',(0.00706556423467608,-0.00563445495352333,0.040953219289504));
#6288=CARTESIAN_POINT('',(0.00887157568339284,-0.00172175070074748,0.0411884441722705));
#6289=CARTESIAN_POINT('',(0.0090189843326269,0.000570373470107743,0.0413059705691948));
#6290=CARTESIAN_POINT('',(0.00772985845100527,0.00468152673888371,0.0415411479157193));
#6291=CARTESIAN_POINT('',(0.0062988544752123,0.00647986974744936,0.0416587524546171));
#6292=CARTESIAN_POINT('',(0.00258400858378567,0.0086595138024552,0.0418938506167503));
#6293=CARTESIAN_POINT('',(0.000316876850286511,0.00903158321261433,0.0420114118496911));
#6294=CARTESIAN_POINT('',(-0.00390196553899016,0.00815135394871409,0.0422466525821277));
#6295=CARTESIAN_POINT('',(-0.00583116520985454,0.00690375201983438,0.0423642138150686));
#6296=CARTESIAN_POINT('',(-0.00836448598349782,0.00342047567974225,0.0425993119772017));
#6297=CARTESIAN_POINT('',(-0.00895698258039811,0.00119994472120057,0.0427169165160996));
#6298=CARTESIAN_POINT('',(-0.00849459757613593,-0.00308370172147941,0.042952093862624));
#6299=CARTESIAN_POINT('',(-0.00744291874169018,-0.00512564544096066,0.0430696202595484));
#6300=CARTESIAN_POINT('',(-0.00422298323703294,-0.00798972422286718,0.0433048451423149));
#6301=CARTESIAN_POINT('',(-0.00207044614557398,-0.00879620262568086,0.0434224757983726));
#6302=CARTESIAN_POINT('',(0.00223442361640819,-0.00875598532297929,0.0436574636334462));
#6303=CARTESIAN_POINT('',(0.0043715176209492,-0.00790943198133125,0.0437750942894992));
#6304=CARTESIAN_POINT('',(0.00753738172716342,-0.00498569526552269,0.0440103191722753));
#6305=CARTESIAN_POINT('',(0.0085507275062248,-0.00292445950593842,0.0441278455691948));
#6306=CARTESIAN_POINT('',(0.00893300073323812,0.00136707797123376,0.0443630229157193));
#6307=CARTESIAN_POINT('',(0.00829912152417052,0.00357615178243897,0.0444806274546097));
#6308=CARTESIAN_POINT('',(0.00570116510690743,0.00701149028950943,0.0447157256167578));
#6309=CARTESIAN_POINT('',(0.00374899329983821,0.0082228313555975,0.0448332868496836));
#6310=CARTESIAN_POINT('',(-0.00048555799055839,0.00902408664090778,0.0450685275821352));
#6311=CARTESIAN_POINT('',(-0.00274534266890599,0.00860972550587132,0.0451860888150686));
#6312=CARTESIAN_POINT('',(-0.006418818026709,0.00636105767808327,0.0454211869772018));
#6313=CARTESIAN_POINT('',(-0.00781597391452022,0.00453629320559643,0.0455387915160996));
#6314=CARTESIAN_POINT('',(-0.00902806639669014,0.000401772852118061,0.045773968862624));
#6315=CARTESIAN_POINT('',(-0.00883785987800272,-0.00188719722296869,0.045891495259551));
#6316=CARTESIAN_POINT('',(-0.00695906286811313,-0.00576547695990879,0.0461267201423121));
#6317=CARTESIAN_POINT('',(-0.00527900382966928,-0.00733430613216327,0.0462443507983726));
#6318=CARTESIAN_POINT('',(-0.00128643227094444,-0.00894455252576451,0.0464793386334462));
#6319=CARTESIAN_POINT('',(0.00101194707736212,-0.00898026968916368,0.0465969692895066));
#6320=CARTESIAN_POINT('',(0.00505568972948545,-0.00749061292155942,0.0468321941722678));
#6321=CARTESIAN_POINT('',(0.00678069992952316,-0.00597407003252506,0.0469497205691948));
#6322=CARTESIAN_POINT('',(0.00877617463170341,-0.00215549602491574,0.0471848979157192));
#6323=CARTESIAN_POINT('',(0.00903592255276457,0.000127997126468211,0.0473025024546097));
#6324=CARTESIAN_POINT('',(0.00795037092372596,0.0042960309392844,0.0475376006167577));
#6325=CARTESIAN_POINT('',(0.00661035950419071,0.00616222796481294,0.0476551618496836));
#6326=CARTESIAN_POINT('',(0.00300477136034943,0.00852298394560224,0.0478904025821352));
#6327=CARTESIAN_POINT('',(0.000758433406740831,0.00900494633095954,0.048007963815076));
#6328=CARTESIAN_POINT('',(-0.00349594321203461,0.00833322630810344,0.0482430619771942));
#6329=CARTESIAN_POINT('',(-0.00548505407213154,0.00718203217100521,0.0483606665160996));
#6330=CARTESIAN_POINT('',(-0.00818709394797901,0.00382608115109585,0.048595843862624));
#6331=CARTESIAN_POINT('',(-0.0088873169633293,0.00163855966479925,0.048713370259551));
#6332=CARTESIAN_POINT('',(-0.00863568826154439,-0.00266348809404748,0.0489485951423122));
#6333=CARTESIAN_POINT('',(-0.00768388103494407,-0.0047558280156727,0.0490662257983726));
#6334=CARTESIAN_POINT('',(-0.0046114405066256,-0.00777139268907441,0.0493012136334462));
#6335=CARTESIAN_POINT('',(-0.00250168323551641,-0.00868394274317987,0.0494188442895066));
#6336=CARTESIAN_POINT('',(0.00180431480052112,-0.00885515266285244,0.0496540691722678));
#6337=CARTESIAN_POINT('',(0.00397837225574658,-0.00811418255171195,0.0497715955691948));
#6338=CARTESIAN_POINT('',(0.00728325549871599,-0.0053499152909194,0.0500067729157192));
#6339=CARTESIAN_POINT('',(0.00839708628355219,-0.00333964393168396,0.0501243774546171));
#6340=CARTESIAN_POINT('',(0.00898920483768909,0.000926539822144059,0.0503594756167502));
#6341=CARTESIAN_POINT('',(0.00846535839701029,0.00316348122718078,0.0504770368496763));
#6342=CARTESIAN_POINT('',(0.00603765151004225,0.00672433420556106,0.0507122775821426));
#6343=CARTESIAN_POINT('',(0.00414674487146028,0.00802924570722281,0.050829838815076));
#6344=CARTESIAN_POINT('',(-4.08427341650735E-05,0.0090367367735776,0.0510649369771942));
#6345=CARTESIAN_POINT('',(-0.00231908446940308,0.0087343718436612,0.0511825415160921));
#6346=CARTESIAN_POINT('',(-0.00609971066187628,0.00666790327833227,0.0514177188626316));
#6347=CARTESIAN_POINT('',(-0.00758376060469704,0.0049148606971465,0.0515352452595585));
#6348=CARTESIAN_POINT('',(-0.00899760839988538,0.000843992689588168,0.0517704701423047));
#6349=CARTESIAN_POINT('',(-0.00891895700721507,-0.00145331819548919,0.0518881007983651));
#6350=CARTESIAN_POINT('',(-0.00723439872797396,-0.00541510876331788,0.0521230886334537));
#6351=CARTESIAN_POINT('',(-0.00563445495354156,-0.00706556423466902,0.0522407192895141));
#6352=CARTESIAN_POINT('',(-0.00172175070072923,-0.00887157568339992,0.0524759441722603));
#6353=CARTESIAN_POINT('',(0.000570373470137461,-0.00901898433261576,0.0525934705692023));
#6354=CARTESIAN_POINT('',(0.00468152673885401,-0.0077298584510164,0.0528286479157118));
#6355=CARTESIAN_POINT('',(0.00647986974744931,-0.00629885447521608,0.0529462524546171));
#6356=CARTESIAN_POINT('',(0.00865951380245519,-0.00258400858378199,0.0531813506167502));
#6357=CARTESIAN_POINT('',(0.00903158321260133,-0.000316876850223506,0.0532989118496836));
#6358=CARTESIAN_POINT('',(0.00815135394872708,0.00390196553892717,0.0535341525821352));
#6359=CARTESIAN_POINT('',(0.0069037520198307,0.00583116520985451,0.0536517138150611));
#6360=CARTESIAN_POINT('',(0.00342047567974597,0.00836448598349783,0.0538868119772091));
#6361=CARTESIAN_POINT('',(0.00119994472123024,0.00895698258039998,0.0540044165160996));
#6362=CARTESIAN_POINT('',(-0.00308370172150903,0.00849459757613406,0.054239593862624));
#6363=CARTESIAN_POINT('',(-0.00512564544096753,0.00744291874168673,0.054357120259551));
#6364=CARTESIAN_POINT('',(-0.00798972422286029,0.00422298323703642,0.0545923451423121));
#6365=CARTESIAN_POINT('',(-0.00879620262568228,0.00207044614568763,0.0547099757983604));
#6366=CARTESIAN_POINT('',(-0.00875598532297787,-0.00223442361652179,0.0549449636334584));
#6367=CARTESIAN_POINT('',(-0.00790943198136096,-0.00437151762092511,0.0550625942895141));
#6368=CARTESIAN_POINT('',(-0.00498569526549291,-0.00753738172718757,0.0552978191722603));
#6369=CARTESIAN_POINT('',(-0.00292445950593644,-0.00855072750622242,0.0554153455691853));
#6370=CARTESIAN_POINT('',(0.00136707797123168,-0.00893300073324047,0.0556505229157288));
#6371=CARTESIAN_POINT('',(0.00357615178246682,-0.00829912152414823,0.0557681274546171));
#6372=CARTESIAN_POINT('',(0.0070114902894816,-0.0057011651069297,0.0560032256167502));
#6373=CARTESIAN_POINT('',(0.00822283135561415,-0.00374899329973813,0.0561207868496911));
#6374=CARTESIAN_POINT('',(0.00902408664089112,0.000485557990458252,0.0563560275821278));
#6375=CARTESIAN_POINT('',(0.00860972550585464,0.00274534266892817,0.0564735888150686));
#6376=CARTESIAN_POINT('',(0.00636105767809997,0.00641881802668676,0.0567086869772017));
#6377=CARTESIAN_POINT('',(0.00453629320563149,0.00781597391451281,0.0568262915161049));
#6378=CARTESIAN_POINT('',(0.000401772852083103,0.00902806639669752,0.0570614688626186));
#6379=CARTESIAN_POINT('',(-0.00188719722293527,0.00883785987801945,0.0571789952595436));
#6380=CARTESIAN_POINT('',(-0.00576547695994212,0.00695906286809644,0.0574142201423196));
#6381=CARTESIAN_POINT('',(-0.00733430613215201,0.00527900382969635,0.0575318507983705));
#6382=CARTESIAN_POINT('',(-0.00894455252577573,0.00128643227091742,0.0577668386334483));
#6383=CARTESIAN_POINT('',(-0.00898026968918408,-0.00101194707729903,0.0578844692895067));
#6384=CARTESIAN_POINT('',(-0.00749061292153901,-0.00505568972954855,0.0581196941722678));
#6385=CARTESIAN_POINT('',(-0.0059740700325599,-0.00678069992950585,0.0582372205691927));
#6386=CARTESIAN_POINT('',(-0.00215549602488094,-0.0087761746317207,0.0584723979157214));
#6387=CARTESIAN_POINT('',(0.00012799712656445,-0.0090359225527424,0.0585900024546171));
#6388=CARTESIAN_POINT('',(0.004296030939188,-0.00795037092374817,0.0588251006167502));
#6389=CARTESIAN_POINT('',(0.00616222796481482,-0.00661035950418321,0.0589426618496836));
#6390=CARTESIAN_POINT('',(0.00852298394560038,-0.00300477136035685,0.0591779025821352));
#6391=CARTESIAN_POINT('',(0.00900494633096328,-0.000758433406744652,0.0592954638150611));
#6392=CARTESIAN_POINT('',(0.00833322630809972,0.00349594321203839,0.0595305619772091));
#6393=CARTESIAN_POINT('',(0.00718203217103585,0.00548505407211938,0.0596481665160975));
#6394=CARTESIAN_POINT('',(0.00382608115106526,0.00818709394799114,0.0598833438626261));
#6395=CARTESIAN_POINT('',(0.00163855966473251,0.00888731696332183,0.0600008702595436));
#6396=CARTESIAN_POINT('',(-0.00266348809398071,0.00863568826155186,0.0602360951423196));
#6397=CARTESIAN_POINT('',(-0.00475582801568987,0.00768388103492559,0.0603537257983705));
#6398=CARTESIAN_POINT('',(-0.0077713926890572,0.00461144050664413,0.0605887136334483));
#6399=CARTESIAN_POINT('',(-0.00868394274318175,0.00250168323551643,0.0607063442894992));
#6400=CARTESIAN_POINT('',(-0.00885515266285057,-0.0018043148005211,0.0609415691722752));
#6401=CARTESIAN_POINT('',(-0.00811418255173016,-0.00397837225572038,0.0610590955692002));
#6402=CARTESIAN_POINT('',(-0.00534991529090123,-0.00728325549874216,0.0612942729157138));
#6403=CARTESIAN_POINT('',(-0.00333964393161723,-0.00839708628355769,0.0614118774546096));
#6404=CARTESIAN_POINT('',(0.000926539822077277,-0.00898920483768358,0.0616469756167577));
#6405=CARTESIAN_POINT('',(0.00316348122713633,-0.00846535839705103,0.0617645368496912));
#6406=CARTESIAN_POINT('',(0.00672433420560556,-0.00603765151000147,0.0619997775821277));
#6407=CARTESIAN_POINT('',(0.00802924570720985,-0.0041467448715234,0.0621173388150611));
#6408=CARTESIAN_POINT('',(0.00903673677359052,4.08427342280197E-05,0.0623524369772091));
#6409=CARTESIAN_POINT('',(0.00873437184364538,0.00231908446943411,0.06247004151609));
#6410=CARTESIAN_POINT('',(0.00666790327834811,0.0060997106618452,0.0627052188626335));
#6411=CARTESIAN_POINT('',(0.00491486069715034,0.00758376060470073,0.0628227452595586));
#6412=CARTESIAN_POINT('',(0.000843992689584483,0.00899760839988164,0.0630579701423047));
#6413=CARTESIAN_POINT('',(-0.00145331819538719,0.00891895700725616,0.063175600798363));
#6414=CARTESIAN_POINT('',(-0.00541510876341983,0.00723439872793288,0.0634105886334557));
#6415=CARTESIAN_POINT('',(-0.00706556423466899,0.00563445495354527,0.0635282192894993));
#6416=CARTESIAN_POINT('',(-0.00887157568339992,0.00172175070072556,0.0637634441722752));
#6417=CARTESIAN_POINT('',(-0.00901898433260474,-0.000570373470168663,0.0638809705692151));
#6418=CARTESIAN_POINT('',(-0.0077298584510274,-0.00468152673882287,0.0641161479156989));
#6419=CARTESIAN_POINT('',(-0.00629885447521236,-0.0064798697474493,0.0642337524546246));
#6420=CARTESIAN_POINT('',(-0.00258400858378574,-0.00865951380245518,0.0644688506167428));
#6421=CARTESIAN_POINT('',(-0.00031687685022359,-0.00903158321260135,0.0645864118496762));
#6422=CARTESIAN_POINT('',(0.00390196553892708,-0.00815135394872711,0.0648216525821426));
#6423=CARTESIAN_POINT('',(0.00583116520985269,-0.00690375201983067,0.064939213815076));
#6424=CARTESIAN_POINT('',(0.0083644859834997,-0.00342047567974594,0.0651743119771942));
#6425=CARTESIAN_POINT('',(0.00895698258038938,-0.00119994472113585,0.0652919165160901));
#6426=CARTESIAN_POINT('',(0.00849459757614466,0.00308370172141448,0.0655270938626335));
#6427=CARTESIAN_POINT('',(0.00744291874167931,0.00512564544096556,0.0656446202595436));
#6428=CARTESIAN_POINT('',(0.00422298323704407,0.00798972422286206,0.0658798451423196));
#6429=CARTESIAN_POINT('',(0.00207044614557163,0.00879620262568182,0.0659974757983631));
#6430=CARTESIAN_POINT('',(-0.00223442361640587,0.00875598532297832,0.0662324636334557));
#6431=CARTESIAN_POINT('',(-0.00437151762092327,0.00790943198135344,0.0663500942894993));
#6432=CARTESIAN_POINT('',(-0.00753738172718946,0.00498569526550038,0.0665853191722753));
#6433=CARTESIAN_POINT('',(-0.00855072750622984,0.00292445950587342,0.0667028455692002));
#6434=CARTESIAN_POINT('',(-0.00893300073323306,-0.00136707797116874,0.0669380229157138));
#6435=CARTESIAN_POINT('',(-0.0082991215241483,-0.00357615178246488,0.0670556274546246));
#6436=CARTESIAN_POINT('',(-0.00570116510692973,-0.00701149028948339,0.0672907256167428));
#6437=CARTESIAN_POINT('',(-0.00374899329973805,-0.00822283135561791,0.0674082868496911));
#6438=CARTESIAN_POINT('',(0.000485557990458256,-0.00902408664088737,0.0676435275821277));
#6439=CARTESIAN_POINT('',(0.00274534266892819,-0.00860972550585279,0.067761088815076));
#6440=CARTESIAN_POINT('',(0.00641881802668672,-0.00636105767810185,0.0679961869771942));
#6441=CARTESIAN_POINT('',(0.00781597391455173,-0.00453629320549809,0.06811379151609));
#6442=CARTESIAN_POINT('',(0.00902806639665856,-0.000401772852216681,0.0683489688626335));
#6443=CARTESIAN_POINT('',(0.00883785987801946,0.00188719722293898,0.0684664952595436));
#6444=CARTESIAN_POINT('',(0.00695906286809645,0.00576547695993837,0.0687017201423196));
#6445=CARTESIAN_POINT('',(0.00527900382976306,0.00733430613212233,0.068819350798363));
#6446=CARTESIAN_POINT('',(0.00128643227085075,0.00894455252580541,0.0690543386334559));
#6447=CARTESIAN_POINT('',(-0.00101194707730287,0.00898026968918218,0.0691719692894992));
#6448=CARTESIAN_POINT('',(-0.00505568972954479,0.00749061292154088,0.0694071941722752));
#6449=CARTESIAN_POINT('',(-0.00678069992950586,0.00597407003255992,0.0695247205691853));
#6450=CARTESIAN_POINT('',(-0.00877617463172065,0.00215549602488096,0.0697598979157288));
#6451=CARTESIAN_POINT('',(-0.00903592255275533,-0.00012799712650146,0.0698775024546097));
#6452=CARTESIAN_POINT('',(-0.00795037092373523,-0.00429603093925106,0.0701126006167578));
#6453=CARTESIAN_POINT('',(-0.00661035950407577,-0.00616222796488801,0.0702301618496761));
#6454=CARTESIAN_POINT('',(-0.00300477136046443,-0.0085229839455271,0.0704654025821426));
#6455=CARTESIAN_POINT('',(-0.000758433406611254,-0.00900494633094104,0.070582963815076));
#6456=CARTESIAN_POINT('',(0.00349594321190482,-0.00833322630812198,0.0708180619771942));
#6457=CARTESIAN_POINT('',(0.00548505407219345,-0.00718203217092831,0.07093566651609));
#6458=CARTESIAN_POINT('',(0.00818709394791704,-0.00382608115117283,0.0711708438626336));
#6459=CARTESIAN_POINT('',(0.00888731696332931,-0.00163855966479932,0.0712883702595436));
#6460=CARTESIAN_POINT('',(0.00863568826154439,0.00266348809404734,0.0715235951423196));
#6461=CARTESIAN_POINT('',(0.00768388103492193,0.00475582801569354,0.071641225798363));
#6462=CARTESIAN_POINT('',(0.00461144050664789,0.00777139268905341,0.0718762136334559));
#6463=CARTESIAN_POINT('',(0.00250168323551646,0.00868394274318175,0.0719938442894992));
#6464=CARTESIAN_POINT('',(-0.00180431480052107,0.00885515266285057,0.0722290691722753));
#6465=CARTESIAN_POINT('',(-0.00397837225582236,0.00811418255164109,0.0723465955691853));
#6466=CARTESIAN_POINT('',(-0.00728325549864024,0.00534991529099022,0.0725817729157288));
#6467=CARTESIAN_POINT('',(-0.00839708628355028,0.00333964393168397,0.0726993774546246));
#6468=CARTESIAN_POINT('',(-0.00898920483769099,-0.000926539822143981,0.0729344756167428));
#6469=CARTESIAN_POINT('',(-0.00846535839697695,-0.00316348122724002,0.0730520368496761));
#6470=CARTESIAN_POINT('',(-0.00603765151007571,-0.00672433420550163,0.0732872775821427));
#6471=CARTESIAN_POINT('',(-0.00414674487146036,-0.00802924570722466,0.0734048388150611));
#6472=CARTESIAN_POINT('',(4.08427341650634E-05,-0.00903673677357572,0.0736399369772091));
#6473=CARTESIAN_POINT('',(0.00231908446949339,-0.00873437184361576,0.0737575415161049));
#6474=CARTESIAN_POINT('',(0.00609971066178578,-0.00666790327837782,0.0739927188626186));
#6475=CARTESIAN_POINT('',(0.00758376060469885,-0.00491486069715042,0.0741102452595436));
#6476=CARTESIAN_POINT('',(0.00899760839988346,-0.000843992689584562,0.0743454701423196));
#6477=CARTESIAN_POINT('',(0.00891895700720053,0.00145331819551695,0.074463100798363));
#6478=CARTESIAN_POINT('',(0.00723439872798848,0.00541510876329013,0.0746980886334558));
#6479=CARTESIAN_POINT('',(0.00563445495353777,0.00706556423466902,0.0748157192895291));
#6480=CARTESIAN_POINT('',(0.00172175070073299,0.00887157568339993,0.0750509441722454));
#6481=CARTESIAN_POINT('',(-0.00057037347016858,0.00901898433260664,0.0751684705691853));
#6482=CARTESIAN_POINT('',(-0.00468152673882279,0.00772985845102556,0.0754036479157289));
#6483=CARTESIAN_POINT('',(-0.00647986974744932,0.00629885447521237,0.0755212524546246));
#6484=CARTESIAN_POINT('',(-0.0086595138024552,0.00258400858378567,0.0757563506167428));
#6485=CARTESIAN_POINT('',(-0.00903158321263105,0.000316876850357079,0.0758739118496762));
#6486=CARTESIAN_POINT('',(-0.00815135394869738,-0.00390196553906065,0.0761091525821426));
#6487=CARTESIAN_POINT('',(-0.00690375201983071,-0.00583116520985633,0.0762267138150611));
#6488=CARTESIAN_POINT('',(-0.00342047567974604,-0.00836448598349595,0.0764618119772091));
#6489=CARTESIAN_POINT('',(-0.00119994472126927,-0.00895698258040422,0.0765794165161049));
#6490=CARTESIAN_POINT('',(0.00308370172154797,-0.00849459757612982,0.0768145938626186));
#6491=CARTESIAN_POINT('',(0.00512564544096559,-0.00744291874167931,0.0769321202595436));
#6492=CARTESIAN_POINT('',(0.00727370452738796,-0.00502796711320284,0.0771085389216257));
#6493=CARTESIAN_POINT('',(0.00783931101442564,-0.0040904294362296,0.0771673128126124));
#6494=CARTESIAN_POINT('',(0.00840661283058669,-0.00257786228344264,0.0772554909527271));
#6495=CARTESIAN_POINT('',(0.00854919183773285,-0.00205622334369357,0.0772848841828391));
#6496=CARTESIAN_POINT('',(0.00868966384629162,-0.00126049070499199,0.0773289901484729));
#6497=CARTESIAN_POINT('',(0.00872423045842963,-0.000993416919245266,0.0773436741682888));
#6498=CARTESIAN_POINT('',(0.00875760195557761,-0.00059083606306609,0.0773657240636635));
#6499=CARTESIAN_POINT('',(0.00876563925315814,-0.000456344996409781,0.0773730762922187));
#6500=CARTESIAN_POINT('',(0.00877304505566067,-0.000254483238697421,0.0773841021539002));
#6501=CARTESIAN_POINT('',(0.00877473894107563,-0.000187175149191475,0.0773877770275506));
#6502=CARTESIAN_POINT('',(0.00877657759733955,-5.25708922470601E-05,0.077395124969557));
#6503=CARTESIAN_POINT('',(0.00877640625306077,1.48251878267166E-05,0.0773987980344337));
#6504=CARTESIAN_POINT('',(0.00877574174281353,0.000157745153959807,0.0774066111504912));
#6505=CARTESIAN_POINT('',(0.00877609397433008,0.000233275807978167,0.0774107525772956));
#6506=CARTESIAN_POINT('',(0.00877609397433008,0.000384562880538673,0.0774190354386808));
#6507=CARTESIAN_POINT('',(0.00877609397433009,0.000460206416818089,0.0774231768693743));
#6508=CARTESIAN_POINT('',(0.00877609397433009,0.000687137025658849,0.0774356011614521));
#6509=CARTESIAN_POINT('',(0.00877609397433009,0.000838424098219144,0.0774438840228381));
#6510=CARTESIAN_POINT('',(0.00877609397433009,0.00129228531590066,0.0774687326069969));
#6511=CARTESIAN_POINT('',(0.0087760939743301,0.00159485946102272,0.0774852983297669));
#6512=CARTESIAN_POINT('',(0.0087760939743301,0.00250258189638582,0.0775349954980843));
#6513=CARTESIAN_POINT('',(0.00877609397433012,0.00310771014460566,0.077568125846341));
#6514=CARTESIAN_POINT('',(0.00877609397433012,0.00371287849894133,0.0776012583903776));
#6515=CARTESIAN_POINT('',(0.0058334413805415,-0.0033952670900676,0.0320108176351852));
#6516=CARTESIAN_POINT('',(0.0058334413805415,-0.00281523954648115,0.0320425737374263));
#6517=CARTESIAN_POINT('',(0.0058334413805415,-0.00223524884496929,0.032074327822583));
#6518=CARTESIAN_POINT('',(0.0058334413805415,-0.00136523517701066,0.0321219604622626));
#6519=CARTESIAN_POINT('',(0.0058334413805415,-0.00107523062102454,0.0321378380088227));
#6520=CARTESIAN_POINT('',(0.0058334413805415,-0.000640223787045307,0.0321616543286624));
#6521=CARTESIAN_POINT('',(0.0058334413805415,-0.000495221509052219,0.0321695931019424));
#6522=CARTESIAN_POINT('',(0.0058334413805415,-0.000277718092062601,0.0321815012618623));
#6523=CARTESIAN_POINT('',(0.0058334413805415,-0.000205216953066059,0.0321854706485023));
#6524=CARTESIAN_POINT('',(0.0058334413805415,-6.02146750729738E-05,0.0321934094217822));
#6525=CARTESIAN_POINT('',(0.00583379402858496,2.4369514168248E-05,0.0321973788046952));
#6526=CARTESIAN_POINT('',(0.00583311518151123,0.000140674264784548,0.0322050198765376));
#6527=CARTESIAN_POINT('',(0.00583162736411074,0.00017421667908734,0.0322086929414145));
#6528=CARTESIAN_POINT('',(0.00582826937217943,0.000263638559937434,0.0322160408834211));
#6529=CARTESIAN_POINT('',(0.00582607555071945,0.000308341169844456,0.0322197157570715));
#6530=CARTESIAN_POINT('',(0.0058179505704078,0.000442370574827306,0.0322307416187526));
#6531=CARTESIAN_POINT('',(0.00581047507685507,0.000531618865284156,0.0322380938473078));
#6532=CARTESIAN_POINT('',(0.00578190930094194,0.000798623784698595,0.0322601437426834));
#6533=CARTESIAN_POINT('',(0.00575469975605523,0.000975558715154111,0.0322748277624973));
#6534=CARTESIAN_POINT('',(0.0056487213326233,0.00150213242713329,0.0323189337281352));
#6535=CARTESIAN_POINT('',(0.00554569246360227,0.00184652414019208,0.0323483269582463));
#6536=CARTESIAN_POINT('',(0.0051446890471423,0.0028426955487407,0.0324365050983555));
#6537=CARTESIAN_POINT('',(0.00475393774656643,0.00345675887498974,0.0324952789893484));
#6538=CARTESIAN_POINT('',(0.00328812394733812,0.00502752256566608,0.0326716976514232));
#6539=CARTESIAN_POINT('',(0.00191446355113352,0.00569400934863206,0.0327892240483483));
#6540=CARTESIAN_POINT('',(-0.000939565212531587,0.00593330686538236,0.0330244013948714));
#6541=CARTESIAN_POINT('',(-0.00240581308851273,0.00550432519271394,0.0331420059337696));
#6542=CARTESIAN_POINT('',(-0.00468041643533541,0.00376553242467342,0.0333771040959034));
#6543=CARTESIAN_POINT('',(-0.00547889282339744,0.00246368669795861,0.0334946653288361));
#6544=CARTESIAN_POINT('',(-0.00599689653837627,-0.000353907648983929,0.0337299060612882));
#6545=CARTESIAN_POINT('',(-0.00571365989054323,-0.00185462209210768,0.033847467294221));
#6546=CARTESIAN_POINT('',(-0.00420622754603094,-0.0042887273491165,0.0340825654563549));
#6547=CARTESIAN_POINT('',(-0.00298843190342751,-0.00521115993862621,0.034200169995253));
#6548=CARTESIAN_POINT('',(-0.000235913176472192,-0.00600260427848742,0.0344353473417762));
#6549=CARTESIAN_POINT('',(0.00128497523012389,-0.00586826898662114,0.0345528737387011));
#6550=CARTESIAN_POINT('',(0.00385649636793391,-0.00460599370426344,0.0347880986214677));
#6551=CARTESIAN_POINT('',(0.00489354456637359,-0.00348379549855922,0.0349057292775193));
#6552=CARTESIAN_POINT('',(0.0059501432466147,-0.000824260179555972,0.0351407171126051));
#6553=CARTESIAN_POINT('',(0.00596595350969018,0.00070366253260446,0.0352583477686568));
#6554=CARTESIAN_POINT('',(0.00496178000702861,0.00338651463945944,0.0354935726514233));
#6555=CARTESIAN_POINT('',(0.00394773673208068,0.00452794521224627,0.0356110990483476));
#6556=CARTESIAN_POINT('',(0.00140253316720622,0.00584121681349507,0.035846276394872));
#6557=CARTESIAN_POINT('',(-0.000116267413924056,0.00600599819617838,0.0359638809337699));
#6558=CARTESIAN_POINT('',(-0.00288313407527897,0.00527001616253269,0.036198979095903));
#6559=CARTESIAN_POINT('',(-0.00411902485851584,0.00437283122598594,0.0363165403288364));
#6560=CARTESIAN_POINT('',(-0.00567584456424408,0.00196794491754525,0.036551781061288));
#6561=CARTESIAN_POINT('',(-0.00598846657655824,0.000473075586851742,0.0366693422942139));
#6562=CARTESIAN_POINT('',(-0.00552727244129431,-0.00235261382375987,0.036904440456362));
#6563=CARTESIAN_POINT('',(-0.00475517564178768,-0.00367086062975144,0.0370220449952526));
#6564=CARTESIAN_POINT('',(-0.00251505256362301,-0.00545540317054177,0.0372572223417765));
#6565=CARTESIAN_POINT('',(-0.00105852700294945,-0.00591331233958093,0.0373747487387011));
#6566=CARTESIAN_POINT('',(0.00180030058134183,-0.00573120057722631,0.0376099736214676));
#6567=CARTESIAN_POINT('',(0.00318785484726366,-0.00509128578766158,0.0377276042775258));
#6568=CARTESIAN_POINT('',(0.00518178484637726,-0.00303853835003792,0.0379625921125986));
#6569=CARTESIAN_POINT('',(0.00578110233272329,-0.00163297215475292,0.0380802227686568));
#6570=CARTESIAN_POINT('',(0.00588005003929751,0.00122994055821867,0.0383154476514233));
#6571=CARTESIAN_POINT('',(0.00538000278190303,0.00267254246321688,0.0384329740483476));
#6572=CARTESIAN_POINT('',(0.00353110858621981,0.00485985445252008,0.038668151394872));
#6573=CARTESIAN_POINT('',(0.00219097892046012,0.00559331241878224,0.0387857559337699));
#6574=CARTESIAN_POINT('',(-0.000646920687929076,0.00597218771246348,0.039020854095903));
#6575=CARTESIAN_POINT('',(-0.0021320726979782,0.00561625183966034,0.0391384153288364));
#6576=CARTESIAN_POINT('',(-0.00449069670686515,0.00399019570985361,0.039373656061288));
#6577=CARTESIAN_POINT('',(-0.00535158351187117,0.00272875179613242,0.0394912172942213));
#6578=CARTESIAN_POINT('',(-0.00600684021222587,-5.83361702117848E-05,0.0397263154563545));
#6579=CARTESIAN_POINT('',(-0.00579798699447675,-0.00157170606642707,0.0398439199952524));
#6580=CARTESIAN_POINT('',(-0.00441129799695394,-0.00407766638323845,0.0400790973417768));
#6581=CARTESIAN_POINT('',(-0.00324087809538347,-0.00505810749314622,0.0401966237387011));
#6582=CARTESIAN_POINT('',(-0.000529974649005576,-0.00598388411577221,0.0404318486214677));
#6583=CARTESIAN_POINT('',(0.000996843125646294,-0.00592367396821156,0.0405494792775251));
#6584=CARTESIAN_POINT('',(0.0036245466762632,-0.00479022660114684,0.0407844671125993));
#6585=CARTESIAN_POINT('',(0.00471613073142425,-0.00372100163446114,0.0409020977686571));
#6586=CARTESIAN_POINT('',(0.0059031357558679,-0.00111388082358945,0.041137322651423));
#6587=CARTESIAN_POINT('',(0.00599321217801408,0.00041026935082901,0.0412548490483476));
#6588=CARTESIAN_POINT('',(0.00512210473257369,0.00313862330583069,0.041490026394872));
#6589=CARTESIAN_POINT('',(0.00416466857549895,0.00432909552912456,0.0416076309337702));
#6590=CARTESIAN_POINT('',(0.00168778050978604,0.0057651478211934,0.0418427290959027));
#6591=CARTESIAN_POINT('',(0.000179468203550039,0.00600464902220778,0.0419602903288439));
#6592=CARTESIAN_POINT('',(-0.00262188098414352,0.00540497537653933,0.0421955310612805));
#6593=CARTESIAN_POINT('',(-0.00389997036971536,0.00456900028067048,0.0423130922942213));
#6594=CARTESIAN_POINT('',(-0.00557192101299983,0.00224482263641044,0.0425481904563545));
#6595=CARTESIAN_POINT('',(-0.0059581073861328,0.000766726497958585,0.0426657949952524));
#6596=CARTESIAN_POINT('',(-0.00563596329877146,-0.00207914185322363,0.0429009723417768));
#6597=CARTESIAN_POINT('',(-0.00492983487645118,-0.00343285163273314,0.0430184987387011));
#6598=CARTESIAN_POINT('',(-0.0027795660432513,-0.00532557554174186,0.0432537236214677));
#6599=CARTESIAN_POINT('',(-0.00134592892546211,-0.00585423648534808,0.0433713542775254));
#6600=CARTESIAN_POINT('',(0.00151550413130228,-0.00581264627573492,0.043606342112599));
#6601=CARTESIAN_POINT('',(0.00293317097810445,-0.00524254234629846,0.043723972768652));
#6602=CARTESIAN_POINT('',(0.00502752256565922,-0.00328812394734889,0.043959197651428));
#6603=CARTESIAN_POINT('',(0.00569400934863459,-0.00191446355112864,0.0440767240483473));
#6604=CARTESIAN_POINT('',(0.00593330686537983,0.000939565212526701,0.0443119013948723));
#6605=CARTESIAN_POINT('',(0.00550432519273379,0.00240581308848983,0.0444295059337622));
#6606=CARTESIAN_POINT('',(0.00376553242465361,0.00468041643535825,0.0446646040959108));
#6607=CARTESIAN_POINT('',(0.00246368669799038,0.00547889282339365,0.0447821653288364));
#6608=CARTESIAN_POINT('',(-0.000353907649015643,0.00599689653838006,0.045017406061288));
#6609=CARTESIAN_POINT('',(-0.00185462209208107,0.00571365989056676,0.0451349672942214));
#6610=CARTESIAN_POINT('',(-0.00428872734914311,0.00420622754600742,0.0453700654563545));
#6611=CARTESIAN_POINT('',(-0.00521115993861967,0.00298843190344476,0.0454876699952523));
#6612=CARTESIAN_POINT('',(-0.00600260427849395,0.000235913176454989,0.0457228473417768));
#6613=CARTESIAN_POINT('',(-0.00586826898661134,-0.00128497523014215,0.0458403737387039));
#6614=CARTESIAN_POINT('',(-0.00460599370427324,-0.00385649636791562,0.046075598621465));
#6615=CARTESIAN_POINT('',(-0.0034837954985614,-0.00489354456637313,0.0461932292775254));
#6616=CARTESIAN_POINT('',(-0.0008242601795538,-0.00595014324661516,0.0464282171125991));
#6617=CARTESIAN_POINT('',(0.000703662532644522,-0.00596595350967961,0.0465458477686595));
#6618=CARTESIAN_POINT('',(0.00338651463941931,-0.00496178000703919,0.0467810726514206));
#6619=CARTESIAN_POINT('',(0.00452794521223966,-0.00394773673210122,0.0468985990483476));
#6620=CARTESIAN_POINT('',(0.00584121681350166,-0.0014025331671857,0.047133776394872));
#6621=CARTESIAN_POINT('',(0.00600599819618295,0.000116267413901657,0.0472513809337622));
#6622=CARTESIAN_POINT('',(0.00527001616252813,0.00288313407530135,0.0474864790959108));
#6623=CARTESIAN_POINT('',(0.0043728312260289,0.00411902485848315,0.0476040403288364));
#6624=CARTESIAN_POINT('',(0.00196794491750233,0.00567584456427675,0.0478392810612879));
#6625=CARTESIAN_POINT('',(0.000473075586844277,0.00598846657655371,0.0479568422942291));
#6626=CARTESIAN_POINT('',(-0.00235261382375242,0.00552727244129885,0.0481919404563467));
#6627=CARTESIAN_POINT('',(-0.00367086062973076,0.00475517564181197,0.0483095449952523));
#6628=CARTESIAN_POINT('',(-0.00545540317056242,0.00251505256359877,0.0485447223417768));
#6629=CARTESIAN_POINT('',(-0.00591331233957987,0.00105852700295031,0.0486622487387039));
#6630=CARTESIAN_POINT('',(-0.00573120057722737,-0.00180030058134263,0.048897473621465));
#6631=CARTESIAN_POINT('',(-0.00509128578765827,-0.00318785484725796,0.0490151042775254));
#6632=CARTESIAN_POINT('',(-0.00303853835004123,-0.00518178484638298,0.0492500921125991));
#6633=CARTESIAN_POINT('',(-0.00163297215474998,-0.00578110233272162,0.0493677227686595));
#6634=CARTESIAN_POINT('',(0.00122994055821572,-0.00588005003929918,0.0496029476514206));
#6635=CARTESIAN_POINT('',(0.00267254246320194,-0.0053800027819161,0.0497204740483476));
#6636=CARTESIAN_POINT('',(0.00485985445253502,-0.00353110858620674,0.049955651394872));
#6637=CARTESIAN_POINT('',(0.00559331241878219,-0.00219097892047847,0.0500732559337697));
#6638=CARTESIAN_POINT('',(0.0059721877124635,0.000646920687947349,0.0503083540959033));
#6639=CARTESIAN_POINT('',(0.00561625183966674,0.00213207269796138,0.050425915328829));
#6640=CARTESIAN_POINT('',(0.00399019570984722,0.00449069670688193,0.0506611560612954));
#6641=CARTESIAN_POINT('',(0.00272875179614174,0.00535158351186251,0.0507787172942288));
#6642=CARTESIAN_POINT('',(-5.83361702211302E-05,0.00600684021223452,0.051013815456347));
#6643=CARTESIAN_POINT('',(-0.00157170606640093,0.00579798699448516,0.0511314199952448));
#6644=CARTESIAN_POINT('',(-0.00407766638326457,0.00441129799694554,0.0513665973417843));
#6645=CARTESIAN_POINT('',(-0.0050581074931419,0.00324087809538975,0.0514841237387115));
#6646=CARTESIAN_POINT('',(-0.00598388411577653,0.000529974648999326,0.0517193486214572));
#6647=CARTESIAN_POINT('',(-0.00592367396821624,-0.000996843125629472,0.0518369792775176));
#6648=CARTESIAN_POINT('',(-0.0047902266011422,-0.00362454667627996,0.0520719671126067));
#6649=CARTESIAN_POINT('',(-0.00372100163447604,-0.00471613073142109,0.052189597768667));
#6650=CARTESIAN_POINT('',(-0.00111388082357452,-0.00590313575587107,0.0524248226514131));
#6651=CARTESIAN_POINT('',(0.000410269350851341,-0.00599321217800583,0.0525423490483551));
#6652=CARTESIAN_POINT('',(0.00313862330580837,-0.00512210473258194,0.0527775263948646));
#6653=CARTESIAN_POINT('',(0.00432909552912361,-0.00416466857550271,0.05289513093377));
#6654=CARTESIAN_POINT('',(0.00576514782119431,-0.00168778050978233,0.053130229095903));
#6655=CARTESIAN_POINT('',(0.00600464902219826,-0.000179468203510822,0.0532477903288364));
#6656=CARTESIAN_POINT('',(0.00540497537654884,0.00262188098410432,0.0534830310612879));
#6657=CARTESIAN_POINT('',(0.00456900028066836,0.00389997036971446,0.0536005922942137));
#6658=CARTESIAN_POINT('',(0.0022448226364126,0.00557192101300071,0.0538356904563622));
#6659=CARTESIAN_POINT('',(0.00076672649797727,0.00595810738613473,0.0539532949952523));
#6660=CARTESIAN_POINT('',(-0.00207914185324228,0.00563596329876953,0.0541884723417768));
#6661=CARTESIAN_POINT('',(-0.00343285163273712,0.00492983487645266,0.0543059987387039));
#6662=CARTESIAN_POINT('',(-0.00532557554173785,0.00277956604324983,0.054541223621465));
#6663=CARTESIAN_POINT('',(-0.0058542364853503,0.0013459289255338,0.0546588542775132));
#6664=CARTESIAN_POINT('',(-0.00581264627573269,-0.00151550413137395,0.0548938421126112));
#6665=CARTESIAN_POINT('',(-0.00524254234632229,-0.00293317097808767,0.055011472768667));
#6666=CARTESIAN_POINT('',(-0.00328812394732501,-0.00502752256567604,0.0552466976514131));
#6667=CARTESIAN_POINT('',(-0.00191446355112485,-0.0056940093486325,0.055364224048338));
#6668=CARTESIAN_POINT('',(0.000939565212522836,-0.00593330686538191,0.0555994013948816));
#6669=CARTESIAN_POINT('',(0.00240581308851036,-0.00550432519271713,0.05571700593377));
#6670=CARTESIAN_POINT('',(0.00468041643533774,-0.00376553242467027,0.055952104095903));
#6671=CARTESIAN_POINT('',(0.00547889282340311,-0.00246368669792505,0.0560696653288439));
#6672=CARTESIAN_POINT('',(0.0059968965383706,0.000353907648950275,0.0563049060612806));
#6673=CARTESIAN_POINT('',(0.00571365989055557,0.00185462209209412,0.0564224672942214));
#6674=CARTESIAN_POINT('',(0.00420622754601862,0.00428872734913003,0.0566575654563545));
#6675=CARTESIAN_POINT('',(0.00298843190346914,0.00521115993861623,0.0567751699952577));
#6676=CARTESIAN_POINT('',(0.000235913176430673,0.00600260427849737,0.0570103473417714));
#6677=CARTESIAN_POINT('',(-0.00128497523011971,0.00586826898662349,0.0571278737386966));
#6678=CARTESIAN_POINT('',(-0.00385649636793798,0.00460599370426113,0.057363098621472));
#6679=CARTESIAN_POINT('',(-0.00489354456636728,0.00348379549857696,0.057480729277523));
#6680=CARTESIAN_POINT('',(-0.00595014324662101,0.000824260179538263,0.0577157171126013));
#6681=CARTESIAN_POINT('',(-0.0059659535096936,-0.000703662532599721,0.0578333477686595));
#6682=CARTESIAN_POINT('',(-0.00496178000702519,-0.00338651463946412,0.0580685726514206));
#6683=CARTESIAN_POINT('',(-0.00394773673212474,-0.00452794521222683,0.0581860990483455));
#6684=CARTESIAN_POINT('',(-0.00140253316716221,-0.00584121681351448,0.0584212763948741));
#6685=CARTESIAN_POINT('',(0.000116267413963184,-0.00600599819617082,0.05853888093377));
#6686=CARTESIAN_POINT('',(0.00288313407523972,-0.00527001616254029,0.058773979095903));
#6687=CARTESIAN_POINT('',(0.00411902485848503,-0.00437283122602141,0.0588915403288364));
#6688=CARTESIAN_POINT('',(0.00567584456427489,-0.00196794491750977,0.0591267810612879));
#6689=CARTESIAN_POINT('',(0.00598846657655778,-0.000473075586851477,0.0592443422942139));
#6690=CARTESIAN_POINT('',(0.00552727244129479,0.00235261382375959,0.059479440456362));
#6691=CARTESIAN_POINT('',(0.00475517564183314,0.00367086062972595,0.0595970449952505));
#6692=CARTESIAN_POINT('',(0.00251505256357762,0.00545540317056721,0.0598322223417787));
#6693=CARTESIAN_POINT('',(0.00105852700290552,0.00591331233957203,0.0599497487386964));
#6694=CARTESIAN_POINT('',(-0.00180030058129781,0.0057312005772352,0.0601849736214723));
#6695=CARTESIAN_POINT('',(-0.00318785484726822,0.00509128578764642,0.060302604277523));
#6696=CARTESIAN_POINT('',(-0.0051817848463727,0.0030385383500531,0.0605375921126013));
#6697=CARTESIAN_POINT('',(-0.00578110233272384,0.00163297215474999,0.060655222768652));
#6698=CARTESIAN_POINT('',(-0.00588005003929697,-0.0012299405582157,0.0608904476514281));
#6699=CARTESIAN_POINT('',(-0.00538000278192789,-0.00267254246318487,0.061007974048353));
#6700=CARTESIAN_POINT('',(-0.00353110858619497,-0.00485985445255206,0.0612431513948666));
#6701=CARTESIAN_POINT('',(-0.00219097892043191,-0.00559331241878286,0.0613607559337627));
#6702=CARTESIAN_POINT('',(0.000646920687900752,-0.00597218771246283,0.0615958540959102));
#6703=CARTESIAN_POINT('',(0.00213207269793339,-0.00561625183969189,0.0617134153288441));
#6704=CARTESIAN_POINT('',(0.00449069670690996,-0.00399019570982204,0.0619486560612803));
#6705=CARTESIAN_POINT('',(0.0053515835118554,-0.00272875179618471,0.0620662172942137));
#6706=CARTESIAN_POINT('',(0.00600684021224162,5.83361702639916E-05,0.0623013154563622));
#6707=CARTESIAN_POINT('',(0.00579798699447563,0.00157170606642103,0.0624189199952429));
#6708=CARTESIAN_POINT('',(0.00441129799695508,0.00407766638324443,0.0626540973417863));
#6709=CARTESIAN_POINT('',(0.0032408780953954,0.00505810749314456,0.0627716237387112));
#6710=CARTESIAN_POINT('',(0.000529974648993785,0.00598388411577383,0.0630068486214575));
#6711=CARTESIAN_POINT('',(-0.000996843125557506,0.00592367396824422,0.0631244792775158));
#6712=CARTESIAN_POINT('',(-0.00362454667635189,0.00479022660111422,0.0633594671126085));
#6713=CARTESIAN_POINT('',(-0.00471613073142015,0.00372100163447758,0.063477097768652));
#6714=CARTESIAN_POINT('',(-0.005903135755872,0.00111388082357301,0.0637123226514281));
#6715=CARTESIAN_POINT('',(-0.00599321217799877,-0.000410269350869121,0.0638298490483679));
#6716=CARTESIAN_POINT('',(-0.00512210473258897,-0.00313862330579064,0.0640650263948517));
#6717=CARTESIAN_POINT('',(-0.00416466857549899,-0.00432909552912364,0.0641826309337773));
#6718=CARTESIAN_POINT('',(-0.00168778050978608,-0.00576514782119428,0.0644177290958955));
#6719=CARTESIAN_POINT('',(-0.000179468203510877,-0.00600464902219796,0.0645352903288289));
#6720=CARTESIAN_POINT('',(0.00262188098410426,-0.00540497537654917,0.0647705310612954));
#6721=CARTESIAN_POINT('',(0.00389997036971344,-0.00456900028066833,0.0648880922942288));
#6722=CARTESIAN_POINT('',(0.00557192101300177,-0.00224482263641258,0.065123190456347));
#6723=CARTESIAN_POINT('',(0.00595810738612772,-0.000766726497915815,0.0652407949952429));
#6724=CARTESIAN_POINT('',(0.00563596329877653,0.00207914185318072,0.0654759723417863));
#6725=CARTESIAN_POINT('',(0.00492983487644155,0.00343285163273513,0.0655934987386964));
#6726=CARTESIAN_POINT('',(0.0027795660432611,0.00532557554173973,0.0658287236214725));
#6727=CARTESIAN_POINT('',(0.0013459289254581,0.00585423648535029,0.0659463542775158));
#6728=CARTESIAN_POINT('',(-0.0015155041312983,0.00581264627573272,0.0661813421126085));
#6729=CARTESIAN_POINT('',(-0.00293317097808589,0.00524254234631336,0.066298972768652));
#6730=CARTESIAN_POINT('',(-0.00502752256567785,0.00328812394733391,0.0665341976514281));
#6731=CARTESIAN_POINT('',(-0.00569400934863738,0.00191446355108562,0.066651724048353));
#6732=CARTESIAN_POINT('',(-0.00593330686537704,-0.000939565212483661,0.0668869013948666));
#6733=CARTESIAN_POINT('',(-0.00550432519271799,-0.00240581308850845,0.0670045059337773));
#6734=CARTESIAN_POINT('',(-0.00376553242466947,-0.00468041643533955,0.0672396040958955));
#6735=CARTESIAN_POINT('',(-0.00246368669792316,-0.00547889282340764,0.0673571653288439));
#6736=CARTESIAN_POINT('',(0.000353907648948435,-0.00599689653836608,0.0675924060612806));
#6737=CARTESIAN_POINT('',(0.00185462209209597,-0.00571365989055371,0.0677099672942288));
#6738=CARTESIAN_POINT('',(0.00428872734912815,-0.00420622754602049,0.067945065456347));
#6739=CARTESIAN_POINT('',(0.00521115993864291,-0.00298843190337988,0.0680626699952429));
#6740=CARTESIAN_POINT('',(0.00600260427847066,-0.000235913176520051,0.0682978473417863));
#6741=CARTESIAN_POINT('',(0.00586826898662351,0.00128497523012344,0.0684153737386964));
#6742=CARTESIAN_POINT('',(0.00460599370426113,0.00385649636793424,0.0686505986214725));
#6743=CARTESIAN_POINT('',(0.00348379549862174,0.00489354456634553,0.0687682292775158));
#6744=CARTESIAN_POINT('',(0.000824260179493518,0.00595014324664275,0.0690032171126085));
#6745=CARTESIAN_POINT('',(-0.000703662532607205,0.0059659535096908,0.069120847768652));
#6746=CARTESIAN_POINT('',(-0.00338651463945668,0.00496178000702798,0.0693560726514281));
#6747=CARTESIAN_POINT('',(-0.00452794521222868,0.00394773673212475,0.069473599048338));
#6748=CARTESIAN_POINT('',(-0.00584121681351262,0.00140253316716222,0.0697087763948816));
#6749=CARTESIAN_POINT('',(-0.00600599819617742,-0.000116267413920363,0.0698263809337625));
#6750=CARTESIAN_POINT('',(-0.00527001616253367,-0.00288313407528259,0.0700614790959105));
#6751=CARTESIAN_POINT('',(-0.00437283122595237,-0.00411902485853311,0.0701790403288289));
#6752=CARTESIAN_POINT('',(-0.0019679449175789,-0.00567584456422674,0.0704142810612954));
#6753=CARTESIAN_POINT('',(-0.000473075586760376,-0.00598846657654202,0.0705318422942288));
#6754=CARTESIAN_POINT('',(0.00235261382366838,-0.00552727244131057,0.070766940456347));
#6755=CARTESIAN_POINT('',(0.00367086062977168,-0.00475517564176063,0.0708845449952429));
#6756=CARTESIAN_POINT('',(0.00545540317052147,-0.00251505256365015,0.0711197223417863));
#6757=CARTESIAN_POINT('',(0.0059133123395798,-0.00105852700294852,0.0712372487386964));
#6758=CARTESIAN_POINT('',(0.00573120057722745,0.0018003005813407,0.0714724736214725));
#6759=CARTESIAN_POINT('',(0.00509128578764371,0.00318785484727187,0.0715901042775158));
#6760=CARTESIAN_POINT('',(0.00303853835005591,0.00518178484636896,0.0718250921126085));
#6761=CARTESIAN_POINT('',(0.00163297215475001,0.00578110233272398,0.071942722768652));
#6762=CARTESIAN_POINT('',(-0.00122994055821569,0.00588005003929684,0.0721779476514281));
#6763=CARTESIAN_POINT('',(-0.00267254246325209,0.00538000278186627,0.072295474048338));
#6764=CARTESIAN_POINT('',(-0.00485985445248488,0.00353110858625654,0.0725306513948816));
#6765=CARTESIAN_POINT('',(-0.00559331241877811,0.00219097892047671,0.0726482559337773));
#6766=CARTESIAN_POINT('',(-0.00597218771246758,-0.000646920687945522,0.0728833540958955));
#6767=CARTESIAN_POINT('',(-0.0056162518396435,-0.00213207269800053,0.0730009153288289));
#6768=CARTESIAN_POINT('',(-0.00399019570987054,-0.00449069670684266,0.0732361560612954));
#6769=CARTESIAN_POINT('',(-0.00272875179614364,-0.00535158351186429,0.0733537172942139));
#6770=CARTESIAN_POINT('',(5.83361702229616E-05,-0.00600684021223274,0.073588815456362));
#6771=CARTESIAN_POINT('',(0.00157170606646204,-0.00579798699445619,0.0737064199952577));
#6772=CARTESIAN_POINT('',(0.00407766638320332,-0.00441129799697457,0.0739415973417714));
#6773=CARTESIAN_POINT('',(0.00505810749314373,-0.00324087809539546,0.0740591237386964));
#6774=CARTESIAN_POINT('',(0.00598388411577462,-0.000529974648993841,0.0742943486214725));
#6775=CARTESIAN_POINT('',(0.00592367396820506,0.000996843125646771,0.0744119792775157));
#6776=CARTESIAN_POINT('',(0.00479022660115337,0.00362454667626267,0.0746469671126085));
#6777=CARTESIAN_POINT('',(0.00372100163447044,0.00471613073142109,0.0747645977686818));
#6778=CARTESIAN_POINT('',(0.00111388082358012,0.00590313575587107,0.0749998226513982));
#6779=CARTESIAN_POINT('',(-0.000410269350869069,0.00599321217800066,0.075117349048338));
#6780=CARTESIAN_POINT('',(-0.00313862330579058,0.00512210473258713,0.0753525263948815));
#6781=CARTESIAN_POINT('',(-0.00432909552912365,0.00416466857550084,0.0754701309337773));
#6782=CARTESIAN_POINT('',(-0.00576514782119428,0.00168778050978419,0.0757052290958955));
#6783=CARTESIAN_POINT('',(-0.00600464902222012,0.000179468203600196,0.0758227903288289));
#6784=CARTESIAN_POINT('',(-0.00540497537652699,-0.00262188098419363,0.0760580310612954));
#6785=CARTESIAN_POINT('',(-0.00456900028066679,-0.00389997036971523,0.0761755922942139));
#6786=CARTESIAN_POINT('',(-0.00224482263641421,-0.0055719210129999,0.076410690456362));
#6787=CARTESIAN_POINT('',(-0.000766726498003521,-0.00595810738613792,0.0765282949952577));
#6788=CARTESIAN_POINT('',(0.00207914185326848,-0.00563596329876634,0.0767634723417714));
#6789=CARTESIAN_POINT('',(0.00343285163273515,-0.00492983487644312,0.0768809987386964));
#6790=CARTESIAN_POINT('',(0.00485239456448858,-0.0033171332515554,0.0770574174007784));
#6791=CARTESIAN_POINT('',(0.00522513405890142,-0.00269197277866482,0.0771161912917652));
#6792=CARTESIAN_POINT('',(0.00559701599481573,-0.00168456767597939,0.0772043694318799));
#6793=CARTESIAN_POINT('',(0.00568999216220941,-0.00133732707901193,0.0772337626619919));
#6794=CARTESIAN_POINT('',(0.00578062181757012,-0.000807895718079757,0.0772778686276257));
#6795=CARTESIAN_POINT('',(0.00580267754532542,-0.000630244729273996,0.0772925526474415));
#6796=CARTESIAN_POINT('',(0.00582347119495604,-0.000362522383030965,0.0773146025428163));
#6797=CARTESIAN_POINT('',(0.00582834967572327,-0.000273094530666474,0.0773219547713715));
#6798=CARTESIAN_POINT('',(0.00583257587937111,-0.000138885604328192,0.077332980633053));
#6799=CARTESIAN_POINT('',(0.0058334695661896,-9.41381182655632E-05,0.0773366555067035));
#6800=CARTESIAN_POINT('',(0.00583422723956612,-4.6564172572764E-06,0.0773440034487097));
#6801=CARTESIAN_POINT('',(0.00583376502853644,2.89009039767518E-05,0.0773476765135865));
#6802=CARTESIAN_POINT('',(0.00583307632518269,0.00014782441839541,0.0773554896296441));
#6803=CARTESIAN_POINT('',(0.0058334413805415,0.000236074675481176,0.0773596310564484));
#6804=CARTESIAN_POINT('',(0.0058334413805415,0.000387361748041682,0.0773679139178336));
#6805=CARTESIAN_POINT('',(0.0058334413805415,0.000463005284321099,0.0773720553485271));
#6806=CARTESIAN_POINT('',(0.0058334413805415,0.000689935893161857,0.0773844796406049));
#6807=CARTESIAN_POINT('',(0.00583344138054152,0.000841222965722152,0.0773927625019908));
#6808=CARTESIAN_POINT('',(0.00583344138054152,0.00129508418340367,0.0774176110861496));
#6809=CARTESIAN_POINT('',(0.00583344138054152,0.00159765832852573,0.0774341768089196));
#6810=CARTESIAN_POINT('',(0.00583344138054152,0.00250538076388882,0.077483873977237));
#6811=CARTESIAN_POINT('',(0.00583344138054155,0.00311050901210867,0.0775170043254938));
#6812=CARTESIAN_POINT('',(0.00583344138054155,0.00371567736644434,0.0775501368695304));
#6813=CARTESIAN_POINT('',(0.00583121239252664,-0.00355344270206777,0.0348999068249339));
#6814=CARTESIAN_POINT('',(0.00583121239252664,-0.00297341515848131,0.034931662927175));
#6815=CARTESIAN_POINT('',(0.00583121239252664,-0.00239342445696945,0.0349634170123318));
#6816=CARTESIAN_POINT('',(0.00583121239252664,-0.00152341078901082,0.0350110496520114));
#6817=CARTESIAN_POINT('',(0.00583121239252664,-0.00123340623302471,0.0350269271985714));
#6818=CARTESIAN_POINT('',(0.00583121239252664,-0.000798399399045469,0.0350507435184111));
#6819=CARTESIAN_POINT('',(0.00583121239252664,-0.000653397121052383,0.0350586822916911));
#6820=CARTESIAN_POINT('',(0.00583121239252664,-0.000435893704062764,0.035070590451611));
#6821=CARTESIAN_POINT('',(0.00583121239252664,-0.000363392565066222,0.035074559838251));
#6822=CARTESIAN_POINT('',(0.00583121239252664,-0.000218390287073137,0.035082498611531));
#6823=CARTESIAN_POINT('',(0.00583090972955508,-0.000133796900681034,0.0350864679944436));
#6824=CARTESIAN_POINT('',(0.0058314923554235,-1.75098545694884E-05,0.0350941090662866));
#6825=CARTESIAN_POINT('',(0.00583182367287945,1.60208323282237E-05,0.0350977821311632));
#6826=CARTESIAN_POINT('',(0.00583089198092034,0.000105464331972566,0.0351051300731698));
#6827=CARTESIAN_POINT('',(0.00582991148318895,0.000150191711591244,0.0351088049468202));
#6828=CARTESIAN_POINT('',(0.00582542554628992,0.000284337322083204,0.0351198308085014));
#6829=CARTESIAN_POINT('',(0.00582037484311893,0.000373718966967503,0.0351271830370565));
#6830=CARTESIAN_POINT('',(0.00579906814709862,0.000641290923594356,0.0351492329324321));
#6831=CARTESIAN_POINT('',(0.00577667536926461,0.000818826031237277,0.0351639169522461));
#6832=CARTESIAN_POINT('',(0.00568505146444411,0.00134786353591384,0.035208022917884));
#6833=CARTESIAN_POINT('',(0.00559143695734351,0.0016947804801816,0.035237416147995));
#6834=CARTESIAN_POINT('',(0.00521774500869953,0.00270104761592463,0.0353255942881043));
#6835=CARTESIAN_POINT('',(0.00484394054805831,0.00332522533272571,0.0353843681790971));
#6836=CARTESIAN_POINT('',(0.00342183833919351,0.00493449949530233,0.035560786841172));
#6837=CARTESIAN_POINT('',(0.00206730846227132,0.0056377007899883,0.035678313238097));
#6838=CARTESIAN_POINT('',(-0.000778019487838681,0.00595416830032402,0.0359134905846201));
#6839=CARTESIAN_POINT('',(-0.00225475660927541,0.00556526077820893,0.0360310951235183));
#6840=CARTESIAN_POINT('',(-0.00457472304147608,0.00388946834358524,0.0362661932856521));
#6841=CARTESIAN_POINT('',(-0.00540786504252277,0.00261027485514466,0.0363837545185777));
#6842=CARTESIAN_POINT('',(-0.00600183493982018,-0.000191092890212097,0.0366189952510442));
#6843=CARTESIAN_POINT('',(-0.00575949351942823,-0.00169831955224666,0.0367365564839769));
#6844=CARTESIAN_POINT('',(-0.00431920510550292,-0.00417139331077675,0.0369716546460964));
#6845=CARTESIAN_POINT('',(-0.00312735618713593,-0.00512611721976966,0.0370892591850018));
#6846=CARTESIAN_POINT('',(-0.000398424904340902,-0.00599155172482102,0.0373244365315249));
#6847=CARTESIAN_POINT('',(0.00112492423716723,-0.00589854290053029,0.0374419629284499));
#6848=CARTESIAN_POINT('',(0.00372866248800676,-0.00470694581841834,0.0376771878112164));
#6849=CARTESIAN_POINT('',(0.00479532198137469,-0.00361372669375152,0.037794818467268));
#6850=CARTESIAN_POINT('',(0.00592318482656997,-0.000984893411734004,0.0380298063023539));
#6851=CARTESIAN_POINT('',(0.00598039569401541,0.000541415025628374,0.0381474369584055));
#6852=CARTESIAN_POINT('',(0.00504971760901406,0.00324940224626223,0.038382661841172));
#6853=CARTESIAN_POINT('',(0.0040673986646338,0.00441743167219424,0.0385001882380963));
#6854=CARTESIAN_POINT('',(0.0015597652813445,0.00579866939384918,0.0387353655846208));
#6855=CARTESIAN_POINT('',(4.66096145084633E-05,0.00600448852446488,0.0388529701235187));
#6856=CARTESIAN_POINT('',(-0.00273805788912973,0.00534407091061629,0.0390880682856518));
#6857=CARTESIAN_POINT('',(-0.00399730688638869,0.00448107986913676,0.0392056295185851));
#6858=CARTESIAN_POINT('',(-0.00561810054153623,0.00212025598518377,0.0394408702510367));
#6859=CARTESIAN_POINT('',(-0.00597099693574256,0.000635020074725719,0.0395584314839626));
#6860=CARTESIAN_POINT('',(-0.0055867483036003,-0.00220097666702931,0.0397935296461107));
#6861=CARTESIAN_POINT('',(-0.00485098050452326,-0.00353912738068334,0.0399111341850086));
#6862=CARTESIAN_POINT('',(-0.00266096419362223,-0.00538300139660605,0.0401463115315181));
#6863=CARTESIAN_POINT('',(-0.00121798016478663,-0.00588003292567096,0.0402638379284499));
#6864=CARTESIAN_POINT('',(0.00164356477456686,-0.00577554826131624,0.0404990628112164));
#6865=CARTESIAN_POINT('',(0.00304738649560742,-0.00517373840357678,0.0406166934672673));
#6866=CARTESIAN_POINT('',(0.00509540683722522,-0.00317662756476903,0.0408516813023545));
#6867=CARTESIAN_POINT('',(0.00573235573836437,-0.00178839609031994,0.0409693119584055));
#6868=CARTESIAN_POINT('',(0.00590882314866097,0.00106961296113079,0.041204536841172));
#6869=CARTESIAN_POINT('',(0.0054482642913773,0.00252464862642446,0.0413220632380963));
#6870=CARTESIAN_POINT('',(0.00366008992573965,0.00476037563723174,0.0415572405846208));
#6871=CARTESIAN_POINT('',(0.00234087994699404,0.00552958732368963,0.0416748451235187));
#6872=CARTESIAN_POINT('',(-0.000484548243713347,0.00598508712563487,0.0419099432856518));
#6873=CARTESIAN_POINT('',(-0.00197819499248109,0.00566968109414079,0.0420275045185851));
#6874=CARTESIAN_POINT('',(-0.00437906126400964,0.00410881510700595,0.0422627452510367));
#6875=CARTESIAN_POINT('',(-0.00527347019580805,0.0028716836517749,0.0423803064839701));
#6876=CARTESIAN_POINT('',(-0.00600375971647806,0.000104518722387701,0.0426154046461032));
#6877=CARTESIAN_POINT('',(-0.00583608701436422,-0.00141333748015344,0.0427330091850011));
#6878=CARTESIAN_POINT('',(-0.00451839580610553,-0.00395493790279111,0.0429681865315255));
#6879=CARTESIAN_POINT('',(-0.00337545812765905,-0.00496634124050962,0.0430857129284499));
#6880=CARTESIAN_POINT('',(-0.000691750776859425,-0.00596487583690391,0.0433209378112164));
#6881=CARTESIAN_POINT('',(0.000835514040512005,-0.00594609534150315,0.0434385684672666));
#6882=CARTESIAN_POINT('',(0.00349189934689023,-0.0048847489672783,0.0436735563023552));
#6883=CARTESIAN_POINT('',(0.00461161658547699,-0.00384594011335143,0.043791186958413));
#6884=CARTESIAN_POINT('',(0.00586836392754402,-0.00127301520128373,0.0440264118411645));
#6885=CARTESIAN_POINT('',(0.00599968106839045,0.00024751071328713,0.0441439382380963));
#6886=CARTESIAN_POINT('',(0.00520319905774566,0.00299735784274958,0.0443791155846208));
#6887=CARTESIAN_POINT('',(0.00427877252768911,0.00421285657871652,0.0444967201235261));
#6888=CARTESIAN_POINT('',(0.00184272947935784,0.00571492808072548,0.0447318182856443));
#6889=CARTESIAN_POINT('',(0.00034207915666183,0.00599512476835557,0.0448493795185926));
#6890=CARTESIAN_POINT('',(-0.00247334960533907,0.00547184437528159,0.0450846202510292));
#6891=CARTESIAN_POINT('',(-0.00377310542268257,0.00467115942473833,0.0452021814839701));
#6892=CARTESIAN_POINT('',(-0.00550675313674494,0.00239410208376592,0.0454372796461033));
#6893=CARTESIAN_POINT('',(-0.00593270218051923,0.000927620239797941,0.0455548841850011));
#6894=CARTESIAN_POINT('',(-0.00568794261647875,-0.0019247709648819,0.0457900615315256));
#6895=CARTESIAN_POINT('',(-0.00501905318922079,-0.0032965691214656,0.0459075879284498));
#6896=CARTESIAN_POINT('',(-0.00292175354322397,-0.00524610513806763,0.0461428128112163));
#6897=CARTESIAN_POINT('',(-0.00150355785329994,-0.00581321316518658,0.0462604434672741));
#6898=CARTESIAN_POINT('',(0.00135678183513979,-0.00584921161986669,0.0464954313023477));
#6899=CARTESIAN_POINT('',(0.00278880061187394,-0.00531797461767277,0.0466130619584007));
#6900=CARTESIAN_POINT('',(0.00493449949529519,-0.00342183833920068,0.0468482868411767));
#6901=CARTESIAN_POINT('',(0.00563770078998935,-0.00206730846226612,0.0469658132380889));
#6902=CARTESIAN_POINT('',(0.00595416830032296,0.000778019487833478,0.0472009905846283));
#6903=CARTESIAN_POINT('',(0.00556526077822747,0.0022547566092521,0.0473185951235037));
#6904=CARTESIAN_POINT('',(0.00388946834356675,0.00457472304149934,0.0475536932856667));
#6905=CARTESIAN_POINT('',(0.0026102748551773,0.0054078650425175,0.0476712545185852));
#6906=CARTESIAN_POINT('',(-0.000191092890244684,0.00600183493982542,0.0479064952510367));
#6907=CARTESIAN_POINT('',(-0.00169831955221939,0.00575949351944884,0.0480240564839701));
#6908=CARTESIAN_POINT('',(-0.00417139331080402,0.00431920510548231,0.0482591546461032));
#6909=CARTESIAN_POINT('',(-0.00512611721976103,0.0031273561871534,0.0483767591850011));
#6910=CARTESIAN_POINT('',(-0.00599155172482962,0.000398424904323479,0.0486119365315256));
#6911=CARTESIAN_POINT('',(-0.00589854290052144,-0.00112492423718548,0.0487294629284525));
#6912=CARTESIAN_POINT('',(-0.0047069458184272,-0.00372866248798848,0.0489646878112136));
#6913=CARTESIAN_POINT('',(-0.00361372669375323,-0.00479532198137392,0.0490823184672741));
#6914=CARTESIAN_POINT('',(-0.000984893411732299,-0.00592318482657073,0.0493173063023477));
#6915=CARTESIAN_POINT('',(0.000541415025669016,-0.00598039569400563,0.0494349369584082));
#6916=CARTESIAN_POINT('',(0.00324940224622152,-0.00504971760902386,0.0496701618411693));
#6917=CARTESIAN_POINT('',(0.0044174316721855,-0.00406739866465483,0.0497876882380962));
#6918=CARTESIAN_POINT('',(0.00579866939385792,-0.00155976528132349,0.0500228655846208));
#6919=CARTESIAN_POINT('',(0.00600448852446694,-4.66096145314473E-05,0.0501404701235037));
#6920=CARTESIAN_POINT('',(0.00534407091061422,0.00273805788915269,0.0503755682856667));
#6921=CARTESIAN_POINT('',(0.004481079869181,0.00399730688635518,0.0504931295185852));
#6922=CARTESIAN_POINT('',(0.00212025598513958,0.00561810054156972,0.0507283702510367));
#6923=CARTESIAN_POINT('',(0.000635020074718452,0.00597099693574123,0.050845931483985));
#6924=CARTESIAN_POINT('',(-0.00220097666702205,0.00558674830360162,0.0510810296460882));
#6925=CARTESIAN_POINT('',(-0.00353912738065877,0.00485098050454783,0.0511986341850011));
#6926=CARTESIAN_POINT('',(-0.00538300139663058,0.0026609641935977,0.0514338115315256));
#6927=CARTESIAN_POINT('',(-0.00588003292567306,0.00121798016478843,0.0515513379284525));
#6928=CARTESIAN_POINT('',(-0.00577554826131414,-0.00164356477456861,0.0517865628112136));
#6929=CARTESIAN_POINT('',(-0.0051737384035768,-0.00304738649560165,0.0519041934672741));
#6930=CARTESIAN_POINT('',(-0.003176627564769,-0.00509540683723098,0.0521391813023477));
#6931=CARTESIAN_POINT('',(-0.00178839609031803,-0.00573235573836354,0.0522568119584082));
#6932=CARTESIAN_POINT('',(0.00106961296112886,-0.0059088231486618,0.0524920368411694));
#6933=CARTESIAN_POINT('',(0.00252464862640893,-0.00544826429139085,0.0526095632380962));
#6934=CARTESIAN_POINT('',(0.00476037563724726,-0.0036600899257261,0.0528447405846207));
#6935=CARTESIAN_POINT('',(0.00552958732368865,-0.0023408799470037,0.0529623451235112));
#6936=CARTESIAN_POINT('',(0.00598508712563585,0.000484548243722928,0.0531974432856591));
#6937=CARTESIAN_POINT('',(0.00566968109414384,0.00197819499246398,0.0533150045185776));
#6938=CARTESIAN_POINT('',(0.00410881510700292,0.00437906126402671,0.0535502452510442));
#6939=CARTESIAN_POINT('',(0.00287168365178451,0.00527347019580467,0.0536678064839775));
#6940=CARTESIAN_POINT('',(0.000104518722378067,0.00600375971648145,0.0539029046460957));
#6941=CARTESIAN_POINT('',(-0.00141333748012671,0.00583608701437297,0.0540205091849936));
#6942=CARTESIAN_POINT('',(-0.00395493790281781,0.0045183958060968,0.0542556865315329));
#6943=CARTESIAN_POINT('',(-0.00496634124050564,0.0033754581276668,0.0543732129284675));
#6944=CARTESIAN_POINT('',(-0.00596487583690788,0.000691750776851698,0.0546084378111987));
#6945=CARTESIAN_POINT('',(-0.00594609534150807,-0.000835514040494504,0.0547260684672591));
#6946=CARTESIAN_POINT('',(-0.00488474896727341,-0.00349189934690767,0.0549610563023627));
#6947=CARTESIAN_POINT('',(-0.00384594011336769,-0.0046116165854749,0.0550786869584156));
#6948=CARTESIAN_POINT('',(-0.00127301520126745,-0.00586836392754612,0.0553139118411618));
#6949=CARTESIAN_POINT('',(0.000247510713308152,-0.00599968106838555,0.0554314382381037));
#6950=CARTESIAN_POINT('',(0.00299735784272857,-0.00520319905775058,0.0556666155846132));
#6951=CARTESIAN_POINT('',(0.00421285657871561,-0.00427877252769287,0.0557842201235186));
#6952=CARTESIAN_POINT('',(0.00571492808072633,-0.00184272947935413,0.0560193182856518));
#6953=CARTESIAN_POINT('',(0.00599512476834143,-0.000342079156621351,0.0561368795185851));
#6954=CARTESIAN_POINT('',(0.00547184437529573,0.0024733496052986,0.0563721202510367));
#6955=CARTESIAN_POINT('',(0.00467115942472891,0.00377310542268256,0.0564896814839552));
#6956=CARTESIAN_POINT('',(0.00239410208377535,0.00550675313674493,0.0567247796461181));
#6957=CARTESIAN_POINT('',(0.000927620239817208,0.00593270218052297,0.0568423841850011));
#6958=CARTESIAN_POINT('',(-0.00192477096490114,0.00568794261647501,0.0570775615315256));
#6959=CARTESIAN_POINT('',(-0.00329656912147065,0.00501905318922328,0.0571950879284525));
#6960=CARTESIAN_POINT('',(-0.00524610513806256,0.0029217535432215,0.0574303128112137));
#6961=CARTESIAN_POINT('',(-0.00581321316518742,0.00150355785337475,0.0575479434672618));
#6962=CARTESIAN_POINT('',(-0.00584921161986583,-0.00135678183521457,0.05778293130236));
#6963=CARTESIAN_POINT('',(-0.00531797461768632,-0.00278880061185677,0.0579005619584156));
#6964=CARTESIAN_POINT('',(-0.0034218383391871,-0.00493449949531239,0.0581357868411619));
#6965=CARTESIAN_POINT('',(-0.00206730846226437,-0.0056377007899862,0.0582533132380868));
#6966=CARTESIAN_POINT('',(0.000778019487831656,-0.0059541683003261,0.0584884905846303));
#6967=CARTESIAN_POINT('',(0.00225475660927301,-0.00556526077821411,0.0586060951235186));
#6968=CARTESIAN_POINT('',(0.00457472304147843,-0.0038894683435801,0.0588411932856518));
#6969=CARTESIAN_POINT('',(0.00540786504253042,-0.00261027485511012,0.0589587545185926));
#6970=CARTESIAN_POINT('',(0.0060018349398125,0.000191092890177471,0.0591939952510292));
#6971=CARTESIAN_POINT('',(0.00575949351943737,0.00169831955223292,0.05931155648397));
#6972=CARTESIAN_POINT('',(0.0043192051054938,0.00417139331079045,0.0595466546461033));
#6973=CARTESIAN_POINT('',(0.00312735618717337,0.00512611721975593,0.0596642591850065));
#6974=CARTESIAN_POINT('',(0.000398424904303579,0.00599155172483473,0.0598994365315202));
#6975=CARTESIAN_POINT('',(-0.00112492423716246,0.00589854290053383,0.0600169629284525));
#6976=CARTESIAN_POINT('',(-0.00372866248801144,0.00470694581841483,0.0602521878112136));
#6977=CARTESIAN_POINT('',(-0.00479532198136345,0.00361372669377173,0.0603698184672645));
#6978=CARTESIAN_POINT('',(-0.00592318482658119,0.000984893411713829,0.0606048063023573));
#6979=CARTESIAN_POINT('',(-0.00598039569401997,-0.000541415025623247,0.0607224369584082));
#6980=CARTESIAN_POINT('',(-0.00504971760900952,-0.0032494022462673,0.0609576618411693));
#6981=CARTESIAN_POINT('',(-0.00406739866467416,-0.00441743167217316,0.0610751882380943));
#6982=CARTESIAN_POINT('',(-0.00155976528130419,-0.00579866939387025,0.0613103655846228));
#6983=CARTESIAN_POINT('',(-4.66096144680767E-05,-0.00600448852445429,0.0614279701235186));
#6984=CARTESIAN_POINT('',(0.00273805788908921,-0.0053440709106269,0.0616630682856518));
#6985=CARTESIAN_POINT('',(0.00399730688635706,-0.00448107986917351,0.0617806295185851));
#6986=CARTESIAN_POINT('',(0.00561810054156786,-0.00212025598514702,0.0620158702510367));
#6987=CARTESIAN_POINT('',(0.00597099693574178,-0.000635020074718273,0.0621334314839627));
#6988=CARTESIAN_POINT('',(0.00558674830360109,0.00220097666702183,0.0623685296461106));
#6989=CARTESIAN_POINT('',(0.00485098050456482,0.00353912738065468,0.0624861341850065));
#6990=CARTESIAN_POINT('',(0.00266096419358074,0.00538300139663466,0.0627213115315202));
#6991=CARTESIAN_POINT('',(0.00121798016474247,0.00588003292566789,0.0628388379284451));
#6992=CARTESIAN_POINT('',(-0.00164356477452262,0.00577554826131929,0.0630740628112211));
#6993=CARTESIAN_POINT('',(-0.00304738649561313,0.00517373840355993,0.0631916934672645));
#6994=CARTESIAN_POINT('',(-0.0050954068372195,0.00317662756478592,0.0634266813023573));
#6995=CARTESIAN_POINT('',(-0.00573235573836266,0.00178839609031804,0.0635443119584007));
#6996=CARTESIAN_POINT('',(-0.00590882314866268,-0.00106961296112884,0.0637795368411767));
#6997=CARTESIAN_POINT('',(-0.00544826429140635,-0.00252464862639114,0.0638970632381017));
#6998=CARTESIAN_POINT('',(-0.00366008992571063,-0.00476037563726503,0.0641322405846153));
#6999=CARTESIAN_POINT('',(-0.00234087994695777,-0.00552958732369488,0.0642498451235182));
#7000=CARTESIAN_POINT('',(0.000484548243676968,-0.00598508712562962,0.0644849432856522));
#7001=CARTESIAN_POINT('',(0.00197819499243512,-0.00566968109416878,0.0646025045185998));
#7002=CARTESIAN_POINT('',(0.00437906126405561,-0.00410881510697795,0.0648377452510222));
#7003=CARTESIAN_POINT('',(0.00527347019579459,-0.00287168365182855,0.0649553064839556));
#7004=CARTESIAN_POINT('',(0.00600375971649149,-0.000104518722334137,0.0651904046461177));
#7005=CARTESIAN_POINT('',(0.00583608701436192,0.00141333748014667,0.0653080091849915));
#7006=CARTESIAN_POINT('',(0.00451839580610786,0.00395493790279783,0.065543186531535));
#7007=CARTESIAN_POINT('',(0.00337545812767235,0.00496634124050518,0.06566071292846));
#7008=CARTESIAN_POINT('',(0.000691750776846256,0.00596487583690831,0.0658959378112062));
#7009=CARTESIAN_POINT('',(-0.000835514040427178,0.00594609534153548,0.0660135684672645));
#7010=CARTESIAN_POINT('',(-0.00349189934697496,0.00488474896724602,0.0662485563023573));
#7011=CARTESIAN_POINT('',(-0.00461161658547401,0.00384594011336045,0.0663661869584007));
#7012=CARTESIAN_POINT('',(-0.005868363927547,0.00127301520127473,0.0666014118411767));
#7013=CARTESIAN_POINT('',(-0.00599968106837701,-0.000247510713325456,0.0667189382381166));
#7014=CARTESIAN_POINT('',(-0.00520319905775911,-0.00299735784271132,0.0669541155846005));
#7015=CARTESIAN_POINT('',(-0.00427877252768915,-0.00421285657871649,0.0670717201235261));
#7016=CARTESIAN_POINT('',(-0.00184272947935788,-0.00571492808072545,0.0673068182856443));
#7017=CARTESIAN_POINT('',(-0.000342079156621405,-0.00599512476834506,0.0674243795185776));
#7018=CARTESIAN_POINT('',(0.00247334960529854,-0.00547184437529211,0.0676596202510442));
#7019=CARTESIAN_POINT('',(0.00377310542267894,-0.0046711594247289,0.0677771814839775));
#7020=CARTESIAN_POINT('',(0.00550675313674858,-0.00239410208377533,0.0680122796460957));
#7021=CARTESIAN_POINT('',(0.00593270218051549,-0.000927620239755604,0.0681298841849915));
#7022=CARTESIAN_POINT('',(0.00568794261648249,0.00192477096483942,0.068365061531535));
#7023=CARTESIAN_POINT('',(0.00501905318921235,0.00329656912146696,0.0684825879284451));
#7024=CARTESIAN_POINT('',(0.00292175354323258,0.00524610513806612,0.0687178128112211));
#7025=CARTESIAN_POINT('',(0.0015035578532978,0.00581321316518785,0.0688354434672645));
#7026=CARTESIAN_POINT('',(-0.00135678183513768,0.00584921161986542,0.0690704313023573));
#7027=CARTESIAN_POINT('',(-0.00278880061185669,0.00531797461768806,0.0691880619584007));
#7028=CARTESIAN_POINT('',(-0.00493449949531252,0.00342183833918532,0.0694232868411768));
#7029=CARTESIAN_POINT('',(-0.00563770078999651,0.00206730846222388,0.0695408132381018));
#7030=CARTESIAN_POINT('',(-0.00595416830031579,-0.00077801948779122,0.0697759905846153));
#7031=CARTESIAN_POINT('',(-0.00556526077821218,-0.0022547566092711,0.0698935951235261));
#7032=CARTESIAN_POINT('',(-0.0038894683435821,-0.00457472304148025,0.0701286932856443));
#7033=CARTESIAN_POINT('',(-0.00261027485510833,-0.00540786504253141,0.0702462545185926));
#7034=CARTESIAN_POINT('',(0.000191092890175728,-0.00600183493981154,0.0704814952510292));
#7035=CARTESIAN_POINT('',(0.00169831955223467,-0.00575949351943551,0.0705990564839775));
#7036=CARTESIAN_POINT('',(0.00417139331078868,-0.00431920510549568,0.0708341546460957));
#7037=CARTESIAN_POINT('',(0.005126117219786,-0.00312735618708896,0.0709517591849915));
#7038=CARTESIAN_POINT('',(0.00599155172480461,-0.000398424904388095,0.071186936531535));
#7039=CARTESIAN_POINT('',(0.00589854290053384,0.00112492423716618,0.0713044629284451));
#7040=CARTESIAN_POINT('',(0.00470694581841483,0.00372866248800769,0.0715396878112211));
#7041=CARTESIAN_POINT('',(0.00361372669381767,0.00479532198134573,0.0716573184672645));
#7042=CARTESIAN_POINT('',(0.000984893411667922,0.00592318482659891,0.0718923063023573));
#7043=CARTESIAN_POINT('',(-0.000541415025630535,0.00598039569401721,0.0720099369584007));
#7044=CARTESIAN_POINT('',(-0.00324940224626006,0.00504971760901226,0.0722451618411768));
#7045=CARTESIAN_POINT('',(-0.00441743167217492,0.00406739866467417,0.0723626882380868));
#7046=CARTESIAN_POINT('',(-0.00579866939386847,0.0015597652813042,0.0725978655846303));
#7047=CARTESIAN_POINT('',(-0.00600448852446302,4.66096145102684E-05,0.0727154701235112));
#7048=CARTESIAN_POINT('',(-0.00534407091061816,-0.00273805788913146,0.0729505682856593));
#7049=CARTESIAN_POINT('',(-0.00448107986910243,-0.00399730688640732,0.0730681295185776));
#7050=CARTESIAN_POINT('',(-0.0021202559852182,-0.00561810054151753,0.0733033702510442));
#7051=CARTESIAN_POINT('',(-0.000635020074632126,-0.00597099693572834,0.0734209314839775));
#7052=CARTESIAN_POINT('',(0.00220097666693558,-0.00558674830361454,0.0736560296460957));
#7053=CARTESIAN_POINT('',(0.00353912738070191,-0.00485098050449764,0.0737736341849915));
#7054=CARTESIAN_POINT('',(0.0053830013965874,-0.00266096419364793,0.074008811531535));
#7055=CARTESIAN_POINT('',(0.00588003292567119,-0.00121798016478673,0.0741263379284451));
#7056=CARTESIAN_POINT('',(0.00577554826131601,0.00164356477456677,0.0743615628112211));
#7057=CARTESIAN_POINT('',(0.005173738403558,0.00304738649561594,0.0744791934672645));
#7058=CARTESIAN_POINT('',(0.00317662756478791,0.00509540683721661,0.0747141813023573));
#7059=CARTESIAN_POINT('',(0.00178839609031805,0.00573235573836628,0.0748318119584007));
#7060=CARTESIAN_POINT('',(-0.00106961296112883,0.00590882314865905,0.0750670368411768));
#7061=CARTESIAN_POINT('',(-0.0025246486264602,0.00544826429134328,0.0751845632380868));
#7062=CARTESIAN_POINT('',(-0.004760375637196,0.00366008992577366,0.0754197405846303));
#7063=CARTESIAN_POINT('',(-0.00552958732368775,0.00234087994700373,0.0755373451235261));
#7064=CARTESIAN_POINT('',(-0.00598508712563673,-0.000484548243722901,0.0757724432856443));
#7065=CARTESIAN_POINT('',(-0.00566968109412178,-0.0019781949925042,0.0758900045185776));
#7066=CARTESIAN_POINT('',(-0.00410881510702506,-0.00437906126398637,0.0761252452510442));
#7067=CARTESIAN_POINT('',(-0.00287168365178631,-0.00527347019580412,0.0762428064839627));
#7068=CARTESIAN_POINT('',(-0.00010451872237633,-0.00600375971648198,0.0764779046461107));
#7069=CARTESIAN_POINT('',(0.00141333748018865,-0.00583608701434553,0.0765955091850065));
#7070=CARTESIAN_POINT('',(0.00395493790275575,-0.00451839580612429,0.0768306865315202));
#7071=CARTESIAN_POINT('',(0.00496634124050747,-0.00337545812767241,0.0769482129284451));
#7072=CARTESIAN_POINT('',(0.00596487583690598,-0.000691750776846308,0.0771834378112211));
#7073=CARTESIAN_POINT('',(0.00594609534149543,0.000835514040511398,0.0773010684672645));
#7074=CARTESIAN_POINT('',(0.00488474896728604,0.00349189934689079,0.0775360563023573));
#7075=CARTESIAN_POINT('',(0.00384594011336219,0.0046116165854749,0.0776536869584306));
#7076=CARTESIAN_POINT('',(0.00127301520127295,0.00586836392754612,0.0778889118411468));
#7077=CARTESIAN_POINT('',(-0.000247510713325399,0.00599968106837888,0.0780064382380868));
#7078=CARTESIAN_POINT('',(-0.00299735784271126,0.00520319905775726,0.0782416155846303));
#7079=CARTESIAN_POINT('',(-0.00421285657871651,0.0042787725276909,0.0783592201235261));
#7080=CARTESIAN_POINT('',(-0.00571492808072547,0.00184272947935609,0.0785943182856443));
#7081=CARTESIAN_POINT('',(-0.00599512476836136,0.000342079156705865,0.0787118795185776));
#7082=CARTESIAN_POINT('',(-0.0054718443752758,-0.00247334960538305,0.0789471202510442));
#7083=CARTESIAN_POINT('',(-0.00467115942473464,-0.00377310542267979,0.0790646814839627));
#7084=CARTESIAN_POINT('',(-0.00239410208376969,-0.00550675313674765,0.0792997796461107));
#7085=CARTESIAN_POINT('',(-0.000927620239845736,-0.00593270218052413,0.0794173841850065));
#7086=CARTESIAN_POINT('',(0.0019247709649296,-0.00568794261647386,0.0796525615315202));
#7087=CARTESIAN_POINT('',(0.00329656912146697,-0.00501905318920664,0.0797700879284451));
#7088=CARTESIAN_POINT('',(0.00475872113391634,-0.00344607845473035,0.0799465065905271));
#7089=CARTESIAN_POINT('',(0.00514811573449381,-0.00283150588618881,0.0800052804815139));
#7090=CARTESIAN_POINT('',(0.00554701381474688,-0.00183496208760928,0.0800934586216286));
#7091=CARTESIAN_POINT('',(0.00564932944952666,-0.00149051099812104,0.0801228518517407));
#7092=CARTESIAN_POINT('',(0.00575423849853877,-0.000963946934866168,0.0801669578173745));
#7093=CARTESIAN_POINT('',(0.00578109216883211,-0.000787031612355359,0.0801816418371903));
#7094=CARTESIAN_POINT('',(0.00580912603786477,-0.000520080625368483,0.080203691732565));
#7095=CARTESIAN_POINT('',(0.00581642458849626,-0.000430854400506472,0.0802110439611203));
#7096=CARTESIAN_POINT('',(0.00582428511610596,-0.000296864174926182,0.0802220698228017));
#7097=CARTESIAN_POINT('',(0.00582639094690015,-0.000252175637917891,0.0802257446964522));
#7098=CARTESIAN_POINT('',(0.00582957334763189,-0.000162783915684388,0.0802330926384585));
#7099=CARTESIAN_POINT('',(0.00583092987956924,-0.000129266131497481,0.0802367657033352));
#7100=CARTESIAN_POINT('',(0.00583153105005162,-1.03608674071576E-05,0.0802445788193928));
#7101=CARTESIAN_POINT('',(0.00583121239252664,7.78990634810116E-05,0.080248720246197));
#7102=CARTESIAN_POINT('',(0.00583121239252664,0.000229186136041517,0.0802570031075823));
#7103=CARTESIAN_POINT('',(0.00583121239252664,0.000304829672320934,0.0802611445382757));
#7104=CARTESIAN_POINT('',(0.00583121239252664,0.000531760281161693,0.0802735688303535));
#7105=CARTESIAN_POINT('',(0.00583121239252664,0.000683047353721988,0.0802818516917396));
#7106=CARTESIAN_POINT('',(0.00583121239252664,0.00113690857140351,0.0803067002758983));
#7107=CARTESIAN_POINT('',(0.00583121239252665,0.00143948271652556,0.0803232659986683));
#7108=CARTESIAN_POINT('',(0.00583121239252665,0.00234720515188866,0.0803729631669858));
#7109=CARTESIAN_POINT('',(0.00583121239252667,0.00295233340010851,0.0804060935152424));
#7110=CARTESIAN_POINT('',(0.00583121239252667,0.00355750175444418,0.0804392260592792));
#7111=CARTESIAN_POINT('',(0.00866799885604189,-0.0035619332139114,0.0350549866483827));
#7112=CARTESIAN_POINT('',(0.00866799885604189,-0.00298190567032495,0.0350867427506238));
#7113=CARTESIAN_POINT('',(0.00866799885604189,-0.00240191496881309,0.0351184968357806));
#7114=CARTESIAN_POINT('',(0.00866799885604189,-0.00153190130085446,0.0351661294754602));
#7115=CARTESIAN_POINT('',(0.00866799885604189,-0.00124189674486834,0.0351820070220202));
#7116=CARTESIAN_POINT('',(0.00866799885604189,-0.000806889910889108,0.03520582334186));
#7117=CARTESIAN_POINT('',(0.00866799885604189,-0.000661887632896021,0.0352137621151399));
#7118=CARTESIAN_POINT('',(0.00866799885604189,-0.000444384215906402,0.0352256702750599));
#7119=CARTESIAN_POINT('',(0.00866799885604189,-0.000371883076909861,0.0352296396616998));
#7120=CARTESIAN_POINT('',(0.00866799885604189,-0.000226880798916775,0.0352375784349797));
#7121=CARTESIAN_POINT('',(0.00866766168804867,-0.00015404002227377,0.0352415478178924));
#7122=CARTESIAN_POINT('',(0.00866831073604369,-1.51292160566471E-05,0.0352491888897354));
#7123=CARTESIAN_POINT('',(0.00866849031528242,5.10238155653537E-05,0.0352528619546119));
#7124=CARTESIAN_POINT('',(0.00866668810110581,0.000183970469719312,0.0352602098966186));
#7125=CARTESIAN_POINT('',(0.00866502197682316,0.000250449763806574,0.035263884770269));
#7126=CARTESIAN_POINT('',(0.00865772807558558,0.000449826143367971,0.0352749106319502));
#7127=CARTESIAN_POINT('',(0.00864980355119767,0.000582661636658935,0.0352822628605053));
#7128=CARTESIAN_POINT('',(0.00861688432380766,0.000980287712004676,0.0353043127558809));
#7129=CARTESIAN_POINT('',(0.00858277081084672,0.00124407574974774,0.0353189967756948));
#7130=CARTESIAN_POINT('',(0.00844411042471342,0.00203002251295233,0.0353631027413328));
#7131=CARTESIAN_POINT('',(0.00830334089488619,0.00254525154178292,0.0353924959714438));
#7132=CARTESIAN_POINT('',(0.00774318103018135,0.00403924800801519,0.035480674111553));
#7133=CARTESIAN_POINT('',(0.00718463667354308,0.00496529690998152,0.0355394480025459));
#7134=CARTESIAN_POINT('',(0.00506328070221738,0.00735072607944531,0.0357158666646208));
#7135=CARTESIAN_POINT('',(0.00304659343946861,0.00838966169862639,0.0358333930615457));
#7136=CARTESIAN_POINT('',(-0.00118424805211241,0.00884679103099063,0.0360685704080689));
#7137=CARTESIAN_POINT('',(-0.00337749159683377,0.00826181925273028,0.0361861749469671));
#7138=CARTESIAN_POINT('',(-0.00681812743912899,0.00576005599688032,0.0364212731091009));
#7139=CARTESIAN_POINT('',(-0.00805056159986406,0.00385474430504281,0.0365388343420265));
#7140=CARTESIAN_POINT('',(-0.00892038236322539,-0.000312048432715215,0.0367740750744929));
#7141=CARTESIAN_POINT('',(-0.00855312775855226,-0.00255129622136525,0.0368916363074257));
#7142=CARTESIAN_POINT('',(-0.00640070906134461,-0.0062206133430355,0.0371267344695452));
#7143=CARTESIAN_POINT('',(-0.00462466119505045,-0.00763417735096009,0.0372443390084506));
#7144=CARTESIAN_POINT('',(-0.000564273186844265,-0.00890784770713119,0.0374795163549737));
#7145=CARTESIAN_POINT('',(0.00169963620325108,-0.00876248949449646,0.0375970427518987));
#7146=CARTESIAN_POINT('',(0.00556433655717968,-0.00697912201061472,0.0378322676346651));
#7147=CARTESIAN_POINT('',(0.00714474453594089,-0.0053491576094473,0.0379498982907168));
#7148=CARTESIAN_POINT('',(0.0088089618190677,-0.00143633327775368,0.0381848861258027));
#7149=CARTESIAN_POINT('',(0.00888688001571819,0.000832675775337343,0.0383025167818543));
#7150=CARTESIAN_POINT('',(0.00749086249459887,0.00485355173575316,0.0385377416646208));
#7151=CARTESIAN_POINT('',(0.00602526985781401,0.00658515589362079,0.0386552680615451));
#7152=CARTESIAN_POINT('',(0.00229141782039966,0.0086265612712879,0.0388904454080696));
#7153=CARTESIAN_POINT('',(4.1265991674097E-05,0.0089254357859697,0.0390080499469675));
#7154=CARTESIAN_POINT('',(-0.00409485039156645,0.00793078225234121,0.0392431481091005));
#7155=CARTESIAN_POINT('',(-0.00596260230579514,0.00664213591199679,0.039360709342034));
#7156=CARTESIAN_POINT('',(-0.00836077445285121,0.00312538738062955,0.0395959500744855));
#7157=CARTESIAN_POINT('',(-0.00887839847005693,0.000916049927819658,0.0397135113074114));
#7158=CARTESIAN_POINT('',(-0.0082940097608605,-0.00329765203414391,0.0399486094695594));
#7159=CARTESIAN_POINT('',(-0.00719410301484551,-0.00528327898247306,0.0400662140084574));
#7160=CARTESIAN_POINT('',(-0.00393020618363083,-0.00801384017540558,0.0403013913549669));
#7161=CARTESIAN_POINT('',(-0.001783000454923,-0.0087459073138437,0.0404189177518987));
#7162=CARTESIAN_POINT('',(0.00246998229127075,-0.00857724739304088,0.0406541426346652));
#7163=CARTESIAN_POINT('',(0.00455384924754032,-0.00767615259393394,0.0407717732907161));
#7164=CARTESIAN_POINT('',(0.00758875857855123,-0.00469804266167233,0.0410067611258033));
#7165=CARTESIAN_POINT('',(0.00852905777816178,-0.00263156964138292,0.0411243917818543));
#7166=CARTESIAN_POINT('',(0.00877802837701308,0.00161746813784225,0.0413596166646208));
#7167=CARTESIAN_POINT('',(0.00808665355952565,0.00377811979839607,0.0414771430615451));
#7168=CARTESIAN_POINT('',(0.00541823610149898,0.00709301575800643,0.0417123204080696));
#7169=CARTESIAN_POINT('',(0.00345374120701061,0.00823023563006844,0.0418299249469675));
#7170=CARTESIAN_POINT('',(-0.000748169491783035,0.00889411880260695,0.0420650231091005));
#7171=CARTESIAN_POINT('',(-0.00296689086179461,0.00841832253745671,0.042182584342034));
#7172=CARTESIAN_POINT('',(-0.0065283144226384,0.00608701129698517,0.0424178250744855));
#7173=CARTESIAN_POINT('',(-0.00785201349737591,0.004243935779485,0.0425353863074189));
#7174=CARTESIAN_POINT('',(-0.00892462265967315,0.000127346903678268,0.042770484469552));
#7175=CARTESIAN_POINT('',(-0.00866830786535228,-0.00212804928194503,0.0428880890084498));
#7176=CARTESIAN_POINT('',(-0.00669780091635165,-0.00589979812261929,0.0431232663549743));
#7177=CARTESIAN_POINT('',(-0.0049941914567585,-0.00739784002650722,0.0432407927518987));
#7178=CARTESIAN_POINT('',(-0.00100040438805487,-0.00886956461281602,0.0434760176346652));
#7179=CARTESIAN_POINT('',(0.00126967169195845,-0.00883452293047578,0.0435936482907155));
#7180=CARTESIAN_POINT('',(0.00521323563670772,-0.00724451763822903,0.043828636125804));
#7181=CARTESIAN_POINT('',(0.00687276380998246,-0.00569518243542159,0.0439462667818617));
#7182=CARTESIAN_POINT('',(0.0087288190120515,-0.00186486032168922,0.0441814916646133));
#7183=CARTESIAN_POINT('',(0.00891691756249094,0.000395899212611325,0.0442990180615451));
#7184=CARTESIAN_POINT('',(0.00772017705258329,0.00447962289391192,0.0445341954080695));
#7185=CARTESIAN_POINT('',(0.00634041563184466,0.00628205670675852,0.0446517999469749));
#7186=CARTESIAN_POINT('',(0.0027124134309281,0.00850340639056602,0.0448868981090931));
#7187=CARTESIAN_POINT('',(0.000480502821001637,0.00891289586888369,0.0450044593420414));
#7188=CARTESIAN_POINT('',(-0.00370197770091657,0.00812194292225859,0.045239700074478));
#7189=CARTESIAN_POINT('',(-0.00563023064838902,0.00692572088012472,0.0453572613074189));
#7190=CARTESIAN_POINT('',(-0.00819654266046641,0.00353295842979066,0.045592359469552));
#7191=CARTESIAN_POINT('',(-0.00882284142176036,0.00135115663095233,0.0457099640084499));
#7192=CARTESIAN_POINT('',(-0.0084457161752797,-0.00288756528747538,0.0459451413549743));
#7193=CARTESIAN_POINT('',(-0.00744506208179347,-0.00492351865670376,0.0460626677518986));
#7194=CARTESIAN_POINT('',(-0.00431848856795479,-0.00781157102311146,0.0462978926346652));
#7195=CARTESIAN_POINT('',(-0.0022078018691327,-0.0086479172360224,0.0464155232907229));
#7196=CARTESIAN_POINT('',(0.00204404482728526,-0.00868808047606139,0.0466505111257965));
#7197=CARTESIAN_POINT('',(0.00417015385350706,-0.00789175533063842,0.0467681417818495));
#7198=CARTESIAN_POINT('',(0.00735072607943177,-0.00506328070223066,0.0470033666646256));
#7199=CARTESIAN_POINT('',(0.00838966169862881,-0.00304659343946208,0.0471208930615376));
#7200=CARTESIAN_POINT('',(0.00884679103098821,0.00118424805210587,0.047356070408077));
#7201=CARTESIAN_POINT('',(0.00826181925275471,0.00337749159680322,0.0474736749469525));
#7202=CARTESIAN_POINT('',(0.00576005599685596,0.00681812743915946,0.0477087731091155));
#7203=CARTESIAN_POINT('',(0.00385474430509137,0.00805056159985658,0.0478263343420339));
#7204=CARTESIAN_POINT('',(-0.00031204843276369,0.00892038236323284,0.0480615750744855));
#7205=CARTESIAN_POINT('',(-0.00255129622132727,0.00855312775857967,0.0481791363074189));
#7206=CARTESIAN_POINT('',(-0.00622061334307348,0.00640070906131721,0.048414234469552));
#7207=CARTESIAN_POINT('',(-0.00763417735094897,0.00462466119507704,0.0485318390084499));
#7208=CARTESIAN_POINT('',(-0.00890784770714229,0.000564273186817734,0.0487670163549743));
#7209=CARTESIAN_POINT('',(-0.00876248949448349,-0.0016996362032767,0.0488845427519013));
#7210=CARTESIAN_POINT('',(-0.00697912201062771,-0.00556433655715401,0.0491197676346625));
#7211=CARTESIAN_POINT('',(-0.00534915760945107,-0.00714474453593881,0.0492373982907229));
#7212=CARTESIAN_POINT('',(-0.00143633327774992,-0.00880896181906977,0.0494723861257965));
#7213=CARTESIAN_POINT('',(0.000832675775398319,-0.0088868800157022,0.049590016781857));
#7214=CARTESIAN_POINT('',(0.00485355173569208,-0.00749086249461489,0.0498252416646181));
#7215=CARTESIAN_POINT('',(0.00658515589360586,-0.00602526985784387,0.0499427680615451));
#7216=CARTESIAN_POINT('',(0.00862656127130282,-0.00229141782036983,0.0501779454080696));
#7217=CARTESIAN_POINT('',(0.0089254357859753,-4.1265991707679E-05,0.0502955499469525));
#7218=CARTESIAN_POINT('',(0.00793078225233562,0.00409485039160002,0.0505306481091155));
#7219=CARTESIAN_POINT('',(0.00664213591206401,0.0059626023057466,0.0506482093420339));
#7220=CARTESIAN_POINT('',(0.0031253873805624,0.00836077445289971,0.0508834500744855));
#7221=CARTESIAN_POINT('',(0.000916049927815921,0.00887839847005693,0.0510010113074338));
#7222=CARTESIAN_POINT('',(-0.00329765203414019,0.0082940097608605,0.0512361094695371));
#7223=CARTESIAN_POINT('',(-0.00528327898244319,0.00719410301487539,0.0513537140084499));
#7224=CARTESIAN_POINT('',(-0.00801384017543541,0.00393020618360101,0.0515888913549743));
#7225=CARTESIAN_POINT('',(-0.0087459073138455,0.00178300045492654,0.0517064177519013));
#7226=CARTESIAN_POINT('',(-0.00857724739303908,-0.0024699822912742,0.0519416426346625));
#7227=CARTESIAN_POINT('',(-0.007676152593935,-0.0045538492475335,0.0520592732907229));
#7228=CARTESIAN_POINT('',(-0.00469804266167126,-0.00758875857855806,0.0522942611257965));
#7229=CARTESIAN_POINT('',(-0.00263156964138273,-0.0085290577781609,0.052411891781857));
#7230=CARTESIAN_POINT('',(0.00161746813784205,-0.00877802837701396,0.0526471166646181));
#7231=CARTESIAN_POINT('',(0.00377811979836995,-0.00808665355954805,0.0527646430615451));
#7232=CARTESIAN_POINT('',(0.00709301575803254,-0.0054182361014766,0.0529998204080696));
#7233=CARTESIAN_POINT('',(0.00823023563006657,-0.00345374120702559,0.05311742494696));
#7234=CARTESIAN_POINT('',(0.00889411880260881,0.000748169491797901,0.053352523109108));
#7235=CARTESIAN_POINT('',(0.00841832253746419,0.0029668908617722,0.0534700843420265));
#7236=CARTESIAN_POINT('',(0.00608701129697772,0.00652831442266077,0.0537053250744929));
#7237=CARTESIAN_POINT('',(0.0042439357794999,0.00785201349737032,0.0538228863074263));
#7238=CARTESIAN_POINT('',(0.000127346903663327,0.00892462265967875,0.0540579844695445));
#7239=CARTESIAN_POINT('',(-0.0021280492819077,0.00866830786536722,0.0541755890084424));
#7240=CARTESIAN_POINT('',(-0.00589979812265658,0.00669780091633673,0.0544107663549818));
#7241=CARTESIAN_POINT('',(-0.00739784002649982,0.00499419145677244,0.0545282927519163));
#7242=CARTESIAN_POINT('',(-0.0088695646128234,0.00100040438804096,0.0547635176346475));
#7243=CARTESIAN_POINT('',(-0.00883452293048513,-0.00126967169192858,0.054881148290708));
#7244=CARTESIAN_POINT('',(-0.00724451763821973,-0.00521323563673749,0.0551161361258114));
#7245=CARTESIAN_POINT('',(-0.00569518243544111,-0.00687276380997576,0.0552337667818644));
#7246=CARTESIAN_POINT('',(-0.00186486032166968,-0.00872881901205822,0.0554689916646106));
#7247=CARTESIAN_POINT('',(0.000395899212641182,-0.00891691756248161,0.0555865180615526));
#7248=CARTESIAN_POINT('',(0.00447962289388208,-0.00772017705259262,0.0558216954080621));
#7249=CARTESIAN_POINT('',(0.00628205670675849,-0.00634041563184844,0.0559392999469674));
#7250=CARTESIAN_POINT('',(0.00850340639056599,-0.00271241343092442,0.0561743981091005));
#7251=CARTESIAN_POINT('',(0.00891289586886689,-0.000480502820938179,0.0562919593420339));
#7252=CARTESIAN_POINT('',(0.00812194292227538,0.00370197770085313,0.0565272000744855));
#7253=CARTESIAN_POINT('',(0.00692572088011355,0.005630230648389,0.056644761307404));
#7254=CARTESIAN_POINT('',(0.00353295842980187,0.0081965426604664,0.0568798594695669));
#7255=CARTESIAN_POINT('',(0.00135115663098221,0.0088228414217641,0.0569974640084499));
#7256=CARTESIAN_POINT('',(-0.0028875652875052,0.00844571617527597,0.0572326413549743));
#7257=CARTESIAN_POINT('',(-0.00492351865671073,0.00744506208179123,0.0573501677519013));
#7258=CARTESIAN_POINT('',(-0.00781157102310445,0.00431848856795706,0.0575853926346625));
#7259=CARTESIAN_POINT('',(-0.00864791723602285,0.00220780186924807,0.0577030232907107));
#7260=CARTESIAN_POINT('',(-0.00868808047606093,-0.00204404482740059,0.0579380111258087));
#7261=CARTESIAN_POINT('',(-0.00789175533066079,-0.00417015385348283,0.0580556417818644));
#7262=CARTESIAN_POINT('',(-0.00506328070220825,-0.00735072607945606,0.0582908666646106));
#7263=CARTESIAN_POINT('',(-0.00304659343946215,-0.00838966169862622,0.0584083930615356));
#7264=CARTESIAN_POINT('',(0.00118424805210584,-0.00884679103099078,0.0586435704080791));
#7265=CARTESIAN_POINT('',(0.0033774915968312,-0.00826181925273605,0.0587611749469674));
#7266=CARTESIAN_POINT('',(0.00681812743913149,-0.00576005599687461,0.0589962731091005));
#7267=CARTESIAN_POINT('',(0.00805056159987524,-0.00385474430499062,0.0591138343420414));
#7268=CARTESIAN_POINT('',(0.00892038236321417,0.000312048432662892,0.059349075074478));
#7269=CARTESIAN_POINT('',(0.0085531277585629,0.00255129622134963,0.0594666363074189));
#7270=CARTESIAN_POINT('',(0.006400709061334,0.00622061334305107,0.059701734469552));
#7271=CARTESIAN_POINT('',(0.00462466119510714,0.00763417735094084,0.0598193390084553));
#7272=CARTESIAN_POINT('',(0.000564273186787739,0.00890784770715039,0.0600545163549689));
#7273=CARTESIAN_POINT('',(-0.00169963620324306,0.00876248949450031,0.0601720427519013));
#7274=CARTESIAN_POINT('',(-0.00556433655718755,0.00697912201061094,0.0604072676346625));
#7275=CARTESIAN_POINT('',(-0.00714474453592473,0.00534915760948077,0.0605248982907134));
#7276=CARTESIAN_POINT('',(-0.00880896181908383,0.00143633327772026,0.0607598861258061));
#7277=CARTESIAN_POINT('',(-0.00888688001572272,-0.00083267577533488,0.060877516781857));
#7278=CARTESIAN_POINT('',(-0.00749086249459436,-0.00485355173575554,0.0611127416646181));
#7279=CARTESIAN_POINT('',(-0.00602526985787397,-0.00658515589358922,0.061230268061543));
#7280=CARTESIAN_POINT('',(-0.00229141782033977,-0.00862656127131944,0.0614654454080716));
#7281=CARTESIAN_POINT('',(-4.12659916107792E-05,-0.00892543578595294,0.0615830499469674));
#7282=CARTESIAN_POINT('',(0.00409485039150295,-0.00793078225235802,0.0618181481091005));
#7283=CARTESIAN_POINT('',(0.00596260230574849,-0.00664213591205651,0.0619357093420339));
#7284=CARTESIAN_POINT('',(0.00836077445289787,-0.00312538738056983,0.0621709500744855));
#7285=CARTESIAN_POINT('',(0.0088783984700588,-0.000916049927812215,0.0622885113074114));
#7286=CARTESIAN_POINT('',(0.00829400976085864,0.00329765203413643,0.0625236094695594));
#7287=CARTESIAN_POINT('',(0.00719410301490133,0.00528327898243115,0.0626412140084553));
#7288=CARTESIAN_POINT('',(0.00393020618357511,0.00801384017544742,0.0628763913549689));
#7289=CARTESIAN_POINT('',(0.00178300045485938,0.00874590731383989,0.0629939177518939));
#7290=CARTESIAN_POINT('',(-0.002469982291207,0.00857724739304468,0.0632291426346699));
#7291=CARTESIAN_POINT('',(-0.00455384924755081,0.00767615259391154,0.0633467732907134));
#7292=CARTESIAN_POINT('',(-0.00758875857854073,0.00469804266169476,0.0635817611258061));
#7293=CARTESIAN_POINT('',(-0.0085290577781609,0.00263156964138275,0.0636993917818495));
#7294=CARTESIAN_POINT('',(-0.00877802837701396,-0.00161746813784203,0.0639346166646256));
#7295=CARTESIAN_POINT('',(-0.00808665355956898,-0.00377811979834331,0.0640521430615505));
#7296=CARTESIAN_POINT('',(-0.0054182361014557,-0.00709301575805914,0.0642873204080642));
#7297=CARTESIAN_POINT('',(-0.00345374120695847,-0.00823023563007589,0.06440492494696));
#7298=CARTESIAN_POINT('',(0.000748169491730735,-0.00889411880259948,0.064640023109108));
#7299=CARTESIAN_POINT('',(0.00296689086172744,-0.00841832253750149,0.0647575843420414));
#7300=CARTESIAN_POINT('',(0.00652831442270558,-0.00608701129694037,0.064992825074478));
#7301=CARTESIAN_POINT('',(0.00785201349735537,-0.0042439357795634,0.0651103863074114));
#7302=CARTESIAN_POINT('',(0.00892462265969365,-0.000127346903599998,0.0653454844695594));
#7303=CARTESIAN_POINT('',(0.00866830786535004,0.00212804928193818,0.0654630890084403));
#7304=CARTESIAN_POINT('',(0.00669780091635393,0.00589979812262606,0.0656982663549839));
#7305=CARTESIAN_POINT('',(0.00499419145677626,0.00739784002649979,0.0658157927519088));
#7306=CARTESIAN_POINT('',(0.00100040438803731,0.00886956461282337,0.066051017634655));
#7307=CARTESIAN_POINT('',(-0.00126967169183247,0.00883452293052514,0.0661686482907134));
#7308=CARTESIAN_POINT('',(-0.00521323563683355,0.00724451763817973,0.0664036361258061));
#7309=CARTESIAN_POINT('',(-0.00687276380997575,0.0056951824354374,0.0665212667818495));
#7310=CARTESIAN_POINT('',(-0.00872881901205821,0.00186486032167343,0.0667564916646256));
#7311=CARTESIAN_POINT('',(-0.00891691756247095,-0.000395899212671408,0.0668740180615654));
#7312=CARTESIAN_POINT('',(-0.00772017705260325,-0.00447962289385193,0.0671091954080492));
#7313=CARTESIAN_POINT('',(-0.00634041563184472,-0.00628205670675848,0.0672267999469749));
#7314=CARTESIAN_POINT('',(-0.00271241343092817,-0.00850340639056598,0.0674618981090931));
#7315=CARTESIAN_POINT('',(-0.000480502820938263,-0.00891289586886878,0.0675794593420265));
#7316=CARTESIAN_POINT('',(0.00370197770085305,-0.00812194292227353,0.067814700074493));
#7317=CARTESIAN_POINT('',(0.00563023064838716,-0.00692572088011352,0.0679322613074263));
#7318=CARTESIAN_POINT('',(0.00819654266046829,-0.00353295842980184,0.0681673594695445));
#7319=CARTESIAN_POINT('',(0.00882284142175359,-0.00135115663088885,0.0682849640084403));
#7320=CARTESIAN_POINT('',(0.00844571617528648,0.00288756528741168,0.0685201413549838));
#7321=CARTESIAN_POINT('',(0.00744506208178387,0.00492351865670877,0.0686376677518939));
#7322=CARTESIAN_POINT('',(0.00431848856796464,0.00781157102310622,0.0688728926346699));
#7323=CARTESIAN_POINT('',(0.00220780186913223,0.00864791723602332,0.0689905232907134));
#7324=CARTESIAN_POINT('',(-0.00204404482728482,0.00868808047606047,0.0692255111258061));
#7325=CARTESIAN_POINT('',(-0.00417015385348099,0.00789175533066076,0.0693431417818495));
#7326=CARTESIAN_POINT('',(-0.00735072607945796,0.00506328070220822,0.0695783666646256));
#7327=CARTESIAN_POINT('',(-0.00838966169863742,0.00304659343939868,0.0696958930615505));
#7328=CARTESIAN_POINT('',(-0.00884679103097959,-0.00118424805204245,0.0699310704080642));
#7329=CARTESIAN_POINT('',(-0.00826181925273237,-0.00337749159682927,0.0700486749469749));
#7330=CARTESIAN_POINT('',(-0.00576005599687839,-0.00681812743913328,0.0702837731090931));
#7331=CARTESIAN_POINT('',(-0.00385474430499059,-0.00805056159987711,0.0704013343420414));
#7332=CARTESIAN_POINT('',(0.00031204843266293,-0.00892038236321231,0.070636575074478));
#7333=CARTESIAN_POINT('',(0.00255129622134961,-0.00855312775856104,0.0707541363074263));
#7334=CARTESIAN_POINT('',(0.00622061334305106,-0.00640070906133588,0.0709892344695445));
#7335=CARTESIAN_POINT('',(0.00763417735098372,-0.00462466119498035,0.0711068390084403));
#7336=CARTESIAN_POINT('',(0.00890784770710746,-0.000564273186914684,0.0713420163549838));
#7337=CARTESIAN_POINT('',(0.00876248949450032,0.00169963620324678,0.0714595427518939));
#7338=CARTESIAN_POINT('',(0.00697912201061095,0.0055643365571838,0.0716947676346699));
#7339=CARTESIAN_POINT('',(0.0053491576095479,0.00714474453589862,0.0718123982907134));
#7340=CARTESIAN_POINT('',(0.00143633327765318,0.00880896181910992,0.0720473861258061));
#7341=CARTESIAN_POINT('',(-0.000832675775338647,0.00888688001572084,0.0721650167818495));
#7342=CARTESIAN_POINT('',(-0.00485355173575184,0.00749086249459622,0.0724002416646256));
#7343=CARTESIAN_POINT('',(-0.0065851558935892,0.00602526985787399,0.0725177680615356));
#7344=CARTESIAN_POINT('',(-0.00862656127131943,0.00229141782033979,0.0727529454080791));
#7345=CARTESIAN_POINT('',(-0.00892543578596785,4.12659916741533E-05,0.07287054994696));
#7346=CARTESIAN_POINT('',(-0.00793078225234309,-0.00409485039156639,0.073105648109108));
#7347=CARTESIAN_POINT('',(-0.00664213591194835,-0.00596260230582215,0.0732232093420265));
#7348=CARTESIAN_POINT('',(-0.00312538738067814,-0.00836077445282411,0.0734584500744929));
#7349=CARTESIAN_POINT('',(-0.000916049927685476,-0.00887839847003829,0.0735760113074263));
#7350=CARTESIAN_POINT('',(0.00329765203400953,-0.00829400976087917,0.0738111094695445));
#7351=CARTESIAN_POINT('',(0.00528327898250576,-0.00719410301480059,0.0739287140084403));
#7352=CARTESIAN_POINT('',(0.00801384017537278,-0.00393020618367587,0.0741638913549839));
#7353=CARTESIAN_POINT('',(0.00874590731384363,-0.00178300045492665,0.0742814177518939));
#7354=CARTESIAN_POINT('',(0.00857724739304095,0.00246998229127409,0.0745166426346699));
#7355=CARTESIAN_POINT('',(0.00767615259390787,0.00455384924755448,0.0746342732907134));
#7356=CARTESIAN_POINT('',(0.00469804266169854,0.00758875857853694,0.0748692611258061));
#7357=CARTESIAN_POINT('',(0.00263156964138278,0.00852905777816277,0.0749868917818495));
#7358=CARTESIAN_POINT('',(-0.001617468137842,0.00877802837701209,0.0752221166646256));
#7359=CARTESIAN_POINT('',(-0.00377811979844595,0.0080866535594794,0.0753396430615356));
#7360=CARTESIAN_POINT('',(-0.00709301575795656,0.00541823610154522,0.0755748204080791));
#7361=CARTESIAN_POINT('',(-0.00823023563006656,0.00345374120702563,0.0756924249469749));
#7362=CARTESIAN_POINT('',(-0.0088941188026088,-0.000748169491797856,0.0759275231090931));
#7363=CARTESIAN_POINT('',(-0.00841832253743065,-0.00296689086183182,0.0760450843420265));
#7364=CARTESIAN_POINT('',(-0.00608701129701137,-0.00652831442260096,0.0762803250744929));
#7365=CARTESIAN_POINT('',(-0.00424393577949995,-0.00785201349736844,0.0763978863074114));
#7366=CARTESIAN_POINT('',(-0.000127346903663372,-0.00892462265968061,0.0766329844695595));
#7367=CARTESIAN_POINT('',(0.00212804928199781,-0.00866830786532396,0.0767505890084553));
#7368=CARTESIAN_POINT('',(0.00589979812256628,-0.00669780091638009,0.0769857663549689));
#7369=CARTESIAN_POINT('',(0.00739784002650163,-0.00499419145677634,0.0771032927518939));
#7370=CARTESIAN_POINT('',(0.00886956461282147,-0.00100040438803739,0.0773385176346699));
#7371=CARTESIAN_POINT('',(0.0088345229304692,0.00126967169195554,0.0774561482907134));
#7372=CARTESIAN_POINT('',(0.00724451763823564,0.00521323563671055,0.0776911361258061));
#7373=CARTESIAN_POINT('',(0.00569518243543737,0.00687276380997576,0.0778087667818794));
#7374=CARTESIAN_POINT('',(0.0018648603216734,0.00872881901205822,0.0780439916645957));
#7375=CARTESIAN_POINT('',(-0.000395899212671325,0.00891691756247284,0.0781615180615356));
#7376=CARTESIAN_POINT('',(-0.00447962289385185,0.00772017705260141,0.0783966954080791));
#7377=CARTESIAN_POINT('',(-0.0062820567067585,0.00634041563184469,0.0785142999469749));
#7378=CARTESIAN_POINT('',(-0.008503406390566,0.00271241343092814,0.0787493981090931));
#7379=CARTESIAN_POINT('',(-0.00891289586889303,0.000480502821065126,0.0788669593420265));
#7380=CARTESIAN_POINT('',(-0.00812194292224927,-0.00370197770097999,0.0791022000744929));
#7381=CARTESIAN_POINT('',(-0.00692572088012105,-0.0056302306483871,0.0792197613074114));
#7382=CARTESIAN_POINT('',(-0.00353295842979445,-0.00819654266046823,0.0794548594695595));
#7383=CARTESIAN_POINT('',(-0.00135115663102314,-0.00882284142176665,0.0795724640084553));
#7384=CARTESIAN_POINT('',(0.00288756528754605,-0.00844571617527342,0.0798076413549689));
#7385=CARTESIAN_POINT('',(0.00492351865670879,-0.00744506208177638,0.0799251677518939));
#7386=CARTESIAN_POINT('',(0.00708955793150688,-0.00510013194642315,0.0801015864139759));
#7387=CARTESIAN_POINT('',(0.00766549610513321,-0.00418479944543829,0.0801603603049628));
#7388=CARTESIAN_POINT('',(0.00825377828573164,-0.00270165124278178,0.0802485384450774));
#7389=CARTESIAN_POINT('',(0.00840425560670638,-0.00218917335196945,0.0802779316751894));
#7390=CARTESIAN_POINT('',(0.00855773814117422,-0.00140598619115735,0.0803220376408232));
#7391=CARTESIAN_POINT('',(0.00859682864262671,-0.00114288964362387,0.0803367216606391));
#7392=CARTESIAN_POINT('',(0.00863725333287294,-0.00074595638003812,0.0803587715560138));
#7393=CARTESIAN_POINT('',(0.00864768576594547,-0.000613294287848294,0.0803661237845691));
#7394=CARTESIAN_POINT('',(0.0086587446759303,-0.00041409127021354,0.0803771496462505));
#7395=CARTESIAN_POINT('',(0.00866166632693835,-0.00034765531257231,0.080380824519901));
#7396=CARTESIAN_POINT('',(0.00866597964214689,-0.000214766426137096,0.0803881724619073));
#7397=CARTESIAN_POINT('',(0.00866768318541817,-0.000148627789983999,0.080391845526784));
#7398=CARTESIAN_POINT('',(0.00866835491340858,-6.58938350069522E-06,0.0803996586428415));
#7399=CARTESIAN_POINT('',(0.00866799885604189,6.94085516373471E-05,0.0804038000696459));
#7400=CARTESIAN_POINT('',(0.00866799885604189,0.000220695624197853,0.0804120829310311));
#7401=CARTESIAN_POINT('',(0.0086679988560419,0.00029633916047727,0.0804162243617246));
#7402=CARTESIAN_POINT('',(0.0086679988560419,0.000523269769318029,0.0804286486538024));
#7403=CARTESIAN_POINT('',(0.0086679988560419,0.000674556841878324,0.0804369315151884));
#7404=CARTESIAN_POINT('',(0.0086679988560419,0.00112841805955984,0.0804617800993471));
#7405=CARTESIAN_POINT('',(0.00866799885604191,0.0014309922046819,0.0804783458221171));
#7406=CARTESIAN_POINT('',(0.00866799885604191,0.00233871464004499,0.0805280429904347));
#7407=CARTESIAN_POINT('',(0.00866799885604193,0.00294384288826484,0.0805611733386912));
#7408=CARTESIAN_POINT('',(0.00866799885604193,0.00354901124260051,0.0805943058827279));
#7409=CARTESIAN_POINT('',(0.00870371070069818,-0.00356204009958782,0.0350569389231258));
#7410=CARTESIAN_POINT('',(0.00870371070069818,-0.00298201255600137,0.0350886950253669));
#7411=CARTESIAN_POINT('',(0.00870371070069818,-0.00240202185448951,0.0351204491105237));
#7412=CARTESIAN_POINT('',(0.00870371070069818,-0.00153200818653088,0.0351680817502033));
#7413=CARTESIAN_POINT('',(0.00870371070069818,-0.00124200363054476,0.0351839592967633));
#7414=CARTESIAN_POINT('',(0.00870371070069818,-0.000806996796565528,0.0352077756166031));
#7415=CARTESIAN_POINT('',(0.00870371070069818,-0.000661994518572441,0.0352157143898831));
#7416=CARTESIAN_POINT('',(0.00870371070069818,-0.000444491101582823,0.035227622549803));
#7417=CARTESIAN_POINT('',(0.00870371070069818,-0.000371989962586281,0.0352315919364429));
#7418=CARTESIAN_POINT('',(0.00870371070069818,-0.000226987684593195,0.0352395307097229));
#7419=CARTESIAN_POINT('',(0.00870337309832684,-0.000154294859648022,0.0352435000926355));
#7420=CARTESIAN_POINT('',(0.00870402298249924,-1.50992465845536E-05,0.0352511411644785));
#7421=CARTESIAN_POINT('',(0.00870420065153017,5.14644624437663E-05,0.0352548142293551));
#7422=CARTESIAN_POINT('',(0.00870238747849056,0.000184958770753541,0.0352621621713617));
#7423=CARTESIAN_POINT('',(0.00870071272296647,0.000251711896163839,0.0352658370450121));
#7424=CARTESIAN_POINT('',(0.00869338347272129,0.00045190945529648,0.0352768629066933));
#7425=CARTESIAN_POINT('',(0.00868542277026422,0.000585291982036728,0.0352842151352484));
#7426=CARTESIAN_POINT('',(0.00865235735460037,0.000984555287587961,0.035306265030624));
#7427=CARTESIAN_POINT('',(0.00861809629120605,0.00124942914947764,0.0353209490504379));
#7428=CARTESIAN_POINT('',(0.00847884377043892,0.00203861010166661,0.0353650550160759));
#7429=CARTESIAN_POINT('',(0.00833748061367923,0.00255595798402917,0.0353944482461869));
#7430=CARTESIAN_POINT('',(0.0077749733346246,0.00405609439569222,0.0354826263862962));
#7431=CARTESIAN_POINT('',(0.00721410331740084,0.00498594350504444,0.035541400277289));
#7432=CARTESIAN_POINT('',(0.00508394455387999,0.00738114356399591,0.0357178189393639));
#7433=CARTESIAN_POINT('',(0.0030589214992044,0.00842430568813122,0.0358353453362889));
#7434=CARTESIAN_POINT('',(-0.0011893619976169,0.00888320578935733,0.036070522682812));
#7435=CARTESIAN_POINT('',(-0.0033916255254821,0.00829576578997841,0.0361881272217102));
#7436=CARTESIAN_POINT('',(-0.006846369293206,0.00578360452143429,0.036423225383844));
#7437=CARTESIAN_POINT('',(-0.00808383007817333,0.00387041072909194,0.0365407866167696));
#7438=CARTESIAN_POINT('',(-0.00895712348334394,-0.000313571122420536,0.0367760273492361));
#7439=CARTESIAN_POINT('',(-0.00858829636685508,-0.00256203420629812,0.0368935885821688));
#7440=CARTESIAN_POINT('',(-0.00642691277702026,-0.00624641064163368,0.0371286867442883));
#7441=CARTESIAN_POINT('',(-0.00464351052492898,-0.00766575091313887,0.0372462912831937));
#7442=CARTESIAN_POINT('',(-0.00056636102397175,-0.00894456048422298,0.0374814686297168));
#7443=CARTESIAN_POINT('',(0.00170687115897258,-0.00879854325362957,0.0375989950266418));
#7444=CARTESIAN_POINT('',(0.00558744556028619,-0.00700772606814639,0.0378342199094083));
#7445=CARTESIAN_POINT('',(0.00717432103539891,-0.00537100466775435,0.0379518505654599));
#7446=CARTESIAN_POINT('',(0.00884529039754698,-0.00144201638100248,0.0381868384005458));
#7447=CARTESIAN_POINT('',(0.00892346927540606,0.000836342409672306,0.0383044690565974));
#7448=CARTESIAN_POINT('',(0.00752159367160452,0.00487374611347985,0.0385396939393639));
#7449=CARTESIAN_POINT('',(0.00604991718069401,0.00661244502223477,0.0386572203362882));
#7450=CARTESIAN_POINT('',(0.0023006284755382,0.0086621611434428,0.0388923976828127));
#7451=CARTESIAN_POINT('',(4.11987216729823E-05,0.00896220711726082,0.0390100022217106));
#7452=CARTESIAN_POINT('',(-0.00411193083230495,0.00796334594185201,0.0392451003838437));
#7453=CARTESIAN_POINT('',(-0.00598734309105488,0.00666934109599239,0.0393626616167771));
#7454=CARTESIAN_POINT('',(-0.00839530152985312,0.00313804081673233,0.0395979023492286));
#7455=CARTESIAN_POINT('',(-0.0089149992763856,0.000919587767056608,0.0397154635821545));
#7456=CARTESIAN_POINT('',(-0.00832809103622228,-0.0033114579024574,0.0399505617443026));
#7457=CARTESIAN_POINT('',(-0.00722360020406842,-0.00530523582408283,0.0400681662832005));
#7458=CARTESIAN_POINT('',(-0.00394618446516926,-0.00804695937806415,0.04030334362971));
#7459=CARTESIAN_POINT('',(-0.00179011340370802,-0.00878198534166538,0.0404208700266418));
#7460=CARTESIAN_POINT('',(0.00248038592734183,-0.0086125175289685,0.0406560949094083));
#7461=CARTESIAN_POINT('',(0.00457281386277289,-0.00770765508027935,0.0407737255654592));
#7462=CARTESIAN_POINT('',(0.00762014697919574,-0.00471719550955043,0.0410087134005464));
#7463=CARTESIAN_POINT('',(0.00856426500650967,-0.00264218421645268,0.0411263440565974));
#7464=CARTESIAN_POINT('',(0.00881414833624151,0.00162436499779858,0.0413615689393639));
#7465=CARTESIAN_POINT('',(0.00811986781406992,0.00379389954366429,0.0414790953362882));
#7466=CARTESIAN_POINT('',(0.0054403691185305,0.00712238098612759,0.0417142726828127));
#7467=CARTESIAN_POINT('',(0.00346775083690446,0.00826423365354645,0.0418318772217106));
#7468=CARTESIAN_POINT('',(-0.000751488176915048,0.00893074013053712,0.0420669753838437));
#7469=CARTESIAN_POINT('',(-0.00297933739372479,0.00845292473875103,0.0421845366167771));
#7470=CARTESIAN_POINT('',(-0.00655537102203887,0.00611191448795312,0.0424197773492286));
#7471=CARTESIAN_POINT('',(-0.00788447436075405,0.00426121083893848,0.042537338582162));
#7472=CARTESIAN_POINT('',(-0.00896139292949475,0.000127634283949755,0.0427724367442951));
#7473=CARTESIAN_POINT('',(-0.00870396223425302,-0.00213704667288999,0.042890041283193));
#7474=CARTESIAN_POINT('',(-0.00672523709378032,-0.00592428165246617,0.0431252186297174));
#7475=CARTESIAN_POINT('',(-0.00501456942807649,-0.00742844977032978,0.0432427450266418));
#7476=CARTESIAN_POINT('',(-0.00100428997830192,-0.00890613126866918,0.0434779699094083));
#7477=CARTESIAN_POINT('',(0.0012751372322112,-0.00887088487688415,0.0435956005654586));
#7478=CARTESIAN_POINT('',(0.00523490526005576,-0.00727422438326805,0.0438305884005471));
#7479=CARTESIAN_POINT('',(0.00690122902562879,-0.00571846224706303,0.0439482190566049));
#7480=CARTESIAN_POINT('',(0.00876482881713836,-0.00187231096391145,0.0441834439393564));
#7481=CARTESIAN_POINT('',(0.0089536421795331,0.000397767251360381,0.0443009703362882));
#7482=CARTESIAN_POINT('',(0.00775186288030103,0.00449828288821441,0.0445361476828127));
#7483=CARTESIAN_POINT('',(0.0063663693224799,0.00630810553154171,0.044653752221718));
#7484=CARTESIAN_POINT('',(0.00272336174112981,0.00853851009171139,0.0448888503838362));
#7485=CARTESIAN_POINT('',(0.000482245414059393,0.00894962721599946,0.0450064116167845));
#7486=CARTESIAN_POINT('',(-0.00371744470072566,0.00815530458301477,0.0452416523492211));
#7487=CARTESIAN_POINT('',(-0.00565360969662571,0.00695410318859183,0.045359213582162));
#7488=CARTESIAN_POINT('',(-0.00823040398449086,0.0035472953076058,0.0455943117442951));
#7489=CARTESIAN_POINT('',(-0.00885922491588151,0.00135648846188206,0.045711916283193));
#7490=CARTESIAN_POINT('',(-0.00848043333929461,-0.00289968574903519,0.0459470936297174));
#7491=CARTESIAN_POINT('',(-0.00747560271423818,-0.00494400006050814,0.0460646200266417));
#7492=CARTESIAN_POINT('',(-0.00433607183862769,-0.00784386725701416,0.0462998449094083));
#7493=CARTESIAN_POINT('',(-0.00221666748281812,-0.00868360286577502,0.046417475565466));
#7494=CARTESIAN_POINT('',(0.00205269666961784,-0.00872381853562136,0.0466524634005396));
#7495=CARTESIAN_POINT('',(0.00418754348540749,-0.00792415623856115,0.0467700940565926));
#7496=CARTESIAN_POINT('',(0.00738114356398229,-0.00508394455389334,0.0470053189393687));
#7497=CARTESIAN_POINT('',(0.00842430568813366,-0.00305892149919786,0.0471228453362807));
#7498=CARTESIAN_POINT('',(0.00888320578935489,0.00118936199761035,0.0473580226828201));
#7499=CARTESIAN_POINT('',(0.00829576579000292,0.00339162552545146,0.0474756272216956));
#7500=CARTESIAN_POINT('',(0.00578360452140986,0.00684636929323656,0.0477107253838586));
#7501=CARTESIAN_POINT('',(0.0038704107291407,0.00808383007816583,0.047828286616777));
#7502=CARTESIAN_POINT('',(-0.000313571122469211,0.00895712348335141,0.0480635273492286));
#7503=CARTESIAN_POINT('',(-0.00256203420626001,0.00858829636688257,0.048181088582162));
#7504=CARTESIAN_POINT('',(-0.0062464106416718,0.00642691277699277,0.0484161867442951));
#7505=CARTESIAN_POINT('',(-0.00766575091312772,0.00464351052495568,0.048533791283193));
#7506=CARTESIAN_POINT('',(-0.00894456048423411,0.000566361023945104,0.0487689686297174));
#7507=CARTESIAN_POINT('',(-0.00879854325361655,-0.0017068711589983,0.0488864950266444));
#7508=CARTESIAN_POINT('',(-0.00700772606815943,-0.00558744556026043,0.0491217199094056));
#7509=CARTESIAN_POINT('',(-0.00537100466775814,-0.00717432103539681,0.049239350565466));
#7510=CARTESIAN_POINT('',(-0.00144201638099869,-0.00884529039754907,0.0494743384005396));
#7511=CARTESIAN_POINT('',(0.000836342409733538,-0.00892346927539,0.0495919690566001));
#7512=CARTESIAN_POINT('',(0.00487374611341851,-0.00752159367162062,0.0498271939393612));
#7513=CARTESIAN_POINT('',(0.00661244502221976,-0.00604991718072398,0.0499447203362882));
#7514=CARTESIAN_POINT('',(0.0086621611434578,-0.00230062847550826,0.0501798976828127));
#7515=CARTESIAN_POINT('',(0.00896220711726647,-4.11987217066978E-05,0.0502975022216956));
#7516=CARTESIAN_POINT('',(0.00796334594184638,0.00411193083233865,0.0505326003838586));
#7517=CARTESIAN_POINT('',(0.0066693410960599,0.00598734309100615,0.050650161616777));
#7518=CARTESIAN_POINT('',(0.00313804081666489,0.00839530152990181,0.0508854023492286));
#7519=CARTESIAN_POINT('',(0.000919587767052915,0.00891499927638561,0.0510029635821769));
#7520=CARTESIAN_POINT('',(-0.00331145790245372,0.00832809103622227,0.0512380617442802));
#7521=CARTESIAN_POINT('',(-0.00530523582405289,0.00722360020409837,0.051355666283193));
#7522=CARTESIAN_POINT('',(-0.00804695937809405,0.00394618446513937,0.0515908436297174));
#7523=CARTESIAN_POINT('',(-0.00878198534166718,0.00179011340371157,0.0517083700266444));
#7524=CARTESIAN_POINT('',(-0.00861251752896671,-0.00248038592734529,0.0519435949094056));
#7525=CARTESIAN_POINT('',(-0.00770765508028043,-0.00457281386276605,0.052061225565466));
#7526=CARTESIAN_POINT('',(-0.00471719550954934,-0.00762014697920258,0.0522962134005396));
#7527=CARTESIAN_POINT('',(-0.00264218421645252,-0.00856426500650879,0.0524138440566001));
#7528=CARTESIAN_POINT('',(0.00162436499779839,-0.00881414833624239,0.0526490689393612));
#7529=CARTESIAN_POINT('',(0.00379389954363803,-0.00811986781409244,0.0527665953362882));
#7530=CARTESIAN_POINT('',(0.00712238098615383,-0.00544036911850801,0.0530017726828127));
#7531=CARTESIAN_POINT('',(0.00826423365354457,-0.0034677508369195,0.0531193772217031));
#7532=CARTESIAN_POINT('',(0.00893074013053899,0.00075148817692998,0.0533544753838511));
#7533=CARTESIAN_POINT('',(0.00845292473875856,0.00297933739370231,0.0534720366167696));
#7534=CARTESIAN_POINT('',(0.00611191448794561,0.0065553710220613,0.053707277349236));
#7535=CARTESIAN_POINT('',(0.00426121083895345,0.00788447436074843,0.0538248385821694));
#7536=CARTESIAN_POINT('',(0.000127634283934747,0.00896139292950038,0.0540599367442876));
#7537=CARTESIAN_POINT('',(-0.00213704667285252,0.00870396223426804,0.0541775412831855));
#7538=CARTESIAN_POINT('',(-0.0059242816525036,0.00672523709376532,0.0544127186297249));
#7539=CARTESIAN_POINT('',(-0.00742844977032234,0.0050145694280905,0.0545302450266594));
#7540=CARTESIAN_POINT('',(-0.0089061312686766,0.00100428997828794,0.0547654699093906));
#7541=CARTESIAN_POINT('',(-0.00887088487689356,-0.00127513723218117,0.0548831005654511));
#7542=CARTESIAN_POINT('',(-0.00727422438325869,-0.00523490526008569,0.0551180884005545));
#7543=CARTESIAN_POINT('',(-0.00571846224708259,-0.00690122902562203,0.0552357190566075));
#7544=CARTESIAN_POINT('',(-0.00187231096389187,-0.00876482881714514,0.0554709439393537));
#7545=CARTESIAN_POINT('',(0.00039776725139035,-0.00895364217952372,0.0555884703362957));
#7546=CARTESIAN_POINT('',(0.00449828288818445,-0.00775186288031041,0.0558236476828052));
#7547=CARTESIAN_POINT('',(0.00630810553154169,-0.00636636932248368,0.0559412522217105));
#7548=CARTESIAN_POINT('',(0.00853851009171135,-0.00272336174112612,0.0561763503838436));
#7549=CARTESIAN_POINT('',(0.00894962721598262,-0.000482245413995646,0.056293911616777));
#7550=CARTESIAN_POINT('',(0.00815530458303159,0.00371744470066193,0.0565291523492286));
#7551=CARTESIAN_POINT('',(0.00695410318858064,0.00565360969662569,0.0566467135821471));
#7552=CARTESIAN_POINT('',(0.00354729530761704,0.00823040398449085,0.05688181174431));
#7553=CARTESIAN_POINT('',(0.00135648846191207,0.00885922491588525,0.056999416283193));
#7554=CARTESIAN_POINT('',(-0.00289968574906515,0.00848043333929088,0.0572345936297174));
#7555=CARTESIAN_POINT('',(-0.00494400006051513,0.00747560271423588,0.0573521200266444));
#7556=CARTESIAN_POINT('',(-0.00784386725700713,0.00433607183863002,0.0575873449094056));
#7557=CARTESIAN_POINT('',(-0.00868360286577547,0.002216667482934,0.0577049755654538));
#7558=CARTESIAN_POINT('',(-0.0087238185356209,-0.00205269666973368,0.0579399634005518));
#7559=CARTESIAN_POINT('',(-0.00792415623858363,-0.00418754348538318,0.0580575940566075));
#7560=CARTESIAN_POINT('',(-0.00508394455387082,-0.00738114356400667,0.0582928189393537));
#7561=CARTESIAN_POINT('',(-0.00305892149919796,-0.00842430568813108,0.0584103453362787));
#7562=CARTESIAN_POINT('',(0.00118936199761034,-0.00888320578935746,0.0586455226828222));
#7563=CARTESIAN_POINT('',(0.00339162552547953,-0.00829576578998419,0.0587631272217105));
#7564=CARTESIAN_POINT('',(0.0068463692932085,-0.00578360452142857,0.0589982253838436));
#7565=CARTESIAN_POINT('',(0.00808383007818456,-0.00387041072903953,0.0591157866167845));
#7566=CARTESIAN_POINT('',(0.00895712348333267,0.00031357112236799,0.0593510273492211));
#7567=CARTESIAN_POINT('',(0.00858829636686574,0.00256203420628247,0.059468588582162));
#7568=CARTESIAN_POINT('',(0.00642691277700963,0.00624641064164928,0.0597036867442951));
#7569=CARTESIAN_POINT('',(0.00464351052498591,0.00766575091311955,0.0598212912831984));
#7570=CARTESIAN_POINT('',(0.000566361023914982,0.00894456048424225,0.060056468629712));
#7571=CARTESIAN_POINT('',(-0.00170687115896453,0.00879854325363342,0.0601739950266444));
#7572=CARTESIAN_POINT('',(-0.0055874455602941,0.0070077260681426,0.0604092199094056));
#7573=CARTESIAN_POINT('',(-0.00717432103538268,0.00537100466778798,0.0605268505654565));
#7574=CARTESIAN_POINT('',(-0.00884529039756318,0.0014420163809689,0.0607618384005492));
#7575=CARTESIAN_POINT('',(-0.00892346927541059,-0.000836342409669876,0.0608794690566001));
#7576=CARTESIAN_POINT('',(-0.00752159367160001,-0.00487374611348219,0.0611146939393612));
#7577=CARTESIAN_POINT('',(-0.00604991718075422,-0.00661244502220307,0.0612322203362861));
#7578=CARTESIAN_POINT('',(-0.00230062847547807,-0.00866216114347447,0.0614673976828147));
#7579=CARTESIAN_POINT('',(-4.11987216093758E-05,-0.00896220711724398,0.0615850022217105));
#7580=CARTESIAN_POINT('',(0.00411193083224115,-0.0079633459418689,0.0618201003838436));
#7581=CARTESIAN_POINT('',(0.00598734309100804,-0.0066693410960524,0.061937661616777));
#7582=CARTESIAN_POINT('',(0.00839530152989996,-0.00313804081667232,0.0621729023492286));
#7583=CARTESIAN_POINT('',(0.0089149992763875,-0.000919587767049165,0.0622904635821545));
#7584=CARTESIAN_POINT('',(0.00832809103622039,0.00331145790244992,0.0625255617443025));
#7585=CARTESIAN_POINT('',(0.00722360020412442,0.00530523582404075,0.0626431662831984));
#7586=CARTESIAN_POINT('',(0.00394618446511335,0.00804695937810615,0.062878343629712));
#7587=CARTESIAN_POINT('',(0.00179011340364415,0.00878198534166156,0.062995870026637));
#7588=CARTESIAN_POINT('',(-0.00248038592727783,0.00861251752897231,0.063231094909413));
#7589=CARTESIAN_POINT('',(-0.00457281386278344,0.00770765508025688,0.0633487255654565));
#7590=CARTESIAN_POINT('',(-0.00762014697918518,0.00471719550957293,0.0635837134005492));
#7591=CARTESIAN_POINT('',(-0.0085642650065088,0.00264218421645254,0.0637013440565926));
#7592=CARTESIAN_POINT('',(-0.00881414833624238,-0.00162436499779837,0.0639365689393687));
#7593=CARTESIAN_POINT('',(-0.00811986781411343,-0.00379389954361129,0.0640540953362936));
#7594=CARTESIAN_POINT('',(-0.00544036911848704,-0.00712238098618054,0.0642892726828073));
#7595=CARTESIAN_POINT('',(-0.00346775083685212,-0.00826423365355393,0.064406877221703));
#7596=CARTESIAN_POINT('',(0.000751488176862547,-0.00893074013052962,0.0646419753838512));
#7597=CARTESIAN_POINT('',(0.00297933739365735,-0.00845292473879602,0.0647595366167844));
#7598=CARTESIAN_POINT('',(0.00655537102210631,-0.00611191448790811,0.0649947773492212));
#7599=CARTESIAN_POINT('',(0.00788447436073342,-0.00426121083901719,0.0651123385821546));
#7600=CARTESIAN_POINT('',(0.00896139292951533,-0.000127634283871174,0.0653474367443024));
#7601=CARTESIAN_POINT('',(0.00870396223425078,0.00213704667288313,0.0654650412831834));
#7602=CARTESIAN_POINT('',(0.0067252370937826,0.00592428165247294,0.065700218629727));
#7603=CARTESIAN_POINT('',(0.0050145694280943,0.00742844977032231,0.0658177450266519));
#7604=CARTESIAN_POINT('',(0.00100428997828432,0.00890613126867656,0.0660529699093981));
#7605=CARTESIAN_POINT('',(-0.0012751372320847,0.00887088487693373,0.0661706005654565));
#7606=CARTESIAN_POINT('',(-0.00523490526018211,0.00727422438321853,0.0664055884005492));
#7607=CARTESIAN_POINT('',(-0.00690122902562203,0.00571846224707892,0.0665232190565926));
#7608=CARTESIAN_POINT('',(-0.00876482881714512,0.00187231096389557,0.0667584439393687));
#7609=CARTESIAN_POINT('',(-0.00895364217951303,-0.000397767251420739,0.0668759703363085));
#7610=CARTESIAN_POINT('',(-0.00775186288032107,-0.00449828288815414,0.0671111476827923));
#7611=CARTESIAN_POINT('',(-0.00636636932247996,-0.00630810553154166,0.067228752221718));
#7612=CARTESIAN_POINT('',(-0.00272336174112987,-0.00853851009171135,0.0674638503838362));
#7613=CARTESIAN_POINT('',(-0.00048224541399573,-0.00894962721598449,0.0675814116167696));
#7614=CARTESIAN_POINT('',(0.00371744470066185,-0.00815530458302976,0.0678166523492361));
#7615=CARTESIAN_POINT('',(0.00565360969662387,-0.00695410318858061,0.0679342135821694));
#7616=CARTESIAN_POINT('',(0.00823040398449272,-0.00354729530761701,0.0681693117442876));
#7617=CARTESIAN_POINT('',(0.0088592249158747,-0.0013564884618183,0.0682869162831834));
#7618=CARTESIAN_POINT('',(0.00848043333930143,0.00289968574897122,0.0685220936297269));
#7619=CARTESIAN_POINT('',(0.00747560271422856,0.0049440000605132,0.068639620026637));
#7620=CARTESIAN_POINT('',(0.00433607183863755,0.00784386725700888,0.068874844909413));
#7621=CARTESIAN_POINT('',(0.00221666748281766,0.00868360286577594,0.0689924755654565));
#7622=CARTESIAN_POINT('',(-0.00205269666961742,0.00872381853562044,0.0692274634005492));
#7623=CARTESIAN_POINT('',(-0.00418754348538132,0.00792415623858357,0.0693450940565926));
#7624=CARTESIAN_POINT('',(-0.00738114356400859,0.00508394455387081,0.0695803189393687));
#7625=CARTESIAN_POINT('',(-0.00842430568814229,0.00305892149913419,0.0696978453362936));
#7626=CARTESIAN_POINT('',(-0.00888320578934625,-0.00118936199754666,0.0699330226828073));
#7627=CARTESIAN_POINT('',(-0.00829576578998049,-0.0033916255254776,0.070050627221718));
#7628=CARTESIAN_POINT('',(-0.00578360452143238,-0.00684636929321029,0.0702857253838362));
#7629=CARTESIAN_POINT('',(-0.00387041072903952,-0.00808383007818644,0.0704032866167845));
#7630=CARTESIAN_POINT('',(0.00031357112236805,-0.0089571234833308,0.0706385273492211));
#7631=CARTESIAN_POINT('',(0.00256203420628244,-0.00858829636686388,0.0707560885821694));
#7632=CARTESIAN_POINT('',(0.00624641064164929,-0.00642691277701151,0.0709911867442876));
#7633=CARTESIAN_POINT('',(0.00766575091316259,-0.00464351052485858,0.0711087912831834));
#7634=CARTESIAN_POINT('',(0.00894456048419916,-0.000566361024042461,0.0713439686297269));
#7635=CARTESIAN_POINT('',(0.00879854325363343,0.00170687115896824,0.071461495026637));
#7636=CARTESIAN_POINT('',(0.00700772606814261,0.00558744556029035,0.071696719909413));
#7637=CARTESIAN_POINT('',(0.00537100466785538,0.00717432103535647,0.0718143505654565));
#7638=CARTESIAN_POINT('',(0.00144201638090154,0.00884529039758937,0.0720493384005492));
#7639=CARTESIAN_POINT('',(-0.000836342409673599,0.00892346927540873,0.0721669690565926));
#7640=CARTESIAN_POINT('',(-0.00487374611347853,0.00752159367160186,0.0724021939393687));
#7641=CARTESIAN_POINT('',(-0.00661244502220303,0.00604991718075424,0.0725197203362787));
#7642=CARTESIAN_POINT('',(-0.00866216114347448,0.00230062847547809,0.0727548976828222));
#7643=CARTESIAN_POINT('',(-0.00896220711725897,4.11987216730167E-05,0.0728725022217031));
#7644=CARTESIAN_POINT('',(-0.00796334594185389,-0.00411193083230487,0.0731076003838511));
#7645=CARTESIAN_POINT('',(-0.00666934109594377,-0.005987343091082,0.0732251616167696));
#7646=CARTESIAN_POINT('',(-0.0031380408167811,-0.00839530152982591,0.073460402349236));
#7647=CARTESIAN_POINT('',(-0.000919587766921915,-0.0089149992763669,0.0735779635821694));
#7648=CARTESIAN_POINT('',(0.0033114579023225,-0.00832809103624101,0.0738130617442876));
#7649=CARTESIAN_POINT('',(0.00530523582411571,-0.00722360020402326,0.0739306662831834));
#7650=CARTESIAN_POINT('',(0.00804695937803117,-0.00394618446521454,0.074165843629727));
#7651=CARTESIAN_POINT('',(0.00878198534166531,-0.0017901134037117,0.074283370026637));
#7652=CARTESIAN_POINT('',(0.00861251752896858,0.00248038592734521,0.074518594909413));
#7653=CARTESIAN_POINT('',(0.00770765508025319,0.00457281386278712,0.0746362255654565));
#7654=CARTESIAN_POINT('',(0.00471719550957673,0.00762014697918138,0.0748712134005492));
#7655=CARTESIAN_POINT('',(0.00264218421645256,0.00856426500651065,0.0749888440565926));
#7656=CARTESIAN_POINT('',(-0.00162436499779835,0.00881414833624053,0.0752240689393687));
#7657=CARTESIAN_POINT('',(-0.00379389954371435,0.00811986781402352,0.0753415953362787));
#7658=CARTESIAN_POINT('',(-0.00712238098607754,0.0054403691185769,0.0755767726828222));
#7659=CARTESIAN_POINT('',(-0.00826423365354457,0.00346775083691955,0.075694377221718));
#7660=CARTESIAN_POINT('',(-0.00893074013053897,-0.000751488176929935,0.0759294753838362));
#7661=CARTESIAN_POINT('',(-0.00845292473872488,-0.00297933739376218,0.0760470366167696));
#7662=CARTESIAN_POINT('',(-0.00611191448797941,-0.00655537102200125,0.076282277349236));
#7663=CARTESIAN_POINT('',(-0.00426121083895347,-0.00788447436074653,0.0763998385821545));
#7664=CARTESIAN_POINT('',(-0.000127634283934815,-0.00896139292950225,0.0766349367443026));
#7665=CARTESIAN_POINT('',(0.00213704667294298,-0.00870396223422458,0.0767525412831984));
#7666=CARTESIAN_POINT('',(0.00592428165241294,-0.00672523709380888,0.076987718629712));
#7667=CARTESIAN_POINT('',(0.00742844977032415,-0.00501456942809438,0.077105245026637));
#7668=CARTESIAN_POINT('',(0.00890613126867467,-0.0010042899782844,0.077340469909413));
#7669=CARTESIAN_POINT('',(0.00887088487687759,0.00127513723220826,0.0774581005654565));
#7670=CARTESIAN_POINT('',(0.00727422438327464,0.00523490526005862,0.0776930884005492));
#7671=CARTESIAN_POINT('',(0.00571846224707887,0.00690122902562203,0.0778107190566225));
#7672=CARTESIAN_POINT('',(0.00187231096389556,0.00876482881714514,0.0780459439393388));
#7673=CARTESIAN_POINT('',(-0.000397767251420655,0.00895364217951492,0.0781634703362787));
#7674=CARTESIAN_POINT('',(-0.00449828288815406,0.00775186288031923,0.0783986476828222));
#7675=CARTESIAN_POINT('',(-0.00630810553154168,0.00636636932247991,0.078516252221718));
#7676=CARTESIAN_POINT('',(-0.00853851009171137,0.00272336174112986,0.0787513503838362));
#7677=CARTESIAN_POINT('',(-0.00894962721600884,0.000482245414123127,0.0788689116167696));
#7678=CARTESIAN_POINT('',(-0.0081553045830054,-0.00371744470078932,0.079104152349236));
#7679=CARTESIAN_POINT('',(-0.00695410318858817,-0.0056536096966238,0.0792217135821545));
#7680=CARTESIAN_POINT('',(-0.00354729530760959,-0.00823040398449267,0.0794568117443026));
#7681=CARTESIAN_POINT('',(-0.00135648846195315,-0.00885922491588781,0.0795744162831984));
#7682=CARTESIAN_POINT('',(0.00289968574910614,-0.00848043333928831,0.079809593629712));
#7683=CARTESIAN_POINT('',(0.00494400006051322,-0.00747560271422105,0.079927120026637));
#7684=CARTESIAN_POINT('',(0.00711890045788498,-0.00512095455753902,0.080103538688719));
#7685=CARTESIAN_POINT('',(0.00769718699829465,-0.00420183583854854,0.0801623125797059));
#7686=CARTESIAN_POINT('',(0.00828785330461382,-0.0027125618519774,0.0802504907198205));
#7687=CARTESIAN_POINT('',(0.00843893692524414,-0.00219796869901751,0.0802798839499325));
#7688=CARTESIAN_POINT('',(0.00859303094344165,-0.00141155095165507,0.0803239899155663));
#7689=CARTESIAN_POINT('',(0.00863227549237676,-0.00114736948265857,0.0803386739353822));
#7690=CARTESIAN_POINT('',(0.00867285616866144,-0.00074879989327612,0.0803607238307569));
#7691=CARTESIAN_POINT('',(0.00868332805367169,-0.000615590993997896,0.0803680760593122));
#7692=CARTESIAN_POINT('',(0.00869442722757346,-0.000415567023101624,0.0803791019209936));
#7693=CARTESIAN_POINT('',(0.00869735914880985,-0.000348857290709525,0.0803827767946441));
#7694=CARTESIAN_POINT('',(0.0087016867009173,-0.00021542082552951,0.0803901247366504));
#7695=CARTESIAN_POINT('',(0.00870339461265798,-0.000148871530762183,0.0803937978015271));
#7696=CARTESIAN_POINT('',(0.00870406722888542,-6.54190490153965E-06,0.0804016109175846));
#7697=CARTESIAN_POINT('',(0.00870371070069818,6.93016659609265E-05,0.080405752344389));
#7698=CARTESIAN_POINT('',(0.00870371070069818,0.000220588738521432,0.0804140352057742));
#7699=CARTESIAN_POINT('',(0.00870371070069819,0.000296232274800849,0.0804181766364677));
#7700=CARTESIAN_POINT('',(0.00870371070069819,0.000523162883641609,0.0804306009285455));
#7701=CARTESIAN_POINT('',(0.00870371070069819,0.000674449956201903,0.0804388837899315));
#7702=CARTESIAN_POINT('',(0.00870371070069819,0.00112831117388342,0.0804637323740902));
#7703=CARTESIAN_POINT('',(0.00870371070069821,0.00143088531900548,0.0804802980968602));
#7704=CARTESIAN_POINT('',(0.00870371070069821,0.00233860775436857,0.0805299952651778));
#7705=CARTESIAN_POINT('',(0.00870371070069823,0.00294373600258842,0.0805631256134343));
#7706=CARTESIAN_POINT('',(0.00870371070069823,0.00354890435692409,0.080596258157471));
#7707=CARTESIAN_POINT('',(0.00873989778446788,-0.00356207839451712,0.0350576383828267));
#7708=CARTESIAN_POINT('',(0.00873989778446788,-0.00298205085093067,0.0350893944850678));
#7709=CARTESIAN_POINT('',(0.00873989778446788,-0.00240206014941881,0.0351211485702246));
#7710=CARTESIAN_POINT('',(0.00873989778446788,-0.00153204648146018,0.0351687812099041));
#7711=CARTESIAN_POINT('',(0.00873989778446788,-0.00124204192547406,0.0351846587564641));
#7712=CARTESIAN_POINT('',(0.00873989778446788,-0.000807035091494824,0.0352084750763039));
#7713=CARTESIAN_POINT('',(0.00873989778446788,-0.000662032813501737,0.0352164138495839));
#7714=CARTESIAN_POINT('',(0.00873989778446788,-0.000444529396512119,0.0352283220095038));
#7715=CARTESIAN_POINT('',(0.00873989778446788,-0.000372028257515577,0.0352322913961438));
#7716=CARTESIAN_POINT('',(0.00873989778446788,-0.000227025979522491,0.0352402301694237));
#7717=CARTESIAN_POINT('',(0.00873956003199743,-0.000154483075141317,0.0352441995523364));
#7718=CARTESIAN_POINT('',(0.00874021020511045,-1.49988651664213E-05,0.0352518406241794));
#7719=CARTESIAN_POINT('',(0.00874038513339787,5.19809802461395E-05,0.0352555136890559));
#7720=CARTESIAN_POINT('',(0.00873855978205595,0.000186030205978603,0.0352628616310625));
#7721=CARTESIAN_POINT('',(0.00873687574363789,0.000253060788222769,0.035266536504713));
#7722=CARTESIAN_POINT('',(0.00872950906427222,0.00045409038074017,0.0352775623663941));
#7723=CARTESIAN_POINT('',(0.00872151063006431,0.00058802714649824,0.0352849145949493));
#7724=CARTESIAN_POINT('',(0.00868829387180448,0.000988949173660761,0.0353069644903249));
#7725=CARTESIAN_POINT('',(0.00865388116655847,0.00125492301377398,0.0353216485101388));
#7726=CARTESIAN_POINT('',(0.00851402229416148,0.00204738001440795,0.0353657544757767));
#7727=CARTESIAN_POINT('',(0.00837205346022082,0.00256687377093862,0.0353951477058878));
#7728=CARTESIAN_POINT('',(0.00780715550486119,0.00407322719790274,0.035483325845997));
#7729=CARTESIAN_POINT('',(0.00724392144147937,0.00500692250457891,0.0355420997369899));
#7730=CARTESIAN_POINT('',(0.0051048236376608,0.0074120061650841,0.0357185183990647));
#7731=CARTESIAN_POINT('',(0.00307134562454965,0.00845943467184146,0.0358360447959897));
#7732=CARTESIAN_POINT('',(-0.00119461535804317,0.00892009490145296,0.0360712221425128));
#7733=CARTESIAN_POINT('',(-0.00340601401158696,0.00833013616579156,0.0361888266814111));
#7734=CARTESIAN_POINT('',(-0.00687503297951224,0.0058074109145561,0.0364239248435449));
#7735=CARTESIAN_POINT('',(-0.0081175717988108,0.00388622032146282,0.0365414860764705));
#7736=CARTESIAN_POINT('',(-0.00899435033897037,-0.000315186096934571,0.0367767268089369));
#7737=CARTESIAN_POINT('',(-0.00862391172708517,-0.00257298397258849,0.0368942880418696));
#7738=CARTESIAN_POINT('',(-0.0064534144724305,-0.00627260246108764,0.0371293862039892));
#7739=CARTESIAN_POINT('',(-0.00466254868416205,-0.00769778141235426,0.0372469907428945));
#7740=CARTESIAN_POINT('',(-0.000568404658134972,-0.00898176569819249,0.0374821680894176));
#7741=CARTESIAN_POINT('',(0.00171427303500262,-0.00883506240636743,0.0375996944863426));
#7742=CARTESIAN_POINT('',(0.00561091803108148,-0.00703666530448997,0.0378349193691091));
#7743=CARTESIAN_POINT('',(0.00720433378449008,-0.00539308434562132,0.0379525500251608));
#7744=CARTESIAN_POINT('',(0.00888211335085803,-0.0014477038577868,0.0381875378602466));
#7745=CARTESIAN_POINT('',(0.00896053804742444,0.00084012954928361,0.0383051685162983));
#7746=CARTESIAN_POINT('',(0.00755269403588332,0.00489426935949944,0.0385403933990648));
#7747=CARTESIAN_POINT('',(0.00607483885587157,0.00664014546435136,0.0386579197959891));
#7748=CARTESIAN_POINT('',(0.00230989185539713,0.00869825261307982,0.0388930971425135));
#7749=CARTESIAN_POINT('',(4.10584672447627E-05,0.00899946743924845,0.0390107016814114));
#7750=CARTESIAN_POINT('',(-0.00412930231317755,0.00799630929906009,0.0392457998435445));
#7751=CARTESIAN_POINT('',(-0.00601246630707078,0.00669685965226866,0.0393633610764779));
#7752=CARTESIAN_POINT('',(-0.00843031268381633,0.00315079487572056,0.0395986018089295));
#7753=CARTESIAN_POINT('',(-0.00895209387289278,0.000923100910392944,0.0397161630418554));
#7754=CARTESIAN_POINT('',(-0.00836259858555719,-0.00332551422860708,0.0399512612040034));
#7755=CARTESIAN_POINT('',(-0.00725344671110068,-0.00532754255860284,0.0400688657429013));
#7756=CARTESIAN_POINT('',(-0.00396231035592831,-0.00808055044881719,0.0403040430894108));
#7757=CARTESIAN_POINT('',(-0.00179725023665848,-0.00881855721474966,0.0404215694863426));
#7758=CARTESIAN_POINT('',(0.00249099709639309,-0.00864823642280287,0.0406567943691091));
#7759=CARTESIAN_POINT('',(0.00459209250046097,-0.00773953942458202,0.0407744250251601));
#7760=CARTESIAN_POINT('',(0.00765199044894912,-0.00473654158710598,0.0410094128602473));
#7761=CARTESIAN_POINT('',(0.00859996136185807,-0.00265287096058857,0.0411270435162982));
#7762=CARTESIAN_POINT('',(0.00885073523248241,0.00163142441058674,0.0413622683990648));
#7763=CARTESIAN_POINT('',(0.00815349293994956,0.0038099543029801,0.0414797947959891));
#7764=CARTESIAN_POINT('',(0.00546273897306385,0.00715218021422375,0.0417149721425135));
#7765=CARTESIAN_POINT('',(0.00348188016661804,0.00829871137545162,0.0418325766814114));
#7766=CARTESIAN_POINT('',(-0.000754922801863898,0.00896784207951009,0.0420676748435445));
#7767=CARTESIAN_POINT('',(-0.00299201732322322,0.00848796280819592,0.0421852360764779));
#7768=CARTESIAN_POINT('',(-0.00658283634352487,0.00613709589057852,0.0424204768089295));
#7769=CARTESIAN_POINT('',(-0.00791740087748348,0.00427865204767523,0.0425380380418629));
#7770=CARTESIAN_POINT('',(-0.00899865287117977,0.00012785339933979,0.042773136203996));
#7771=CARTESIAN_POINT('',(-0.00874007322894802,-0.00214623364459502,0.0428907407428938));
#7772=CARTESIAN_POINT('',(-0.00675299022044875,-0.00594914464398438,0.0431259180894183));
#7773=CARTESIAN_POINT('',(-0.00503515845188623,-0.00745950662760827,0.0432434444863426));
#7774=CARTESIAN_POINT('',(-0.00100815556529232,-0.00894319194220062,0.0434786693691091));
#7775=CARTESIAN_POINT('',(0.00128074676066959,-0.00890771978523469,0.0435963000251594));
#7776=CARTESIAN_POINT('',(0.00525692136664316,-0.00730428379665968,0.043831287860248));
#7777=CARTESIAN_POINT('',(0.00693011851779375,-0.00574199591502695,0.0439489185163057));
#7778=CARTESIAN_POINT('',(0.00880133222204964,-0.00187979011595802,0.0441841433990573));
#7779=CARTESIAN_POINT('',(0.00899085163551218,0.000399732136306288,0.0443016697959891));
#7780=CARTESIAN_POINT('',(0.00778393360193931,0.0045172532124228,0.0445368471425135));
#7781=CARTESIAN_POINT('',(0.00639261717396926,0.00633455173274565,0.0446544516814189));
#7782=CARTESIAN_POINT('',(0.00273438686261804,0.00857410219704815,0.0448895498435371));
#7783=CARTESIAN_POINT('',(0.000483939175400826,0.00898685057016093,0.0450071110764854));
#7784=CARTESIAN_POINT('',(-0.00373318284351207,0.00818907968899755,0.045242351808922));
#7785=CARTESIAN_POINT('',(-0.0056773553698849,0.00698281719680387,0.0453599130418629));
#7786=CARTESIAN_POINT('',(-0.00826474383016673,0.00356175650620361,0.045595011203996));
#7787=CARTESIAN_POINT('',(-0.00889610282664397,0.00136181988615404,0.0457126157428939));
#7788=CARTESIAN_POINT('',(-0.00851558853991982,-0.00291203549624355,0.0459477930894183));
#7789=CARTESIAN_POINT('',(-0.00750650943667228,-0.0049648137769912,0.0460653194863426));
#7790=CARTESIAN_POINT('',(-0.00435382568108194,-0.00787662755865345,0.0463005443691092));
#7791=CARTESIAN_POINT('',(-0.00222558106344682,-0.00871978055728641,0.0464181750251669));
#7792=CARTESIAN_POINT('',(0.00206153366038795,-0.00876001501164936,0.0466531628602405));
#7793=CARTESIAN_POINT('',(0.0042052279510908,-0.00795695404273884,0.0467707935162935));
#7794=CARTESIAN_POINT('',(0.0074120061650704,-0.00510482363767424,0.0470060183990696));
#7795=CARTESIAN_POINT('',(0.00845943467184392,-0.00307134562454309,0.0471235447959816));
#7796=CARTESIAN_POINT('',(0.00892009490145051,0.0011946153580366,0.047358722142521));
#7797=CARTESIAN_POINT('',(0.00833013616581614,0.00340601401155622,0.0474763266813965));
#7798=CARTESIAN_POINT('',(0.00580741091453159,0.0068750329795429,0.0477114248435595));
#7799=CARTESIAN_POINT('',(0.00388622032151179,0.00811757179880326,0.0478289860764779));
#7800=CARTESIAN_POINT('',(-0.000315186096983449,0.00899435033897788,0.0480642268089295));
#7801=CARTESIAN_POINT('',(-0.00257298397255024,0.00862391172711275,0.0481817880418629));
#7802=CARTESIAN_POINT('',(-0.0062726024611259,0.00645341447240293,0.048416886203996));
#7803=CARTESIAN_POINT('',(-0.00769778141234308,0.00466254868418887,0.0485344907428939));
#7804=CARTESIAN_POINT('',(-0.00898176569820366,0.00056840465810821,0.0487696680894183));
#7805=CARTESIAN_POINT('',(-0.00883506240635436,-0.00171427303502843,0.0488871944863453));
#7806=CARTESIAN_POINT('',(-0.00703666530450306,-0.00561091803105562,0.0491224193691065));
#7807=CARTESIAN_POINT('',(-0.00539308434562515,-0.00720433378448797,0.0492400500251669));
#7808=CARTESIAN_POINT('',(-0.00144770385778299,-0.00888211335086013,0.0494750378602405));
#7809=CARTESIAN_POINT('',(0.000840129549345101,-0.0089605380474083,0.049592668516301));
#7810=CARTESIAN_POINT('',(0.00489426935943785,-0.0075526940358995,0.0498278933990621));
#7811=CARTESIAN_POINT('',(0.00664014546433627,-0.00607483885590166,0.0499454197959891));
#7812=CARTESIAN_POINT('',(0.0086982526130949,-0.00230989185536707,0.0501805971425136));
#7813=CARTESIAN_POINT('',(0.00899946743925414,-4.10584672786133E-05,0.0502982016813965));
#7814=CARTESIAN_POINT('',(0.00799630929905441,0.00412930231321138,0.0505332998435595));
#7815=CARTESIAN_POINT('',(0.00669685965233646,0.00601246630702186,0.0506508610764779));
#7816=CARTESIAN_POINT('',(0.00315079487565283,0.00843031268386521,0.0508861018089295));
#7817=CARTESIAN_POINT('',(0.000923100910389297,0.00895209387289281,0.0510036630418778));
#7818=CARTESIAN_POINT('',(-0.00332551422860345,0.00836259858555716,0.0512387612039811));
#7819=CARTESIAN_POINT('',(-0.00532754255857284,0.0072534467111307,0.0513563657428939));
#7820=CARTESIAN_POINT('',(-0.00808055044884715,0.00396231035589836,0.0515915430894183));
#7821=CARTESIAN_POINT('',(-0.00881855721475145,0.00179725023666206,0.0517090694863453));
#7822=CARTESIAN_POINT('',(-0.00864823642280108,-0.00249099709639658,0.0519442943691065));
#7823=CARTESIAN_POINT('',(-0.00773953942458311,-0.00459209250045412,0.0520619250251669));
#7824=CARTESIAN_POINT('',(-0.00473654158710488,-0.00765199044895597,0.0522969128602405));
#7825=CARTESIAN_POINT('',(-0.00265287096058842,-0.00859996136185719,0.052414543516301));
#7826=CARTESIAN_POINT('',(0.00163142441058658,-0.00885073523248329,0.0526497683990621));
#7827=CARTESIAN_POINT('',(0.00380995430295371,-0.00815349293997219,0.0527672947959891));
#7828=CARTESIAN_POINT('',(0.00715218021425013,-0.00546273897304124,0.0530024721425136));
#7829=CARTESIAN_POINT('',(0.00829871137544973,-0.00348188016663316,0.053120076681404));
#7830=CARTESIAN_POINT('',(0.00896784207951197,0.0007549228018789,0.053355174843552));
#7831=CARTESIAN_POINT('',(0.00848796280820351,0.00299201732320067,0.0534727360764705));
#7832=CARTESIAN_POINT('',(0.00613709589057096,0.00658283634354738,0.0537079768089369));
#7833=CARTESIAN_POINT('',(0.00427865204769026,0.00791740087747784,0.0538255380418703));
#7834=CARTESIAN_POINT('',(0.000127853399324714,0.00899865287118543,0.0540606362039885));
#7835=CARTESIAN_POINT('',(-0.00214623364455742,0.00874007322896312,0.0541782407428864));
#7836=CARTESIAN_POINT('',(-0.00594914464402194,0.00675299022043368,0.0544134180894258));
#7837=CARTESIAN_POINT('',(-0.00745950662760078,0.00503515845190033,0.0545309444863603));
#7838=CARTESIAN_POINT('',(-0.00894319194220808,0.00100815556527826,0.0547661693690915));
#7839=CARTESIAN_POINT('',(-0.00890771978524415,-0.0012807467606394,0.054883800025152));
#7840=CARTESIAN_POINT('',(-0.00730428379665027,-0.00525692136667325,0.0551187878602554));
#7841=CARTESIAN_POINT('',(-0.00574199591504656,-0.00693011851778694,0.0552364185163084));
#7842=CARTESIAN_POINT('',(-0.0018797901159384,-0.00880133222205648,0.0554716433990546));
#7843=CARTESIAN_POINT('',(0.000399732136336368,-0.00899085163550274,0.0555891697959966));
#7844=CARTESIAN_POINT('',(0.00451725321239273,-0.00778393360194875,0.0558243471425061));
#7845=CARTESIAN_POINT('',(0.00633455173274564,-0.00639261717397304,0.0559419516814114));
#7846=CARTESIAN_POINT('',(0.0085741021970481,-0.00273438686261436,0.0561770498435445));
#7847=CARTESIAN_POINT('',(0.00898685057014406,-0.000483939175336786,0.0562946110764779));
#7848=CARTESIAN_POINT('',(0.0081890796890144,0.00373318284344805,0.0565298518089295));
#7849=CARTESIAN_POINT('',(0.00698281719679266,0.00567735536988488,0.056647413041848));
#7850=CARTESIAN_POINT('',(0.00356175650621486,0.00826474383016671,0.0568825112040109));
#7851=CARTESIAN_POINT('',(0.00136181988618418,0.0088961028266477,0.0570001157428939));
#7852=CARTESIAN_POINT('',(-0.00291203549627364,0.00851558853991609,0.0572352930894183));
#7853=CARTESIAN_POINT('',(-0.00496481377699822,0.00750650943666992,0.0573528194863453));
#7854=CARTESIAN_POINT('',(-0.00787662755864638,0.00435382568108434,0.0575880443691065));
#7855=CARTESIAN_POINT('',(-0.00871978055728685,0.00222558106356322,0.0577056750251547));
#7856=CARTESIAN_POINT('',(-0.00876001501164891,-0.00206153366050431,0.0579406628602527));
#7857=CARTESIAN_POINT('',(-0.00795695404276144,-0.0042052279510664,0.0580582935163084));
#7858=CARTESIAN_POINT('',(-0.0051048236376516,-0.00741200616509487,0.0582935183990546));
#7859=CARTESIAN_POINT('',(-0.00307134562454321,-0.00845943467184134,0.0584110447959796));
#7860=CARTESIAN_POINT('',(0.00119461535803662,-0.00892009490145307,0.0586462221425231));
#7861=CARTESIAN_POINT('',(0.00340601401158438,-0.00833013616579735,0.0587638266814114));
#7862=CARTESIAN_POINT('',(0.00687503297951475,-0.00580741091455038,0.0589989248435445));
#7863=CARTESIAN_POINT('',(0.00811757179882207,-0.00388622032141019,0.0591164860764854));
#7864=CARTESIAN_POINT('',(0.00899435033895906,0.0003151860968818,0.059351726808922));
#7865=CARTESIAN_POINT('',(0.00862391172709585,0.00257298397257282,0.0594692880418629));
#7866=CARTESIAN_POINT('',(0.00645341447241985,0.00627260246110326,0.059704386203996));
#7867=CARTESIAN_POINT('',(0.00466254868421923,0.00769778141233488,0.0598219907428993));
#7868=CARTESIAN_POINT('',(0.000568404658077957,0.00898176569821183,0.0600571680894129));
#7869=CARTESIAN_POINT('',(-0.00171427303499453,0.00883506240637129,0.0601746944863453));
#7870=CARTESIAN_POINT('',(-0.00561091803108943,0.00703666530448618,0.0604099193691065));
#7871=CARTESIAN_POINT('',(-0.0072043337844738,0.00539308434565513,0.0605275500251574));
#7872=CARTESIAN_POINT('',(-0.00888211335087429,0.00144770385775305,0.0607625378602501));
#7873=CARTESIAN_POINT('',(-0.00896053804742897,-0.000840129549281215,0.060880168516301));
#7874=CARTESIAN_POINT('',(-0.00755269403587882,-0.00489426935950175,0.0611153933990621));
#7875=CARTESIAN_POINT('',(-0.00607483885593203,-0.00664014546431952,0.061232919795987));
#7876=CARTESIAN_POINT('',(-0.00230989185533674,-0.00869825261311163,0.0614680971425156));
#7877=CARTESIAN_POINT('',(-4.10584671808643E-05,-0.00899946743923153,0.0615857016814114));
#7878=CARTESIAN_POINT('',(0.00412930231311346,-0.00799630929907705,0.0618207998435445));
#7879=CARTESIAN_POINT('',(0.00601246630702375,-0.00669685965232896,0.0619383610764779));
#7880=CARTESIAN_POINT('',(0.00843031268386337,-0.00315079487566026,0.0621736018089295));
#7881=CARTESIAN_POINT('',(0.00895209387289472,-0.000923100910385505,0.0622911630418554));
#7882=CARTESIAN_POINT('',(0.00836259858555526,0.0033255142285996,0.0625262612040034));
#7883=CARTESIAN_POINT('',(0.00725344671115687,0.0053275425585606,0.0626438657428993));
#7884=CARTESIAN_POINT('',(0.00396231035587223,0.00808055044885936,0.0628790430894129));
#7885=CARTESIAN_POINT('',(0.00179725023659437,0.00881855721474583,0.0629965694863379));
#7886=CARTESIAN_POINT('',(-0.00249099709632885,0.0086482364228067,0.0632317943691139));
#7887=CARTESIAN_POINT('',(-0.00459209250047158,0.00773953942455949,0.0633494250251574));
#7888=CARTESIAN_POINT('',(-0.00765199044893849,0.00473654158712854,0.0635844128602501));
#7889=CARTESIAN_POINT('',(-0.00859996136185721,0.00265287096058844,0.0637020435162935));
#7890=CARTESIAN_POINT('',(-0.00885073523248327,-0.00163142441058655,0.0639372683990696));
#7891=CARTESIAN_POINT('',(-0.00815349293999325,-0.00380995430292685,0.0640547947959945));
#7892=CARTESIAN_POINT('',(-0.00546273897302021,-0.00715218021427695,0.0642899721425082));
#7893=CARTESIAN_POINT('',(-0.0034818801665655,-0.00829871137545913,0.0644075766814038));
#7894=CARTESIAN_POINT('',(0.000754922801811198,-0.00896784207950256,0.0646426748435522));
#7895=CARTESIAN_POINT('',(0.00299201732315551,-0.00848796280824113,0.0647602360764852));
#7896=CARTESIAN_POINT('',(0.00658283634359259,-0.00613709589053329,0.0649954768089221));
#7897=CARTESIAN_POINT('',(0.00791740087746276,-0.00427865204775425,0.0651130380418555));
#7898=CARTESIAN_POINT('',(0.00899865287120045,-0.000127853399260894,0.0653481362040032));
#7899=CARTESIAN_POINT('',(0.00874007322894578,0.00214623364458816,0.0654657407428843));
#7900=CARTESIAN_POINT('',(0.00675299022045103,0.00594914464399115,0.0657009180894279));
#7901=CARTESIAN_POINT('',(0.0050351584519041,0.00745950662760076,0.0658184444863528));
#7902=CARTESIAN_POINT('',(0.00100815556527466,0.00894319194220804,0.066053669369099));
#7903=CARTESIAN_POINT('',(-0.00128074676054256,0.00890771978528448,0.0661713000251574));
#7904=CARTESIAN_POINT('',(-0.00525692136677004,0.00730428379660995,0.0664062878602501));
#7905=CARTESIAN_POINT('',(-0.00693011851778695,0.00574199591504294,0.0665239185162935));
#7906=CARTESIAN_POINT('',(-0.00880133222205644,0.00187979011594206,0.0667591433990696));
#7907=CARTESIAN_POINT('',(-0.00899085163549203,-0.000399732136366922,0.0668766697960094));
#7908=CARTESIAN_POINT('',(-0.00778393360195943,-0.00451725321236226,0.0671118471424932));
#7909=CARTESIAN_POINT('',(-0.00639261717396932,-0.00633455173274561,0.0672294516814189));
#7910=CARTESIAN_POINT('',(-0.00273438686261811,-0.00857410219704811,0.0674645498435371));
#7911=CARTESIAN_POINT('',(-0.000483939175336871,-0.00898685057014591,0.0675821110764705));
#7912=CARTESIAN_POINT('',(0.00373318284344796,-0.0081890796890126,0.067817351808937));
#7913=CARTESIAN_POINT('',(0.00567735536988309,-0.00698281719679263,0.0679349130418703));
#7914=CARTESIAN_POINT('',(0.00826474383016856,-0.00356175650621483,0.0681700112039885));
#7915=CARTESIAN_POINT('',(0.00889610282663712,-0.00136181988609002,0.0682876157428843));
#7916=CARTESIAN_POINT('',(0.00851558853992668,0.00291203549617931,0.0685227930894278));
#7917=CARTESIAN_POINT('',(0.00750650943666265,0.00496481377699631,0.0686403194863379));
#7918=CARTESIAN_POINT('',(0.00435382568109182,0.00787662755864811,0.0688755443691139));
#7919=CARTESIAN_POINT('',(0.00222558106344639,0.00871978055728732,0.0689931750251574));
#7920=CARTESIAN_POINT('',(-0.00206153366038755,0.00876001501164845,0.0692281628602501));
#7921=CARTESIAN_POINT('',(-0.00420522795106451,0.00795695404276136,0.0693457935162935));
#7922=CARTESIAN_POINT('',(-0.00741200616509681,0.00510482363765162,0.0695810183990696));
#7923=CARTESIAN_POINT('',(-0.00845943467185256,0.00307134562447916,0.0696985447959945));
#7924=CARTESIAN_POINT('',(-0.00892009490144186,-0.00119461535797265,0.0699337221425082));
#7925=CARTESIAN_POINT('',(-0.00833013616579363,-0.00340601401158245,0.0700513266814189));
#7926=CARTESIAN_POINT('',(-0.0058074109145542,-0.00687503297951654,0.0702864248435371));
#7927=CARTESIAN_POINT('',(-0.0038862203214102,-0.00811757179882396,0.0704039860764854));
#7928=CARTESIAN_POINT('',(0.000315186096881883,-0.00899435033895718,0.070639226808922));
#7929=CARTESIAN_POINT('',(0.00257298397257276,-0.00862391172709399,0.0707567880418703));
#7930=CARTESIAN_POINT('',(0.0062726024611033,-0.00645341447242173,0.0709918862039885));
#7931=CARTESIAN_POINT('',(0.00769778141237808,-0.00466254868409137,0.0711094907428843));
#7932=CARTESIAN_POINT('',(0.00898176569816858,-0.00056840465820598,0.0713446680894278));
#7933=CARTESIAN_POINT('',(0.0088350624063713,0.00171427303499824,0.0714621944863379));
#7934=CARTESIAN_POINT('',(0.00703666530448619,0.00561091803108568,0.0716974193691139));
#7935=CARTESIAN_POINT('',(0.00539308434572279,0.00720433378444747,0.0718150500251574));
#7936=CARTESIAN_POINT('',(0.00144770385768543,0.00888211335090059,0.07205003786025));
#7937=CARTESIAN_POINT('',(-0.000840129549284892,0.00896053804742711,0.0721676685162935));
#7938=CARTESIAN_POINT('',(-0.00489426935949814,0.00755269403588065,0.0724028933990696));
#7939=CARTESIAN_POINT('',(-0.00664014546431946,0.00607483885593205,0.0725204197959796));
#7940=CARTESIAN_POINT('',(-0.00869825261311166,0.00230989185533676,0.0727555971425231));
#7941=CARTESIAN_POINT('',(-0.0089994674392466,4.10584672447741E-05,0.072873201681404));
#7942=CARTESIAN_POINT('',(-0.00799630929906197,-0.00412930231317745,0.073108299843552));
#7943=CARTESIAN_POINT('',(-0.00669685965221986,-0.00601246630709801,0.0732258610764705));
#7944=CARTESIAN_POINT('',(-0.00315079487576951,-0.00843031268378902,0.0734611018089369));
#7945=CARTESIAN_POINT('',(-0.000923100910257734,-0.00895209387287403,0.0735786630418703));
#7946=CARTESIAN_POINT('',(0.00332551422847167,-0.00836259858557598,0.0738137612039885));
#7947=CARTESIAN_POINT('',(0.0053275425586359,-0.00725344671105527,0.0739313657428843));
#7948=CARTESIAN_POINT('',(0.00808055044878403,-0.00396231035597384,0.0741665430894279));
#7949=CARTESIAN_POINT('',(0.00881855721474958,-0.00179725023666221,0.0742840694863379));
#7950=CARTESIAN_POINT('',(0.00864823642280295,0.00249099709639652,0.0745192943691139));
#7951=CARTESIAN_POINT('',(0.00773953942455577,0.00459209250047527,0.0746369250251574));
#7952=CARTESIAN_POINT('',(0.00473654158713237,0.00765199044893468,0.0748719128602501));
#7953=CARTESIAN_POINT('',(0.00265287096058847,0.00859996136185904,0.0749895435162935));
#7954=CARTESIAN_POINT('',(-0.00163142441058653,0.00885073523248144,0.0752247683990696));
#7955=CARTESIAN_POINT('',(-0.00380995430303034,0.008153492939903,0.0753422947959796));
#7956=CARTESIAN_POINT('',(-0.00715218021417353,0.0054627389731104,0.0755774721425231));
#7957=CARTESIAN_POINT('',(-0.00829871137544974,0.0034818801666332,0.0756950766814189));
#7958=CARTESIAN_POINT('',(-0.00896784207951194,-0.000754922801878856,0.0759301748435371));
#7959=CARTESIAN_POINT('',(-0.00848796280816968,-0.00299201732326079,0.0760477360764705));
#7960=CARTESIAN_POINT('',(-0.0061370958906049,-0.00658283634348707,0.0762829768089369));
#7961=CARTESIAN_POINT('',(-0.00427865204769026,-0.00791740087747593,0.0764005380418554));
#7962=CARTESIAN_POINT('',(-0.000127853399324805,-0.00899865287118732,0.0766356362040035));
#7963=CARTESIAN_POINT('',(0.00214623364464823,-0.00874007322891946,0.0767532407428993));
#7964=CARTESIAN_POINT('',(0.00594914464393093,-0.00675299022047744,0.0769884180894129));
#7965=CARTESIAN_POINT('',(0.00745950662760259,-0.00503515845190418,0.0771059444863379));
#7966=CARTESIAN_POINT('',(0.00894319194220615,-0.00100815556527474,0.0773411693691139));
#7967=CARTESIAN_POINT('',(0.00890771978522814,0.00128074676066662,0.0774588000251574));
#7968=CARTESIAN_POINT('',(0.00730428379666626,0.00525692136664605,0.0776937878602501));
#7969=CARTESIAN_POINT('',(0.00574199591504286,0.00693011851778694,0.0778114185163234));
#7970=CARTESIAN_POINT('',(0.00187979011594207,0.00880133222205648,0.0780466433990397));
#7971=CARTESIAN_POINT('',(-0.000399732136366838,0.00899085163549392,0.0781641697959796));
#7972=CARTESIAN_POINT('',(-0.00451725321236218,0.0077839336019576,0.0783993471425231));
#7973=CARTESIAN_POINT('',(-0.00633455173274563,0.00639261717396925,0.0785169516814189));
#7974=CARTESIAN_POINT('',(-0.00857410219704813,0.00273438686261812,0.0787520498435371));
#7975=CARTESIAN_POINT('',(-0.00898685057017037,0.000483939175464811,0.0788696110764705));
#7976=CARTESIAN_POINT('',(-0.00818907968898814,-0.00373318284357598,0.0791048518089369));
#7977=CARTESIAN_POINT('',(-0.0069828171968002,-0.00567735536988301,0.0792224130418554));
#7978=CARTESIAN_POINT('',(-0.0035617565062074,-0.00826474383016852,0.0794575112040035));
#7979=CARTESIAN_POINT('',(-0.00136181988622543,-0.00889610282665029,0.0795751157428993));
#7980=CARTESIAN_POINT('',(0.00291203549631479,-0.00851558853991351,0.0798102930894129));
#7981=CARTESIAN_POINT('',(0.00496481377699633,-0.00750650943665512,0.0799278194863379));
#7982=CARTESIAN_POINT('',(0.00714867411323518,-0.00514199661998825,0.0801042381484199));
#7983=CARTESIAN_POINT('',(0.00772933283496443,-0.00421903671577968,0.0801630120394068));
#7984=CARTESIAN_POINT('',(0.00832240297051422,-0.00272355078768615,0.0802511901795214));
#7985=CARTESIAN_POINT('',(0.00847409680870036,-0.00220681304727693,0.0802805834096334));
#7986=CARTESIAN_POINT('',(0.00862880411090897,-0.00141712054214722,0.0803246893752672));
#7987=CARTESIAN_POINT('',(0.00866820262945426,-0.00115183941834003,0.0803393733950831));
#7988=CARTESIAN_POINT('',(0.00870893815867153,-0.00075161143137729,0.0803614232904578));
#7989=CARTESIAN_POINT('',(0.00871944894839208,-0.000617848374181676,0.0803687755190131));
#7990=CARTESIAN_POINT('',(0.0087305873123248,-0.000416992450982727,0.0803798013806945));
#7991=CARTESIAN_POINT('',(0.0087335291036703,-0.000350005282025401,0.080383476254345));
#7992=CARTESIAN_POINT('',(0.00873787000853259,-0.000216013926440913,0.0803908241963513));
#7993=CARTESIAN_POINT('',(0.00873958154176112,-0.000149048502022153,0.080394497261228));
#7994=CARTESIAN_POINT('',(0.00874025448710964,-6.42378131922678E-06,0.0804023103772855));
#7995=CARTESIAN_POINT('',(0.00873989778446788,6.92633710316298E-05,0.0804064518040899));
#7996=CARTESIAN_POINT('',(0.00873989778446788,0.000220550443592136,0.0804147346654751));
#7997=CARTESIAN_POINT('',(0.00873989778446789,0.000296193979871553,0.0804188760961686));
#7998=CARTESIAN_POINT('',(0.00873989778446789,0.000523124588712312,0.0804313003882464));
#7999=CARTESIAN_POINT('',(0.00873989778446789,0.000674411661272607,0.0804395832496324));
#8000=CARTESIAN_POINT('',(0.00873989778446789,0.00112827287895412,0.0804644318337911));
#8001=CARTESIAN_POINT('',(0.0087398977844679,0.00143084702407618,0.0804809975565611));
#8002=CARTESIAN_POINT('',(0.0087398977844679,0.00233856945943928,0.0805306947248787));
#8003=CARTESIAN_POINT('',(0.00873989778446793,0.00294369770765913,0.0805638250731352));
#8004=CARTESIAN_POINT('',(0.00873989778446793,0.0035488660619948,0.0805969576171719));
#8005=CARTESIAN_POINT('',(0.00877649976519501,-0.00356204303943989,0.0350569926197401));
#8006=CARTESIAN_POINT('',(0.00877649976519501,-0.00298201549585344,0.0350887487219812));
#8007=CARTESIAN_POINT('',(0.00877649976519501,-0.00240202479434158,0.035120502807138));
#8008=CARTESIAN_POINT('',(0.00877649976519501,-0.00153201112638295,0.0351681354468176));
#8009=CARTESIAN_POINT('',(0.00877649976519501,-0.00124200657039683,0.0351840129933776));
#8010=CARTESIAN_POINT('',(0.00877649976519501,-0.000806999736417597,0.0352078293132174));
#8011=CARTESIAN_POINT('',(0.00877649976519501,-0.00066199745842451,0.0352157680864974));
#8012=CARTESIAN_POINT('',(0.00877649976519501,-0.000444494041434892,0.0352276762464173));
#8013=CARTESIAN_POINT('',(0.00877649976519501,-0.00037199290243835,0.0352316456330572));
#8014=CARTESIAN_POINT('',(0.00877649976519501,-0.000226990624445264,0.0352395844063372));
#8015=CARTESIAN_POINT('',(0.00877616216785033,-0.000154599359499731,0.0352435537892498));
#8016=CARTESIAN_POINT('',(0.00877681204234641,-1.48232437874951E-05,0.0352511948610928));
#8017=CARTESIAN_POINT('',(0.00877698334648023,5.25775026384458E-05,0.0352548679259694));
#8018=CARTESIAN_POINT('',(0.00877514454110304,0.000187187981970495,0.035262215867976));
#8019=CARTESIAN_POINT('',(0.00877345054531797,0.000254499182576625,0.0352658907416264));
#8020=CARTESIAN_POINT('',(0.00876604430428072,0.000456370269583782,0.0352769166033076));
#8021=CARTESIAN_POINT('',(0.00875800657105454,0.000590867550442089,0.0352842688318627));
#8022=CARTESIAN_POINT('',(0.00872463333928729,0.000993467003560324,0.0353063187272383));
#8023=CARTESIAN_POINT('',(0.00869006500181205,0.00126055312066055,0.0353210027470522));
#8024=CARTESIAN_POINT('',(0.00854958611973467,0.00205632248219024,0.0353651087126902));
#8025=CARTESIAN_POINT('',(0.00840700027219867,0.00257798547134514,0.0353945019428012));
#8026=CARTESIAN_POINT('',(0.00783967150717418,0.00409062228564844,0.0354826800829105));
#8027=CARTESIAN_POINT('',(0.00727403842352365,0.00502820303912857,0.0355414539739033));
#8028=CARTESIAN_POINT('',(0.00512587887413987,0.00744326529687348,0.0357178726359782));
#8029=CARTESIAN_POINT('',(0.00308384024706102,0.00849499178192835,0.0358353990329032));
#8030=CARTESIAN_POINT('',(-0.0012000044649245,0.00895739612390364,0.0360705763794263));
#8031=CARTESIAN_POINT('',(-0.0034206378047806,0.00836487107612401,0.0361881809183245));
#8032=CARTESIAN_POINT('',(-0.00690407398333118,0.00583143151864037,0.0364232790804583));
#8033=CARTESIAN_POINT('',(-0.00815173267476116,0.003902142059436,0.0365408403133839));
#8034=CARTESIAN_POINT('',(-0.00903200062574835,-0.000316895801973447,0.0367760810458504));
#8035=CARTESIAN_POINT('',(-0.00865991293369016,-0.00258413217631685,0.0368936422787831));
#8036=CARTESIAN_POINT('',(-0.0064801663363707,-0.00629914878096249,0.0371287404409026));
#8037=CARTESIAN_POINT('',(-0.00468173950212929,-0.00773021806099496,0.037246344979808));
#8038=CARTESIAN_POINT('',(-0.000570395545321271,-0.00901940158582179,0.0374815223263311));
#8039=CARTESIAN_POINT('',(0.00172183452882879,-0.00887198502971048,0.0375990487232561));
#8040=CARTESIAN_POINT('',(0.00563471882054337,-0.00706588821886096,0.0378342736060226));
#8041=CARTESIAN_POINT('',(0.00723473578036931,-0.00541535567877248,0.0379519042620742));
#8042=CARTESIAN_POINT('',(0.00891937005626974,-0.00145338114020324,0.0381868920971601));
#8043=CARTESIAN_POINT('',(0.00899802399119176,0.000844035995650692,0.0383045227532117));
#8044=CARTESIAN_POINT('',(0.00758410888976441,0.0049150915413987,0.0385397476359782));
#8045=CARTESIAN_POINT('',(0.0060999894988093,0.00666821446556715,0.0386572740329025));
#8046=CARTESIAN_POINT('',(0.00231918752968979,0.00873477677095835,0.038892451379427));
#8047=CARTESIAN_POINT('',(4.08403187344206E-05,0.00903715459534174,0.0390100559183249));
#8048=CARTESIAN_POINT('',(-0.00414694041499102,0.00802961495455286,0.039245154080458));
#8049=CARTESIAN_POINT('',(-0.0060379338558372,0.00672464222136538,0.0393627153133914));
#8050=CARTESIAN_POINT('',(-0.00846575128895628,0.00316362345520223,0.0395979560458429));
#8051=CARTESIAN_POINT('',(-0.00898962088368831,0.000926578378456957,0.0397155172787688));
#8052=CARTESIAN_POINT('',(-0.00839747292191444,-0.00333980233508817,0.0399506154409169));
#8053=CARTESIAN_POINT('',(-0.00728358968306902,-0.00535016610629567,0.0400682199798148));
#8054=CARTESIAN_POINT('',(-0.00397855232650934,-0.00811455959554387,0.0403033973263243));
#8055=CARTESIAN_POINT('',(-0.00180439400351013,-0.00885556292915413,0.0404209237232561));
#8056=CARTESIAN_POINT('',(0.00250180303345936,-0.00868434304307485,0.0406561486060226));
#8057=CARTESIAN_POINT('',(0.00461165741198765,-0.00777174979357593,0.0407737792620735));
#8058=CARTESIAN_POINT('',(0.00768423855460617,-0.00475604423603638,0.0410087670971607));
#8059=CARTESIAN_POINT('',(0.00863608879036566,-0.00266360712437147,0.0411263977532117));
#8060=CARTESIAN_POINT('',(0.00888772707703852,0.00163863965415521,0.0413616226359782));
#8061=CARTESIAN_POINT('',(0.00818747064591754,0.00382626194433583,0.0414791490329025));
#8062=CARTESIAN_POINT('',(0.00548530424638494,0.00718236683558545,0.041714326379427));
#8063=CARTESIAN_POINT('',(0.00349610087392405,0.0083336132494255,0.0418319309183249));
#8064=CARTESIAN_POINT('',(-0.000758472760560474,0.00900536230227909,0.042067029080458));
#8065=CARTESIAN_POINT('',(-0.0030049143413699,0.00852337656412078,0.0421845903133914));
#8066=CARTESIAN_POINT('',(-0.006610668060646,0.00616250971964604,0.0424198310458429));
#8067=CARTESIAN_POINT('',(-0.00795074054525915,0.00429622577454212,0.0425373922787763));
#8068=CARTESIAN_POINT('',(-0.0090363403783803,0.000127998740942259,0.0427724904409094));
#8069=CARTESIAN_POINT('',(-0.00877657936068195,-0.00215559986128672,0.0428900949798073));
#8070=CARTESIAN_POINT('',(-0.00678101058163743,-0.00597434946551297,0.0431252723263317));
#8071=CARTESIAN_POINT('',(-0.00505591990567087,-0.00749096164851374,0.0432427987232561));
#8072=CARTESIAN_POINT('',(-0.00101198958658403,-0.00898068536274447,0.0434780236060226));
#8073=CARTESIAN_POINT('',(0.00128649600742028,-0.0089449654533797,0.0435956542620729));
#8074=CARTESIAN_POINT('',(0.00527925139078895,-0.00733464271059638,0.0438306420971614));
#8075=CARTESIAN_POINT('',(0.00695938735754737,-0.00576574020534742,0.0439482727532192));
#8076=CARTESIAN_POINT('',(0.00883826938427895,-0.00188728026614733,0.0441834976359707));
#8077=CARTESIAN_POINT('',(0.00902848360678547,0.000401795727234622,0.0443010240329025));
#8078=CARTESIAN_POINT('',(0.00781633311598039,0.0045365066578078,0.044536201379427));
#8079=CARTESIAN_POINT('',(0.0064191117633155,0.00636135483067384,0.0446538059183323));
#8080=CARTESIAN_POINT('',(0.00274546549606928,0.0086101248732985,0.0448889040804505));
#8081=CARTESIAN_POINT('',(0.000485576141975052,0.00902450408960094,0.0450064653133988));
#8082=CARTESIAN_POINT('',(-0.00374917054597792,0.00822320974255228,0.0452417060458354));
#8083=CARTESIAN_POINT('',(-0.00570143203244664,0.00701181174186449,0.0453592672787763));
#8084=CARTESIAN_POINT('',(-0.00829950692687743,0.00357631316894809,0.0455943654409094));
#8085=CARTESIAN_POINT('',(-0.00893341439051597,0.00136713692204984,0.0457119699798073));
#8086=CARTESIAN_POINT('',(-0.00855112144573032,-0.00292459878697864,0.0459471473263317));
#8087=CARTESIAN_POINT('',(-0.00753772783425439,-0.00498592936260519,0.046064673723256));
#8088=CARTESIAN_POINT('',(-0.00437171596574531,-0.00790979974607017,0.0462998986060226));
#8089=CARTESIAN_POINT('',(-0.00223452275217299,-0.00875639120924036,0.0464175292620803));
#8090=CARTESIAN_POINT('',(0.00207054605926857,-0.00879660832114966,0.0466525170971539));
#8091=CARTESIAN_POINT('',(0.00422318228656064,-0.00799009160663811,0.0467701477532069));
#8092=CARTESIAN_POINT('',(0.0074432652968597,-0.00512587887415338,0.047005372635983));
#8093=CARTESIAN_POINT('',(0.00849499178193081,-0.00308384024705444,0.047122899032895));
#8094=CARTESIAN_POINT('',(0.00895739612390117,0.00120000446491791,0.0473580763794344));
#8095=CARTESIAN_POINT('',(0.00836487107614867,0.00342063780474977,0.0474756809183099));
#8096=CARTESIAN_POINT('',(0.00583143151861578,0.00690407398336192,0.0477107790804729));
#8097=CARTESIAN_POINT('',(0.00390214205948517,0.00815173267475359,0.0478283403133913));
#8098=CARTESIAN_POINT('',(-0.000316895802022529,0.00903200062575589,0.0480635810458429));
#8099=CARTESIAN_POINT('',(-0.00258413217627846,0.00865991293371783,0.0481811422787763));
#8100=CARTESIAN_POINT('',(-0.00629914878100087,0.00648016633634303,0.0484162404409094));
#8101=CARTESIAN_POINT('',(-0.00773021806098375,0.00468173950215623,0.0485338449798073));
#8102=CARTESIAN_POINT('',(-0.00901940158583299,0.000570395545294392,0.0487690223263317));
#8103=CARTESIAN_POINT('',(-0.00887198502969735,-0.0017218345288547,0.0488865487232587));
#8104=CARTESIAN_POINT('',(-0.00706588821887411,-0.00563471882051742,0.0491217736060199));
#8105=CARTESIAN_POINT('',(-0.00541535567877633,-0.00723473578036718,0.0492394042620803));
#8106=CARTESIAN_POINT('',(-0.0014533811401994,-0.00891937005627186,0.0494743920971539));
#8107=CARTESIAN_POINT('',(0.000844035995712445,-0.00899802399117553,0.0495920227532144));
#8108=CARTESIAN_POINT('',(0.00491509154133685,-0.00758410888978067,0.0498272476359755));
#8109=CARTESIAN_POINT('',(0.00666821446555198,-0.0060999894988395,0.0499447740329025));
#8110=CARTESIAN_POINT('',(0.0087347767709735,-0.00231918752965962,0.050179951379427));
#8111=CARTESIAN_POINT('',(0.00903715459534748,-4.08403187684073E-05,0.0502975559183099));
#8112=CARTESIAN_POINT('',(0.00802961495454714,0.00414694041502499,0.0505326540804729));
#8113=CARTESIAN_POINT('',(0.00672464222143347,0.00603793385578808,0.0506502153133913));
#8114=CARTESIAN_POINT('',(0.0031636234551342,0.00846575128900535,0.0508854560458429));
#8115=CARTESIAN_POINT('',(0.000926578378453354,0.00898962088368835,0.0510030172787912));
#8116=CARTESIAN_POINT('',(-0.00333980233508458,0.00839747292191439,0.0512381154408945));
#8117=CARTESIAN_POINT('',(-0.00535016610626559,0.00728358968309911,0.0513557199798073));
#8118=CARTESIAN_POINT('',(-0.0081145595955739,0.00397855232647932,0.0515908973263317));
#8119=CARTESIAN_POINT('',(-0.00885556292915592,0.00180439400351373,0.0517084237232587));
#8120=CARTESIAN_POINT('',(-0.00868434304307306,-0.00250180303346286,0.0519436486060199));
#8121=CARTESIAN_POINT('',(-0.00777174979357704,-0.00461165741198079,0.0520612792620803));
#8122=CARTESIAN_POINT('',(-0.00475604423603526,-0.00768423855461304,0.0522962670971539));
#8123=CARTESIAN_POINT('',(-0.00266360712437134,-0.00863608879036478,0.0524138977532144));
#8124=CARTESIAN_POINT('',(0.00163863965415507,-0.00888772707703941,0.0526491226359755));
#8125=CARTESIAN_POINT('',(0.0038262619443093,-0.00818747064594028,0.0527666490329025));
#8126=CARTESIAN_POINT('',(0.00718236683561196,-0.00548530424636222,0.053001826379427));
#8127=CARTESIAN_POINT('',(0.0083336132494236,-0.00349610087393924,0.0531194309183174));
#8128=CARTESIAN_POINT('',(0.00900536230228099,0.000758472760575549,0.0533545290804654));
#8129=CARTESIAN_POINT('',(0.00852337656412843,0.00300491434134729,0.0534720903133839));
#8130=CARTESIAN_POINT('',(0.00616250971963843,0.00661066806066857,0.0537073310458503));
#8131=CARTESIAN_POINT('',(0.00429622577455722,0.00795074054525347,0.0538248922787837));
#8132=CARTESIAN_POINT('',(0.000127998740927116,0.00903634037838599,0.0540599904409019));
#8133=CARTESIAN_POINT('',(-0.00215559986124898,0.00877657936069713,0.0541775949797998));
#8134=CARTESIAN_POINT('',(-0.00597434946555067,0.00678101058162228,0.0544127723263392));
#8135=CARTESIAN_POINT('',(-0.00749096164850621,0.00505591990568504,0.0545302987232737));
#8136=CARTESIAN_POINT('',(-0.00898068536275198,0.00101198958656989,0.0547655236060049));
#8137=CARTESIAN_POINT('',(-0.00894496545338922,-0.00128649600738993,0.0548831542620654));
#8138=CARTESIAN_POINT('',(-0.00733464271058691,-0.00527925139081919,0.0551181420971688));
#8139=CARTESIAN_POINT('',(-0.00576574020536706,-0.00695938735754049,0.0552357727532218));
#8140=CARTESIAN_POINT('',(-0.00188728026612767,-0.00883826938428585,0.055470997635968));
#8141=CARTESIAN_POINT('',(0.000401795727264815,-0.00902848360677597,0.05558852403291));
#8142=CARTESIAN_POINT('',(0.00453650665777762,-0.00781633311598989,0.0558237013794195));
#8143=CARTESIAN_POINT('',(0.00636135483067384,-0.00641911176331928,0.0559413059183248));
#8144=CARTESIAN_POINT('',(0.00861012487329844,-0.0027454654960656,0.0561764040804579));
#8145=CARTESIAN_POINT('',(0.00902450408958404,-0.000485576141910717,0.0562939653133913));
#8146=CARTESIAN_POINT('',(0.00822320974256916,0.00374917054591361,0.0565292060458429));
#8147=CARTESIAN_POINT('',(0.00701181174185327,0.00570143203244662,0.0566467672787614));
#8148=CARTESIAN_POINT('',(0.00357631316895936,0.00829950692687741,0.0568818654409243));
#8149=CARTESIAN_POINT('',(0.00136713692208012,0.00893341439051971,0.0569994699798073));
#8150=CARTESIAN_POINT('',(-0.00292459878700887,0.00855112144572659,0.0572346473263317));
#8151=CARTESIAN_POINT('',(-0.00498592936261224,0.00753772783425197,0.0573521737232587));
#8152=CARTESIAN_POINT('',(-0.00790979974606308,0.00437171596574777,0.0575873986060199));
#8153=CARTESIAN_POINT('',(-0.0087563912092408,0.00223452275228991,0.0577050292620681));
#8154=CARTESIAN_POINT('',(-0.00879660832114922,-0.00207054605938545,0.0579400170971661));
#8155=CARTESIAN_POINT('',(-0.00799009160666083,-0.00422318228653614,0.0580576477532218));
#8156=CARTESIAN_POINT('',(-0.00512587887413063,-0.00744326529688426,0.058292872635968));
#8157=CARTESIAN_POINT('',(-0.00308384024705458,-0.00849499178192825,0.058410399032893));
#8158=CARTESIAN_POINT('',(0.00120000446491795,-0.00895739612390372,0.0586455763794365));
#8159=CARTESIAN_POINT('',(0.00342063780477802,-0.0083648710761298,0.0587631809183248));
#8160=CARTESIAN_POINT('',(0.00690407398333368,-0.00583143151863464,0.0589982790804579));
#8161=CARTESIAN_POINT('',(0.00815173267477247,-0.00390214205938314,0.0591158403133988));
#8162=CARTESIAN_POINT('',(0.009032000625737,0.000316895801920448,0.0593510810458354));
#8163=CARTESIAN_POINT('',(0.00865991293370086,0.00258413217630115,0.0594686422787763));
#8164=CARTESIAN_POINT('',(0.00648016633636003,0.00629914878097813,0.0597037404409094));
#8165=CARTESIAN_POINT('',(0.00468173950218672,0.00773021806097551,0.0598213449798127));
#8166=CARTESIAN_POINT('',(0.000570395545264005,0.0090194015858412,0.0600565223263263));
#8167=CARTESIAN_POINT('',(-0.00172183452882066,0.00887198502971434,0.0601740487232587));
#8168=CARTESIAN_POINT('',(-0.00563471882055136,0.00706588821885718,0.0604092736060199));
#8169=CARTESIAN_POINT('',(-0.00723473578035297,0.00541535567880645,0.0605269042620709));
#8170=CARTESIAN_POINT('',(-0.00891937005628605,0.00145338114016932,0.0607618920971635));
#8171=CARTESIAN_POINT('',(-0.00899802399119629,-0.000844035995648332,0.0608795227532144));
#8172=CARTESIAN_POINT('',(-0.00758410888975991,-0.00491509154140098,0.0611147476359755));
#8173=CARTESIAN_POINT('',(-0.00609998949887002,-0.00666821446553518,0.0612322740329004));
#8174=CARTESIAN_POINT('',(-0.00231918752962915,-0.00873477677099029,0.061467451379429));
#8175=CARTESIAN_POINT('',(-4.08403186702274E-05,-0.00903715459532475,0.0615850559183248));
#8176=CARTESIAN_POINT('',(0.00414694041492664,-0.00802961495456991,0.0618201540804579));
#8177=CARTESIAN_POINT('',(0.00603793385578997,-0.00672464222142597,0.0619377153133913));
#8178=CARTESIAN_POINT('',(0.00846575128900351,-0.00316362345514163,0.0621729560458429));
#8179=CARTESIAN_POINT('',(0.00898962088369028,-0.000926578378449524,0.0622905172787688));
#8180=CARTESIAN_POINT('',(0.00839747292191248,0.0033398023350807,0.0625256154409168));
#8181=CARTESIAN_POINT('',(0.00728358968312539,0.00535016610625325,0.0626432199798127));
#8182=CARTESIAN_POINT('',(0.00397855232645307,0.00811455959558621,0.0628783973263263));
#8183=CARTESIAN_POINT('',(0.00180439400344576,0.00885556292915029,0.0629959237232513));
#8184=CARTESIAN_POINT('',(-0.00250180303339486,0.00868434304307868,0.0632311486060273));
#8185=CARTESIAN_POINT('',(-0.00461165741199832,0.00777174979355333,0.0633487792620708));
#8186=CARTESIAN_POINT('',(-0.00768423855459549,0.00475604423605901,0.0635837670971635));
#8187=CARTESIAN_POINT('',(-0.00863608879036481,0.00266360712437136,0.0637013977532069));
#8188=CARTESIAN_POINT('',(-0.00888772707703937,-0.00163863965415505,0.063936622635983));
#8189=CARTESIAN_POINT('',(-0.00818747064596141,-0.00382626194428233,0.0640541490329079));
#8190=CARTESIAN_POINT('',(-0.00548530424634112,-0.0071823668356389,0.0642893263794216));
#8191=CARTESIAN_POINT('',(-0.00349610087387131,-0.00833361324943303,0.0644069309183172));
#8192=CARTESIAN_POINT('',(0.000758472760507576,-0.00900536230227154,0.0646420290804657));
#8193=CARTESIAN_POINT('',(0.00300491434130192,-0.00852337656416621,0.0647595903133986));
#8194=CARTESIAN_POINT('',(0.00661066806071399,-0.0061625097196006,0.0649948310458357));
#8195=CARTESIAN_POINT('',(0.00795074054523834,-0.00429622577462146,0.0651123922787691));
#8196=CARTESIAN_POINT('',(0.00903634037840107,-0.000127998740863046,0.0653474904409166));
#8197=CARTESIAN_POINT('',(0.00877657936067972,0.00215559986127987,0.0654650949797977));
#8198=CARTESIAN_POINT('',(0.00678101058163971,0.00597434946551975,0.0657002723263413));
#8199=CARTESIAN_POINT('',(0.00505591990568879,0.0074909616485062,0.0658177987232662));
#8200=CARTESIAN_POINT('',(0.00101198958656631,0.00898068536275192,0.0660530236060124));
#8201=CARTESIAN_POINT('',(-0.00128649600729272,0.00894496545342971,0.0661706542620708));
#8202=CARTESIAN_POINT('',(-0.00527925139091636,0.00733464271054643,0.0664056420971635));
#8203=CARTESIAN_POINT('',(-0.00695938735754051,0.00576574020536349,0.0665232727532069));
#8204=CARTESIAN_POINT('',(-0.0088382693842858,0.00188728026613128,0.066758497635983));
#8205=CARTESIAN_POINT('',(-0.00902848360676523,-0.000401795727295536,0.0668760240329228));
#8206=CARTESIAN_POINT('',(-0.0078163331160006,-0.00453650665774698,0.0671112013794066));
#8207=CARTESIAN_POINT('',(-0.00641911176331556,-0.0063613548306738,0.0672288059183323));
#8208=CARTESIAN_POINT('',(-0.00274546549606935,-0.00861012487329846,0.0674639040804505));
#8209=CARTESIAN_POINT('',(-0.000485576141910802,-0.00902450408958586,0.0675814653133839));
#8210=CARTESIAN_POINT('',(0.00374917054591352,-0.00822320974256738,0.0678167060458504));
#8211=CARTESIAN_POINT('',(0.00570143203244485,-0.00701181174185323,0.0679342672787838));
#8212=CARTESIAN_POINT('',(0.00829950692687924,-0.00357631316895933,0.0681693654409019));
#8213=CARTESIAN_POINT('',(0.00893341439050908,-0.00136713692198555,0.0682869699797977));
#8214=CARTESIAN_POINT('',(0.00855112144573722,0.00292459878691413,0.0685221473263412));
#8215=CARTESIAN_POINT('',(0.00753772783424474,0.00498592936261034,0.0686396737232513));
#8216=CARTESIAN_POINT('',(0.00437171596575521,0.00790979974606479,0.0688748986060274));
#8217=CARTESIAN_POINT('',(0.00223452275217258,0.00875639120924127,0.0689925292620708));
#8218=CARTESIAN_POINT('',(-0.00207054605926819,0.00879660832114876,0.0692275170971635));
#8219=CARTESIAN_POINT('',(-0.00422318228653424,0.00799009160666072,0.0693451477532069));
#8220=CARTESIAN_POINT('',(-0.00744326529688623,0.00512587887413067,0.069580372635983));
#8221=CARTESIAN_POINT('',(-0.00849499178193948,0.00308384024699023,0.0696978990329079));
#8222=CARTESIAN_POINT('',(-0.00895739612389249,-0.00120000446485368,0.0699330763794216));
#8223=CARTESIAN_POINT('',(-0.00836487107612606,-0.00342063780477609,0.0700506809183323));
#8224=CARTESIAN_POINT('',(-0.00583143151863848,-0.00690407398333547,0.0702857790804505));
#8225=CARTESIAN_POINT('',(-0.00390214205938317,-0.00815173267477437,0.0704033403133988));
#8226=CARTESIAN_POINT('',(0.000316895801920554,-0.00903200062573511,0.0706385810458354));
#8227=CARTESIAN_POINT('',(0.00258413217630107,-0.008659912933699,0.0707561422787838));
#8228=CARTESIAN_POINT('',(0.00629914878097818,-0.00648016633636191,0.0709912404409019));
#8229=CARTESIAN_POINT('',(0.00773021806101887,-0.0046817395020583,0.0711088449797977));
#8230=CARTESIAN_POINT('',(0.00901940158579779,-0.00057039554539258,0.0713440223263412));
#8231=CARTESIAN_POINT('',(0.00887198502971435,0.00172183452882437,0.0714615487232513));
#8232=CARTESIAN_POINT('',(0.00706588821885719,0.00563471882054761,0.0716967736060273));
#8233=CARTESIAN_POINT('',(0.00541535567887439,0.00723473578032653,0.0718144042620708));
#8234=CARTESIAN_POINT('',(0.00145338114010143,0.00891937005631247,0.0720493920971635));
#8235=CARTESIAN_POINT('',(-0.000844035995651964,0.00899802399119444,0.0721670227532069));
#8236=CARTESIAN_POINT('',(-0.00491509154139741,0.00758410888976173,0.072402247635983));
#8237=CARTESIAN_POINT('',(-0.00666821446553509,0.00609998949887004,0.072519774032893));
#8238=CARTESIAN_POINT('',(-0.00873477677099035,0.00231918752962917,0.0727549513794365));
#8239=CARTESIAN_POINT('',(-0.00903715459533989,4.0840318734408E-05,0.0728725559183174));
#8240=CARTESIAN_POINT('',(-0.00802961495455474,-0.0041469404149909,0.0731076540804655));
#8241=CARTESIAN_POINT('',(-0.0067246422213164,-0.00603793385586453,0.0732252153133839));
#8242=CARTESIAN_POINT('',(-0.00316362345525136,-0.00846575128892886,0.0734604560458503));
#8243=CARTESIAN_POINT('',(-0.000926578378321225,-0.0089896208836695,0.0735780172787837));
#8244=CARTESIAN_POINT('',(0.00333980233495223,-0.00839747292193329,0.0738131154409019));
#8245=CARTESIAN_POINT('',(0.0053501661063289,-0.00728358968302336,0.0739307199797978));
#8246=CARTESIAN_POINT('',(0.00811455959551053,-0.00397855232655512,0.0741658973263414));
#8247=CARTESIAN_POINT('',(0.00885556292915405,-0.0018043940035139,0.0742834237232513));
#8248=CARTESIAN_POINT('',(0.00868434304307493,0.00250180303346283,0.0745186486060273));
#8249=CARTESIAN_POINT('',(0.0077717497935496,0.00461165741200202,0.0746362792620708));
#8250=CARTESIAN_POINT('',(0.00475604423606285,0.00768423855459167,0.0748712670971635));
#8251=CARTESIAN_POINT('',(0.00266360712437139,0.00863608879036661,0.0749888977532069));
#8252=CARTESIAN_POINT('',(-0.00163863965415502,0.00888772707703757,0.075224122635983));
#8253=CARTESIAN_POINT('',(-0.00382626194438625,0.00818747064587082,0.075341649032893));
#8254=CARTESIAN_POINT('',(-0.00718236683553504,0.00548530424643165,0.0755768263794366));
#8255=CARTESIAN_POINT('',(-0.00833361324942362,0.00349610087393929,0.0756944309183323));
#8256=CARTESIAN_POINT('',(-0.00900536230228094,-0.000758472760575506,0.0759295290804505));
#8257=CARTESIAN_POINT('',(-0.00852337656409445,-0.00300491434140765,0.0760470903133839));
#8258=CARTESIAN_POINT('',(-0.00616250971967251,-0.00661066806060802,0.0762823310458503));
#8259=CARTESIAN_POINT('',(-0.0042962257745572,-0.00795074054525155,0.0763998922787688));
#8260=CARTESIAN_POINT('',(-0.000127998740927229,-0.00903634037838789,0.0766349904409169));
#8261=CARTESIAN_POINT('',(0.00215559986134017,-0.00877657936065326,0.0767525949798127));
#8262=CARTESIAN_POINT('',(0.00597434946545929,-0.00678101058166625,0.0769877723263263));
#8263=CARTESIAN_POINT('',(0.00749096164850802,-0.00505591990568887,0.0771052987232514));
#8264=CARTESIAN_POINT('',(0.00898068536275005,-0.00101198958656639,0.0773405236060273));
#8265=CARTESIAN_POINT('',(0.00894496545337316,0.00128649600741728,0.0774581542620708));
#8266=CARTESIAN_POINT('',(0.00733464271060295,0.00527925139079187,0.0776931420971635));
#8267=CARTESIAN_POINT('',(0.00576574020536339,0.00695938735754049,0.0778107727532368));
#8268=CARTESIAN_POINT('',(0.00188728026613132,0.00883826938428585,0.0780459976359531));
#8269=CARTESIAN_POINT('',(-0.000401795727295452,0.00902848360676712,0.078163524032893));
#8270=CARTESIAN_POINT('',(-0.0045365066577469,0.00781633311599877,0.0783987013794365));
#8271=CARTESIAN_POINT('',(-0.00636135483067382,0.00641911176331546,0.0785163059183323));
#8272=CARTESIAN_POINT('',(-0.00861012487329848,0.00274546549606938,0.0787514040804505));
#8273=CARTESIAN_POINT('',(-0.00902450408961042,0.000485576142039293,0.0788689653133839));
#8274=CARTESIAN_POINT('',(-0.00822320974254281,-0.00374917054604209,0.0791042060458503));
#8275=CARTESIAN_POINT('',(-0.00701181174186082,-0.00570143203244476,0.0792217672787688));
#8276=CARTESIAN_POINT('',(-0.00357631316895188,-0.0082995069268792,0.0794568654409169));
#8277=CARTESIAN_POINT('',(-0.00136713692212152,-0.00893341439052231,0.0795744699798127));
#8278=CARTESIAN_POINT('',(0.00292459878705018,-0.00855112144572399,0.0798096473263263));
#8279=CARTESIAN_POINT('',(0.00498592936261036,-0.0075377278342372,0.0799271737232513));
#8280=CARTESIAN_POINT('',(0.0071788321502012,-0.00516321893288132,0.0801035923853333));
#8281=CARTESIAN_POINT('',(0.00776188238156347,-0.00423636895453569,0.0801623662763202));
#8282=CARTESIAN_POINT('',(0.00835737118358546,-0.00273459495483191,0.0802505444164348));
#8283=CARTESIAN_POINT('',(0.00850967784355083,-0.00221568679385928,0.0802799376465468));
#8284=CARTESIAN_POINT('',(0.00866499875524849,-0.00142268073623988,0.0803240436121806));
#8285=CARTESIAN_POINT('',(0.00870455075696352,-0.00115628703686076,0.0803387276319965));
#8286=CARTESIAN_POINT('',(0.00874543951883559,-0.000754381324786786,0.0803607775273712));
#8287=CARTESIAN_POINT('',(0.00875598852466152,-0.000620057677616494,0.0803681297559265));
#8288=CARTESIAN_POINT('',(0.00876716482453818,-0.000418360185070228,0.0803791556176079));
#8289=CARTESIAN_POINT('',(0.0087701160311153,-0.000351092379038299,0.0803828304912584));
#8290=CARTESIAN_POINT('',(0.00877446930572153,-0.000216539744910185,0.0803901784332648));
#8291=CARTESIAN_POINT('',(0.00877618364997291,-0.000149153413262079,0.0803938514981414));
#8292=CARTESIAN_POINT('',(0.00877685632404177,-6.23021432183092E-06,0.0804016646141989));
#8293=CARTESIAN_POINT('',(0.00877649976519501,6.92987261088564E-05,0.0804058060410033));
#8294=CARTESIAN_POINT('',(0.00877649976519501,0.000220585798669362,0.0804140889023885));
#8295=CARTESIAN_POINT('',(0.00877649976519502,0.000296229334948779,0.080418230333082));
#8296=CARTESIAN_POINT('',(0.00877649976519502,0.000523159943789538,0.0804306546251598));
#8297=CARTESIAN_POINT('',(0.00877649976519502,0.000674447016349833,0.0804389374865458));
#8298=CARTESIAN_POINT('',(0.00877649976519502,0.00112830823403135,0.0804637860707045));
#8299=CARTESIAN_POINT('',(0.00877649976519503,0.00143088237915341,0.0804803517934745));
#8300=CARTESIAN_POINT('',(0.00877649976519503,0.0023386048145165,0.0805300489617921));
#8301=CARTESIAN_POINT('',(0.00877649976519505,0.00294373306273635,0.0805631793100486));
#8302=CARTESIAN_POINT('',(0.00877649976519505,0.00354890141707202,0.0805963118540853));
#8303=CARTESIAN_POINT('',(0.00789031711862696,-0.00105685122199846,0.0775585234035001));
#8304=CARTESIAN_POINT('',(0.0079148215592882,-0.000682692781575004,0.0775967609145284));
#8305=CARTESIAN_POINT('',(0.00793215141255656,-0.000307413663465186,0.0776238029704818));
#8306=CARTESIAN_POINT('',(0.00794151910018998,6.91091528357006E-05,0.0776384206091435));
#8307=CARTESIAN_POINT('',(0.00789031711862696,-0.00105685122199846,0.0775585234035001));
#8308=CARTESIAN_POINT('',(0.00789031711862708,-0.00105685122199865,0.0775585234034999));
#8309=CARTESIAN_POINT('',(0.00771962884378923,-0.00105244978584076,0.0776625836981472));
#8310=CARTESIAN_POINT('',(0.00743364225612568,-0.00123471744717215,0.0779027761114382));
#8311=CARTESIAN_POINT('',(0.00715033086298484,-0.00161245920567107,0.0782617659808959));
#8312=CARTESIAN_POINT('',(0.00695244408466988,-0.00200144896694944,0.0786684331716702));
#8313=CARTESIAN_POINT('',(0.00687077903793401,-0.00236981939645639,0.079143499535639));
#8314=CARTESIAN_POINT('',(0.00709801403996482,-0.00257734060816013,0.079703422959029));
#8315=CARTESIAN_POINT('',(0.00759217082750225,-0.00243758494379875,0.0800634116990639));
#8316=CARTESIAN_POINT('',(0.00808330019787567,-0.00215609420136608,0.0802443459738243));
#8317=CARTESIAN_POINT('',(0.00840363055127431,-0.00192308675817774,0.0802946317888049));
#8318=CARTESIAN_POINT('',(0.00856215386480167,-0.00180333612938665,0.080302802398859));
#8319=CARTESIAN_POINT('',(0.00856215386479768,-0.00180333612938081,0.0803028023988593));
#8320=CARTESIAN_POINT('',(-0.00269067291012015,-0.00832603022398703,0.0795));
#8321=CARTESIAN_POINT('',(-0.00151696888858009,-0.00870532906512728,0.0795674879557313));
#8322=CARTESIAN_POINT('',(0.000955426648357391,-0.00895656495825727,0.0797006832004979));
#8323=CARTESIAN_POINT('',(0.00451834582906504,-0.00779591318532341,0.0799013191065433));
#8324=CARTESIAN_POINT('',(0.00729539079503424,-0.00528319536425955,0.0801020160975645));
#8325=CARTESIAN_POINT('',(0.00830794163762872,-0.00301032364982763,0.0802352707540577));
#8326=CARTESIAN_POINT('',(0.00856215386479768,-0.00180333612938081,0.0803028023988592));
#8327=CARTESIAN_POINT('',(-0.00269067291012016,-0.00832603022398703,0.0795));
#8328=CARTESIAN_POINT('',(-0.00269067291012015,-0.00832603022398703,0.0795));
#8329=CARTESIAN_POINT('',(-0.00401629744245834,-0.00781647455059202,0.0794227709806471));
#8330=CARTESIAN_POINT('',(-0.0063699634380845,-0.00614752385156696,0.0792533269149996));
#8331=CARTESIAN_POINT('',(-0.00763588870210261,-0.00354433889244469,0.0790496120235984));
#8332=CARTESIAN_POINT('',(-0.00786251229763036,-0.00214555362776531,0.0789));
#8333=CARTESIAN_POINT('',(0.00803715812568931,0.00135151369311092,0.0352067935382859));
#8334=CARTESIAN_POINT('',(0.00786095602013029,0.00147878651171335,0.0351491982287662));
#8335=CARTESIAN_POINT('',(0.00754528797918602,0.00175628905379833,0.035001429277937));
#8336=CARTESIAN_POINT('',(0.00712367924071205,0.00216739921516806,0.0346750732301567));
#8337=CARTESIAN_POINT('',(0.00683912263449282,0.00247239717334058,0.0342877241380434));
#8338=CARTESIAN_POINT('',(0.00674922505455203,0.00261437068399664,0.0338565582187048));
#8339=CARTESIAN_POINT('',(0.00683786897785117,0.00260108879722408,0.0333977487173698));
#8340=CARTESIAN_POINT('',(0.00716624104112652,0.00234847232527847,0.0329799412445969));
#8341=CARTESIAN_POINT('',(0.0076002034737842,0.00195399104867521,0.0326512187574513));
#8342=CARTESIAN_POINT('',(0.00806271596852852,0.00153477176548453,0.0324202351344236));
#8343=CARTESIAN_POINT('',(0.00843334906279497,0.00126299798421117,0.0323188380238373));
#8344=CARTESIAN_POINT('',(0.00866120020053479,0.00124342715357769,0.0323160615490855));
#8345=CARTESIAN_POINT('',(0.00866120020053488,0.00124342715357777,0.0323160615490855));
#8346=CARTESIAN_POINT('',(-0.0026906729100237,0.00832603022401821,0.03315));
#8347=CARTESIAN_POINT('',(-0.00147160287308447,0.00871998972639327,0.0330799034993701));
#8348=CARTESIAN_POINT('',(0.00110278196775982,0.00896014480238448,0.032941554741908));
#8349=CARTESIAN_POINT('',(0.00477763895487889,0.00766426333799952,0.0327332847874113));
#8350=CARTESIAN_POINT('',(0.00756097439161167,0.00493431790275771,0.0325247136460587));
#8351=CARTESIAN_POINT('',(0.00847914203343256,0.00251156918254874,0.0323862032764347));
#8352=CARTESIAN_POINT('',(0.00866120020053489,0.00124342715357777,0.0323160615490855));
#8353=CARTESIAN_POINT('',(-0.0026906729100237,0.00832603022401821,0.03315));
#8354=CARTESIAN_POINT('',(-0.00269067291002364,0.00832603022401801,0.03315));
#8355=CARTESIAN_POINT('',(-0.00401629744238576,0.0078164745506328,0.0332272290193526));
#8356=CARTESIAN_POINT('',(-0.00636996343806651,0.00614752385161265,0.0333966730849906));
#8357=CARTESIAN_POINT('',(-0.0076358887021067,0.00354433889245735,0.0336003879763956));
#8358=CARTESIAN_POINT('',(-0.00786251229763234,0.00214555362775926,0.0337499999999999));
#8359=CARTESIAN_POINT('',(-0.00786251229763175,0.00214555362775894,0.03375));
#8360=CARTESIAN_POINT('',(0.00810673186406166,-0.000838688550182573,0.0353312191956577));
#8361=CARTESIAN_POINT('',(0.00799016243682664,-0.00196544423313054,0.0352656034050957));
#8362=CARTESIAN_POINT('',(0.00729155963962715,-0.00413656434498834,0.035135220349857));
#8363=CARTESIAN_POINT('',(0.00501795325562123,-0.00671818925150404,0.0349363084862632));
#8364=CARTESIAN_POINT('',(0.00190364692191882,-0.00816530774319313,0.0347375347022979));
#8365=CARTESIAN_POINT('',(-0.00153318034643669,-0.00824425240122423,0.0345434621052832));
#8366=CARTESIAN_POINT('',(-0.00471825834730842,-0.00693215857798491,0.0343394218758243));
#8367=CARTESIAN_POINT('',(-0.00710290537566162,-0.00445554840023804,0.0341489964375621));
#8368=CARTESIAN_POINT('',(-0.00829251263113984,-0.00123401831907738,0.0339431971288188));
#8369=CARTESIAN_POINT('',(-0.00816068845989567,0.0010528688715575,0.0338178057505177));
#8370=CARTESIAN_POINT('',(-0.00786251229763145,0.00214555362775835,0.0337500000000001));
#8371=CARTESIAN_POINT('',(0.00810673186406166,-0.000838688550182573,0.0353312191956576));
#8372=CARTESIAN_POINT('',(0.00810673186406167,-0.000838688550182572,0.0353312191956577));
#8373=CARTESIAN_POINT('',(0.0079309130194829,-0.000648244406507047,0.0354252205874125));
#8374=CARTESIAN_POINT('',(0.00781681287825739,-0.000104887984665302,0.0355946003653992));
#8375=CARTESIAN_POINT('',(0.00794931932712283,0.000447187910805436,0.0354899126301707));
#8376=CARTESIAN_POINT('',(0.00812423329846054,0.000647559504744824,0.0354187141948587));
#8377=CARTESIAN_POINT('',(0.,1.08687403424328E-18,0.0789));
#8378=CARTESIAN_POINT('',(0.,1.08687403424328E-18,0.03375));
#8379=CARTESIAN_POINT('',(0.00794876687771379,-0.00179989030881332,0.03375));
#8380=CARTESIAN_POINT('',(0.00794876687771379,-0.00179989030881332,0.03375));
#8381=CARTESIAN_POINT('',(0.00795040404848213,-0.0017926601522239,0.0344058751996616));
#8382=CARTESIAN_POINT('',(0.00804763034225372,-0.00140996162878923,0.0350280390520434));
#8383=CARTESIAN_POINT('',(0.00810673186406166,-0.000838688550182569,0.0353312191956576));
#8384=CARTESIAN_POINT('',(0.,8.75622461390358E-19,0.025));
#8385=CARTESIAN_POINT('',(0.,8.75622461390358E-19,0.001));
#8386=CARTESIAN_POINT('',(0.0143,8.75622461390358E-19,0.001));
#8387=CARTESIAN_POINT('',(0.,8.75622461390358E-19,0.013));
#8388=CARTESIAN_POINT('',(0.0143,8.75622461390358E-19,0.013));
#8389=CARTESIAN_POINT('',(0.,0.,0.));
#8390=CARTESIAN_POINT('',(0.,8.75622461390358E-19,0.));
#8391=CARTESIAN_POINT('',(0.0133,8.75622461390358E-19,0.));
#8392=CARTESIAN_POINT('',(-8.67361737988404E-19,0.00415,0.));
#8393=CARTESIAN_POINT('',(-0.00239600361713695,0.00415,0.));
#8394=CARTESIAN_POINT('',(0.00239600361713695,0.00415,0.));
#8395=CARTESIAN_POINT('',(-0.00359400542570542,0.002075,0.));
#8396=CARTESIAN_POINT('',(-0.0047920072342739,4.33680868994202E-19,0.));
#8397=CARTESIAN_POINT('',(-0.00359400542570542,-0.002075,0.));
#8398=CARTESIAN_POINT('',(-0.00239600361713695,-0.00415,0.));
#8399=CARTESIAN_POINT('',(1.3010426069826E-18,-0.00415,0.));
#8400=CARTESIAN_POINT('',(0.00239600361713695,-0.00415,0.));
#8401=CARTESIAN_POINT('',(0.00359400542570542,-0.002075,0.));
#8402=CARTESIAN_POINT('',(0.0047920072342739,2.60208521396521E-18,0.));
#8403=CARTESIAN_POINT('',(0.00359400542570542,0.002075,0.));
#8404=CARTESIAN_POINT('',(-0.00359400542570542,0.002075,0.01));
#8405=CARTESIAN_POINT('',(-0.00239600361713695,0.00415,0.01));
#8406=CARTESIAN_POINT('',(-0.00239600361713695,0.00415,0.007));
#8407=CARTESIAN_POINT('',(-0.00359400542570542,0.002075,0.007));
#8408=CARTESIAN_POINT('',(-0.0047920072342739,4.33680868994202E-19,0.007));
#8409=CARTESIAN_POINT('',(-0.0047920072342739,4.33680868994202E-19,0.01));
#8410=CARTESIAN_POINT('',(-8.67361737988404E-19,0.00415,0.01));
#8411=CARTESIAN_POINT('',(0.00239600361713695,0.00415,0.01));
#8412=CARTESIAN_POINT('',(0.00239600361713695,0.00415,0.007));
#8413=CARTESIAN_POINT('',(-8.67361737988404E-19,0.00415,0.007));
#8414=CARTESIAN_POINT('',(0.00359400542570542,0.002075,0.01));
#8415=CARTESIAN_POINT('',(0.0047920072342739,2.60208521396521E-18,0.01));
#8416=CARTESIAN_POINT('',(0.0047920072342739,2.60208521396521E-18,0.007));
#8417=CARTESIAN_POINT('',(0.00359400542570542,0.002075,0.007));
#8418=CARTESIAN_POINT('',(0.00359400542570542,-0.002075,0.01));
#8419=CARTESIAN_POINT('',(0.00239600361713695,-0.00415,0.01));
#8420=CARTESIAN_POINT('',(0.00239600361713695,-0.00415,0.007));
#8421=CARTESIAN_POINT('',(0.00359400542570542,-0.002075,0.007));
#8422=CARTESIAN_POINT('',(1.3010426069826E-18,-0.00415,0.01));
#8423=CARTESIAN_POINT('',(-0.00239600361713695,-0.00415,0.01));
#8424=CARTESIAN_POINT('',(-0.00239600361713695,-0.00415,0.007));
#8425=CARTESIAN_POINT('',(1.3010426069826E-18,-0.00415,0.007));
#8426=CARTESIAN_POINT('',(-0.00359400542570542,-0.002075,0.01));
#8427=CARTESIAN_POINT('',(-0.00359400542570542,-0.002075,0.007));
#8428=CARTESIAN_POINT('',(0.,4.19441528707968E-19,0.03375));
#8429=CARTESIAN_POINT('',(0.,8.75622461390358E-19,0.01855));
#8430=CARTESIAN_POINT('',(-0.00875,8.75622461390358E-19,0.01855));
#8431=CARTESIAN_POINT('',(0.00866120020053488,0.00124342715357777,0.0323160615490855));
#8432=CARTESIAN_POINT('',(0.00867577780691224,0.00114188556594588,0.0323104452204791));
#8433=CARTESIAN_POINT('',(0.00868799448449788,0.0010434832717683,0.0322796319690785));
#8434=CARTESIAN_POINT('',(0.0086975306884906,0.000956796698763216,0.0322252643574204));
#8435=CARTESIAN_POINT('',(0.00869753068849061,0.000956796698763213,0.0322252643574204));
#8436=CARTESIAN_POINT('',(0.0086975306884906,0.000956796698763228,0.0322252643574203));
#8437=CARTESIAN_POINT('',(0.00874795673322218,0.000498410845092326,0.0319377764198954));
#8438=CARTESIAN_POINT('',(0.00877599279453307,-0.000677330685722173,0.0318130418980797));
#8439=CARTESIAN_POINT('',(0.00861952831630809,-0.00151663175479948,0.0326383335384424));
#8440=CARTESIAN_POINT('',(0.00858379083999033,-0.0016973611328466,0.033150000000001));
#8441=CARTESIAN_POINT('',(0.0085837908399904,-0.00169736113284624,0.03315));
#8442=CARTESIAN_POINT('',(0.,4.19441528707968E-19,0.03315));
#8443=CARTESIAN_POINT('',(0.,1.81553887973595E-18,0.0949));
#8444=CARTESIAN_POINT('',(0.00856215386479768,-0.00180333612938081,0.0803028023988593));
#8445=CARTESIAN_POINT('',(0.00860598760144847,-0.00159521564005085,0.080314446859739));
#8446=CARTESIAN_POINT('',(0.0086414310767424,-0.00138207505898943,0.0803802111092027));
#8447=CARTESIAN_POINT('',(0.00866235423647819,-0.00123536192339266,0.0805346409305169));
#8448=CARTESIAN_POINT('',(0.00866235423647819,-0.00123536192339268,0.080534640930517));
#8449=CARTESIAN_POINT('',(0.00866235423647795,-0.00123536192339276,0.080534640930517));
#8450=CARTESIAN_POINT('',(0.00869428758387031,-0.00101144538376896,0.0807703348311534));
#8451=CARTESIAN_POINT('',(0.00875921428622178,-0.000423097289577881,0.0811240186801084));
#8452=CARTESIAN_POINT('',(0.00874694743797526,0.000609281283511974,0.0810661176849867));
#8453=CARTESIAN_POINT('',(0.00864016006128154,0.00142618110586984,0.0804461713816698));
#8454=CARTESIAN_POINT('',(0.00858553136291987,0.00168980283585504,0.079825520771784));
#8455=CARTESIAN_POINT('',(0.00857241406301337,0.00175391480187912,0.0795));
#8456=CARTESIAN_POINT('',(0.00857241406301337,0.00175391480187912,0.0795));
#8457=CARTESIAN_POINT('',(0.,1.81553887973595E-18,0.0795));
#8458=CARTESIAN_POINT('',(0.,1.81553887973595E-18,0.0795));
#8459=CARTESIAN_POINT('',(0.00796062821160335,0.00174668213382542,0.0789));
#8460=CARTESIAN_POINT('',(0.00815483881994595,0.00181598430295443,0.0791045505899899));
#8461=CARTESIAN_POINT('',(0.00836378070533566,0.00181744364462947,0.079308335159803));
#8462=CARTESIAN_POINT('',(0.00857241406301337,0.00175391480187912,0.0795));
#8463=CARTESIAN_POINT('',(0.,4.19441528707968E-19,0.03375));
#8464=CARTESIAN_POINT('',(0.00794876687771379,-0.00179989030881332,0.03375));
#8465=CARTESIAN_POINT('',(0.00816008368359739,-0.00180228648654615,0.0335433716706268));
#8466=CARTESIAN_POINT('',(0.0083722205811846,-0.00176665303844277,0.033344109881391));
#8467=CARTESIAN_POINT('',(0.00858379083999038,-0.00169736113284624,0.03315));
#8468=CARTESIAN_POINT('',(-0.0018,-1.10218211923262E-19,0.025));
#8469=CARTESIAN_POINT('',(-0.0018,-1.10218211923262E-19,0.0264560666200209));
#8470=CARTESIAN_POINT('',(-0.00163040130005016,-1.10218211923262E-19,0.0278607593067703));
#8471=CARTESIAN_POINT('',(-0.000821677449497416,-1.10218211923262E-19,0.0304772014383007));
#8472=CARTESIAN_POINT('',(-0.000172765726865306,-1.10218211923262E-19,0.031696117383031));
#8473=CARTESIAN_POINT('',(0.00172580668180929,-1.10218211923262E-19,0.033691159262066));
#8474=CARTESIAN_POINT('',(0.00293003247139275,-1.10218211923262E-19,0.0344167795209274));
#8475=CARTESIAN_POINT('',(0.00563007658951166,-1.10218211923262E-19,0.0353407045004569));
#8476=CARTESIAN_POINT('',(0.00712796189612052,-1.10218211923262E-19,0.0355500000009151));
#8477=CARTESIAN_POINT('',(0.00875,-1.10218211923262E-19,0.03555));
#8478=CARTESIAN_POINT('',(0.00878986363509006,-1.10218211923262E-19,0.0355499999999775));
#8479=CARTESIAN_POINT('',(0.00882972727018011,-1.10218211923262E-19,0.035549999999955));
#8480=CARTESIAN_POINT('',(0.00886959090527017,-1.10218211923262E-19,0.0355499999999325));
#8481=CARTESIAN_POINT('',(-0.0018,-0.0036,0.025));
#8482=CARTESIAN_POINT('',(-0.0018,-0.0036,0.0264560666200209));
#8483=CARTESIAN_POINT('',(-0.00163040130005016,-0.0036,0.0278607593067703));
#8484=CARTESIAN_POINT('',(-0.000821677449497416,-0.0036,0.0304772014383006));
#8485=CARTESIAN_POINT('',(-0.000172765726865305,-0.0036,0.0316961173830309));
#8486=CARTESIAN_POINT('',(0.00172580668180929,-0.0036,0.033691159262066));
#8487=CARTESIAN_POINT('',(0.00293003247139275,-0.0036,0.0344167795209273));
#8488=CARTESIAN_POINT('',(0.00563007658951165,-0.0036,0.0353407045004569));
#8489=CARTESIAN_POINT('',(0.00712796189612052,-0.0036,0.035550000000915));
#8490=CARTESIAN_POINT('',(0.00874999999999999,-0.0036,0.03555));
#8491=CARTESIAN_POINT('',(0.00878986363509004,-0.0036,0.0355499999999775));
#8492=CARTESIAN_POINT('',(0.0088297272701801,-0.0036,0.035549999999955));
#8493=CARTESIAN_POINT('',(0.00886959090527016,-0.0036,0.0355499999999325));
#8494=CARTESIAN_POINT('',(0.0018,-0.0036,0.025));
#8495=CARTESIAN_POINT('',(0.0018,-0.0036,0.0261715455260564));
#8496=CARTESIAN_POINT('',(0.00194190591618673,-0.0036,0.0272274876310742));
#8497=CARTESIAN_POINT('',(0.00248491036779125,-0.0036,0.0289842550824352));
#8498=CARTESIAN_POINT('',(0.00287622313449633,-0.0036,0.0296779142249846));
#8499=CARTESIAN_POINT('',(0.00389252536283886,-0.0036,0.0307458561158711));
#8500=CARTESIAN_POINT('',(0.00455781910287063,-0.0036,0.0311688552678246));
#8501=CARTESIAN_POINT('',(0.00633335095614559,-0.0036,0.0317764224572793));
#8502=CARTESIAN_POINT('',(0.0074415229037394,-0.0036,0.0319499999990544));
#8503=CARTESIAN_POINT('',(0.00874999999999999,-0.0036,0.03195));
#8504=CARTESIAN_POINT('',(0.00878215747728999,-0.0036,0.0319500000000232));
#8505=CARTESIAN_POINT('',(0.00881431495458,-0.0036,0.0319500000000465));
#8506=CARTESIAN_POINT('',(0.00884647243187001,-0.0036,0.0319500000000697));
#8507=CARTESIAN_POINT('',(0.0018,1.10218211923262E-19,0.025));
#8508=CARTESIAN_POINT('',(0.0018,1.10218211923262E-19,0.0261715455260564));
#8509=CARTESIAN_POINT('',(0.00194190591618686,1.10218211923262E-19,0.0272274876310742));
#8510=CARTESIAN_POINT('',(0.00248491036779113,1.10218211923262E-19,0.0289842550824352));
#8511=CARTESIAN_POINT('',(0.00287622313449622,1.10218211923262E-19,0.0296779142249845));
#8512=CARTESIAN_POINT('',(0.00389252536283898,1.10218211923262E-19,0.0307458561158711));
#8513=CARTESIAN_POINT('',(0.00455781910287062,1.10218211923262E-19,0.0311688552678246));
#8514=CARTESIAN_POINT('',(0.0063333509561456,1.10218211923262E-19,0.0317764224572793));
#8515=CARTESIAN_POINT('',(0.0074415229037394,1.10218211923262E-19,0.0319499999990545));
#8516=CARTESIAN_POINT('',(0.00875,1.10218211923262E-19,0.03195));
#8517=CARTESIAN_POINT('',(0.00878215747729,1.10218211923262E-19,0.0319500000000232));
#8518=CARTESIAN_POINT('',(0.00881431495458001,1.10218211923262E-19,0.0319500000000465));
#8519=CARTESIAN_POINT('',(0.00884647243187002,1.10218211923262E-19,0.0319500000000697));
#8520=CARTESIAN_POINT('',(0.0018,0.0036,0.025));
#8521=CARTESIAN_POINT('',(0.0018,0.0036,0.0261715455260564));
#8522=CARTESIAN_POINT('',(0.00194190591618698,0.0036,0.0272274876310742));
#8523=CARTESIAN_POINT('',(0.002484910367791,0.0036,0.0289842550824352));
#8524=CARTESIAN_POINT('',(0.0028762231344961,0.0036,0.0296779142249846));
#8525=CARTESIAN_POINT('',(0.00389252536283909,0.0036,0.0307458561158711));
#8526=CARTESIAN_POINT('',(0.00455781910287063,0.0036,0.0311688552678246));
#8527=CARTESIAN_POINT('',(0.00633335095614559,0.0036,0.0317764224572793));
#8528=CARTESIAN_POINT('',(0.0074415229037394,0.0036,0.0319499999990544));
#8529=CARTESIAN_POINT('',(0.00874999999999999,0.0036,0.03195));
#8530=CARTESIAN_POINT('',(0.00878215747728999,0.0036,0.0319500000000232));
#8531=CARTESIAN_POINT('',(0.00881431495458,0.0036,0.0319500000000465));
#8532=CARTESIAN_POINT('',(0.00884647243187001,0.0036,0.0319500000000697));
#8533=CARTESIAN_POINT('',(-0.0018,0.0036,0.025));
#8534=CARTESIAN_POINT('',(-0.0018,0.0036,0.0264560666200209));
#8535=CARTESIAN_POINT('',(-0.00163040130005016,0.0036,0.0278607593067703));
#8536=CARTESIAN_POINT('',(-0.000821677449497416,0.0036,0.0304772014383006));
#8537=CARTESIAN_POINT('',(-0.000172765726865305,0.0036,0.0316961173830309));
#8538=CARTESIAN_POINT('',(0.00172580668180929,0.0036,0.033691159262066));
#8539=CARTESIAN_POINT('',(0.00293003247139275,0.0036,0.0344167795209273));
#8540=CARTESIAN_POINT('',(0.00563007658951165,0.0036,0.0353407045004569));
#8541=CARTESIAN_POINT('',(0.00712796189612052,0.0036,0.035550000000915));
#8542=CARTESIAN_POINT('',(0.00874999999999999,0.0036,0.03555));
#8543=CARTESIAN_POINT('',(0.00878986363509004,0.0036,0.0355499999999775));
#8544=CARTESIAN_POINT('',(0.0088297272701801,0.0036,0.035549999999955));
#8545=CARTESIAN_POINT('',(0.00886959090527016,0.0036,0.0355499999999325));
#8546=CARTESIAN_POINT('',(-0.0018,-1.10218211923262E-19,0.025));
#8547=CARTESIAN_POINT('',(-0.0018,-1.10218211923262E-19,0.0264560666200209));
#8548=CARTESIAN_POINT('',(-0.00163040130005016,-1.10218211923262E-19,0.0278607593067703));
#8549=CARTESIAN_POINT('',(-0.000821677449497416,-1.10218211923262E-19,0.0304772014383007));
#8550=CARTESIAN_POINT('',(-0.000172765726865306,-1.10218211923262E-19,0.031696117383031));
#8551=CARTESIAN_POINT('',(0.00172580668180929,-1.10218211923262E-19,0.033691159262066));
#8552=CARTESIAN_POINT('',(0.00293003247139275,-1.10218211923262E-19,0.0344167795209274));
#8553=CARTESIAN_POINT('',(0.00563007658951166,-1.10218211923262E-19,0.0353407045004569));
#8554=CARTESIAN_POINT('',(0.00712796189612052,-1.10218211923262E-19,0.0355500000009151));
#8555=CARTESIAN_POINT('',(0.00875,-1.10218211923262E-19,0.03555));
#8556=CARTESIAN_POINT('',(0.00878986363509006,-1.10218211923262E-19,0.0355499999999775));
#8557=CARTESIAN_POINT('',(0.00882972727018011,-1.10218211923262E-19,0.035549999999955));
#8558=CARTESIAN_POINT('',(0.00886959090527017,-1.10218211923262E-19,0.0355499999999325));
#8559=CARTESIAN_POINT('',(0.0086975306884906,0.00095679669876322,0.0322252643574203));
#8560=CARTESIAN_POINT('',(0.00844223524351629,0.000953897012894858,0.0322225539276334));
#8561=CARTESIAN_POINT('',(0.00794650130739998,0.00108367545849926,0.0322845119166565));
#8562=CARTESIAN_POINT('',(0.00728238187134402,0.00138232584959951,0.0324974301711952));
#8563=CARTESIAN_POINT('',(0.00676296060908494,0.00161861554290888,0.032782919843254));
#8564=CARTESIAN_POINT('',(0.00641193027451831,0.00175872031552605,0.0331257026366367));
#8565=CARTESIAN_POINT('',(0.00622664295879537,0.00181332967918326,0.0334694102027466));
#8566=CARTESIAN_POINT('',(0.00621015310418192,0.00178242821132289,0.0338629124268768));
#8567=CARTESIAN_POINT('',(0.00634600680946891,0.00168741749141139,0.0342142835448316));
#8568=CARTESIAN_POINT('',(0.00656194706167778,0.00156286016960825,0.0345062637236319));
#8569=CARTESIAN_POINT('',(0.00682052799104191,0.00142459230426238,0.0347458963508021));
#8570=CARTESIAN_POINT('',(0.00706349027398403,0.00130135672991189,0.0349127797782703));
#8571=CARTESIAN_POINT('',(0.00726647256320995,0.00120313954952822,0.0350257665681552));
#8572=CARTESIAN_POINT('',(0.00742341603394702,0.00113005915915916,0.0351013860166312));
#8573=CARTESIAN_POINT('',(0.0075851967898244,0.00105855783758171,0.0351681513787819));
#8574=CARTESIAN_POINT('',(0.0077242309637078,0.00100098957359963,0.0352167291086904));
#8575=CARTESIAN_POINT('',(0.00783885525450157,0.000957596113971787,0.0352510179698605));
#8576=CARTESIAN_POINT('',(0.00792542819020968,0.000925154586786823,0.0352751832678613));
#8577=CARTESIAN_POINT('',(0.00800033652534132,0.000904334462372965,0.0352908462147065));
#8578=CARTESIAN_POINT('',(0.00804956697804314,0.000881745740388866,0.0353055967770249));
#8579=CARTESIAN_POINT('',(0.00808369559084939,0.000883218378293261,0.0353061573650277));
#8580=CARTESIAN_POINT('',(0.00808984764781744,0.000857639970326347,0.0353205376600799));
#8581=CARTESIAN_POINT('',(0.00810341751859904,0.000870129024491559,0.0353141298536691));
#8582=CARTESIAN_POINT('',(0.00875,-9.25847443806501E-17,0.0789));
#8583=CARTESIAN_POINT('',(0.00875,-9.41182905269071E-17,0.0789));
#8584=CARTESIAN_POINT('',(0.00786417712741131,-0.000738009342413489,0.077517733727204));
#8585=CARTESIAN_POINT('',(0.00786417712741089,-0.00073800934241384,0.0775177337272034));
#8586=CARTESIAN_POINT('',(0.007888492240806,-0.000838258668647759,0.0775556758059252));
#8587=CARTESIAN_POINT('',(0.00789736654433982,-0.000949213501673905,0.0775695235522962));
#8588=CARTESIAN_POINT('',(0.00789031711862696,-0.00105685122199846,0.0775585234035001));
#8589=CARTESIAN_POINT('',(0.0018,2.01177329719776E-19,0.0949));
#8590=CARTESIAN_POINT('',(0.00180000000045671,2.01177324820262E-19,0.091688391392746));
#8591=CARTESIAN_POINT('',(0.00246587314229049,-6.97651414919319E-18,0.088946152415034));
#8592=CARTESIAN_POINT('',(0.00506766296009808,-3.50221634167523E-17,0.0841885938909598));
#8593=CARTESIAN_POINT('',(0.0070172041796333,-5.60369851744377E-17,0.0821483608935504));
#8594=CARTESIAN_POINT('',(0.00972120841947002,-8.51844412880912E-17,0.0804155046043977));
#8595=CARTESIAN_POINT('',(0.0018,-0.0036,0.0949));
#8596=CARTESIAN_POINT('',(0.00180000000045672,-0.0036,0.091688391392746));
#8597=CARTESIAN_POINT('',(0.00246587314228521,-0.0036,0.088946152415034));
#8598=CARTESIAN_POINT('',(0.00506766296010334,-0.00360000000000003,0.0841885938909598));
#8599=CARTESIAN_POINT('',(0.00701720417963326,-0.00360000000000006,0.0821483608935384));
#8600=CARTESIAN_POINT('',(0.00972120841946998,-0.00360000000000009,0.0804155046043977));
#8601=CARTESIAN_POINT('',(-0.0018,-0.0036,0.0949));
#8602=CARTESIAN_POINT('',(-0.00180000000045596,-0.0036,0.0911832231908689));
#8603=CARTESIAN_POINT('',(-0.00100753980895571,-0.0036,0.0877946027933473));
#8604=CARTESIAN_POINT('',(0.00222400370656708,-0.00360000000000004,0.081885494650659));
#8605=CARTESIAN_POINT('',(0.00464946248707755,-0.00360000000000006,0.0793899203567091));
#8606=CARTESIAN_POINT('',(0.00777879158052994,-0.0036000000000001,0.0773844953956024));
#8607=CARTESIAN_POINT('',(-0.0018,4.21613753566299E-19,0.0949));
#8608=CARTESIAN_POINT('',(-0.00180000000045596,4.21613758465397E-19,0.0911832231908689));
#8609=CARTESIAN_POINT('',(-0.00100753980895042,-8.12060607701657E-18,0.0877946027933473));
#8610=CARTESIAN_POINT('',(0.00222400370656182,-4.2954602047092E-17,0.0818854946506589));
#8611=CARTESIAN_POINT('',(0.00464946248707758,-6.90995142163831E-17,0.0793899203567571));
#8612=CARTESIAN_POINT('',(0.00777879158052997,-1.02831703341876E-16,0.0773844953956023));
#8613=CARTESIAN_POINT('',(-0.0018,0.0036,0.0949));
#8614=CARTESIAN_POINT('',(-0.00180000000045596,0.0036,0.0911832231908689));
#8615=CARTESIAN_POINT('',(-0.00100753980894515,0.0036,0.0877946027933473));
#8616=CARTESIAN_POINT('',(0.00222400370655655,0.00359999999999996,0.081885494650659));
#8617=CARTESIAN_POINT('',(0.00464946248707759,0.00359999999999993,0.0793899203568051));
#8618=CARTESIAN_POINT('',(0.00777879158052997,0.0035999999999999,0.0773844953956023));
#8619=CARTESIAN_POINT('',(0.0018,0.0036,0.0949));
#8620=CARTESIAN_POINT('',(0.00180000000045672,0.0036,0.091688391392746));
#8621=CARTESIAN_POINT('',(0.00246587314229577,0.0036,0.088946152415034));
#8622=CARTESIAN_POINT('',(0.00506766296009281,0.0036,0.0841885938909598));
#8623=CARTESIAN_POINT('',(0.00701720417963329,0.00359999999999994,0.0821483608935624));
#8624=CARTESIAN_POINT('',(0.00972120841947002,0.00359999999999991,0.0804155046043977));
#8625=CARTESIAN_POINT('',(0.0018,2.01177329719776E-19,0.0949));
#8626=CARTESIAN_POINT('',(0.00180000000045671,2.01177324820262E-19,0.091688391392746));
#8627=CARTESIAN_POINT('',(0.00246587314229049,-6.97651414919319E-18,0.088946152415034));
#8628=CARTESIAN_POINT('',(0.00506766296009808,-3.50221634167523E-17,0.0841885938909598));
#8629=CARTESIAN_POINT('',(0.0070172041796333,-5.60369851744377E-17,0.0821483608935504));
#8630=CARTESIAN_POINT('',(0.00972120841947002,-8.51844412880912E-17,0.0804155046043977));
#8631=CARTESIAN_POINT('',(0.00866235423647819,-0.00123536192339268,0.080534640930517));
#8632=CARTESIAN_POINT('',(0.00845504747086267,-0.00132168935571432,0.0805806252663972));
#8633=CARTESIAN_POINT('',(0.00803993250190724,-0.00150420840431837,0.0806265447172164));
#8634=CARTESIAN_POINT('',(0.00739813020136828,-0.00173688238150863,0.0805561641804748));
#8635=CARTESIAN_POINT('',(0.00675106779013254,-0.00184601633838013,0.0802407957879106));
#8636=CARTESIAN_POINT('',(0.0064650483955074,-0.00166824866692293,0.0795821943759042));
#8637=CARTESIAN_POINT('',(0.00659860692208355,-0.00137882389294464,0.078953266805366));
#8638=CARTESIAN_POINT('',(0.00689470245909906,-0.00108820184313585,0.0784049388917115));
#8639=CARTESIAN_POINT('',(0.00731062774388838,-0.00082341127325232,0.0779222200852494));
#8640=CARTESIAN_POINT('',(0.00766939621643952,-0.000732477820342721,0.0776396053769794));
#8641=CARTESIAN_POINT('',(0.00786417712741192,-0.000738009342415002,0.077517733727205));
#8642=CARTESIAN_POINT('',(0.,-1.22464679914735E-19,0.022));
#8643=CARTESIAN_POINT('',(0.,-1.10218211923262E-19,0.0228));
#8644=CARTESIAN_POINT('',(-0.002,-1.10218211923262E-19,0.0228));
#8645=CARTESIAN_POINT('',(0.,-1.22464679914735E-19,0.01115));
#8646=CARTESIAN_POINT('',(-0.002,1.61225879606207E-18,0.00941794919243112));
#8647=CARTESIAN_POINT('',(-0.001,0.00173205080756888,0.00941794919243112));
#8648=CARTESIAN_POINT('',(0.,-1.22464679914735E-19,0.01115));
#8649=CARTESIAN_POINT('',(0.001,0.00173205080756888,0.00941794919243112));
#8650=CARTESIAN_POINT('',(0.,-1.22464679914735E-19,0.01115));
#8651=CARTESIAN_POINT('',(0.002,5.28056623576567E-19,0.00941794919243112));
#8652=CARTESIAN_POINT('',(0.,-1.22464679914735E-19,0.01115));
#8653=CARTESIAN_POINT('',(0.001,-0.00173205080756888,0.00941794919243112));
#8654=CARTESIAN_POINT('',(0.,-1.22464679914735E-19,0.01115));
#8655=CARTESIAN_POINT('',(-0.001,-0.00173205080756888,0.00941794919243112));
#8656=CARTESIAN_POINT('',(0.,-1.22464679914735E-19,0.01115));
#8657=CARTESIAN_POINT('',(0.,8.75622461390358E-19,0.025));
#8658=CARTESIAN_POINT('',(0.,8.75622461390358E-19,0.001));
#8659=CARTESIAN_POINT('',(0.000995929214352105,-0.000575,0.01));
#8660=CARTESIAN_POINT('',(0.0011382048164024,7.58941520739853E-19,0.0101642857142857));
#8661=CARTESIAN_POINT('',(0.000569102408201202,-0.000985714285714286,0.0101642857142857));
#8662=CARTESIAN_POINT('',(0.,-0.00115,0.01));
#8663=CARTESIAN_POINT('',(-0.000569102408201199,-0.000985714285714285,0.0101642857142857));
#8664=CARTESIAN_POINT('',(0.000995929214352103,0.000575,0.01));
#8665=CARTESIAN_POINT('',(0.000569102408201202,0.000985714285714286,0.0101642857142857));
#8666=CARTESIAN_POINT('',(-0.000995929214352103,-0.000575,0.01));
#8667=CARTESIAN_POINT('',(-0.0011382048164024,2.38524477946811E-18,0.0101642857142857));
#8668=CARTESIAN_POINT('',(0.,0.00115,0.01));
#8669=CARTESIAN_POINT('',(-0.000569102408201203,0.000985714285714286,0.0101642857142857));
#8670=CARTESIAN_POINT('',(-0.000995929214352104,0.000575,0.01));
#8671=CARTESIAN_POINT('',(0.,-1.10218211923262E-19,0.022));
#8672=CARTESIAN_POINT('',(0.00791013131959874,-0.000740196208465422,0.0774894537412087));
#8673=CARTESIAN_POINT('',(0.00793533654200656,-0.00089231776325349,0.0775548101931304));
#8674=CARTESIAN_POINT('',(0.00791423943479053,-0.00105811604146853,0.0775441528255562));
#8675=CARTESIAN_POINT('',(0.00767518523137995,-0.000724406445864304,0.0776315581137297));
#8676=CARTESIAN_POINT('',(0.0077356275295678,-0.000878381841054694,0.0776732356990576));
#8677=CARTESIAN_POINT('',(0.00774528294499206,-0.00104463908521696,0.0776441416774319));
#8678=CARTESIAN_POINT('',(0.00726845152647951,-0.00083841939760569,0.0779564441764726));
#8679=CARTESIAN_POINT('',(0.00739107156483252,-0.00102317108773643,0.0779871207948575));
#8680=CARTESIAN_POINT('',(0.00744141120018233,-0.0012166200983998,0.0778891374900132));
#8681=CARTESIAN_POINT('',(0.0068350890133925,-0.00113500927365749,0.0784889201858619));
#8682=CARTESIAN_POINT('',(0.00710459876414438,-0.00137255736518393,0.0785220131630238));
#8683=CARTESIAN_POINT('',(0.00711990264446594,-0.00165520460081643,0.0783015571650092));
#8684=CARTESIAN_POINT('',(0.00655014922196993,-0.00144120512218782,0.0790766700897085));
#8685=CARTESIAN_POINT('',(0.0070426094940952,-0.00168090128005823,0.0790979862392769));
#8686=CARTESIAN_POINT('',(0.0069108988762416,-0.00209935418520831,0.0787752799699168));
#8687=CARTESIAN_POINT('',(0.00650177908246819,-0.00166675558201171,0.079604317181903));
#8688=CARTESIAN_POINT('',(0.00720201815748934,-0.00177853019275678,0.0794388908731664));
#8689=CARTESIAN_POINT('',(0.00690102175481366,-0.0024005186827465,0.0792217909403045));
#8690=CARTESIAN_POINT('',(0.00663968332596702,-0.00177571246640808,0.0799839090152263));
#8691=CARTESIAN_POINT('',(0.00730345103997381,-0.00178245664439414,0.0795769669309554));
#8692=CARTESIAN_POINT('',(0.00705108947110942,-0.00251748920298149,0.0795640664976456));
#8693=CARTESIAN_POINT('',(0.00689631129782341,-0.00181949730779163,0.0803052641885537));
#8694=CARTESIAN_POINT('',(0.00736539860699279,-0.00180216364343164,0.0797218142120497));
#8695=CARTESIAN_POINT('',(0.00730503402607398,-0.00253215899838523,0.079871783371647));
#8696=CARTESIAN_POINT('',(0.00738022686133049,-0.00174039053914429,0.0805492176136701));
#8697=CARTESIAN_POINT('',(0.00757016977642746,-0.00183020415959862,0.0800125919089446));
#8698=CARTESIAN_POINT('',(0.00775446878886055,-0.00236114143247691,0.0801438170782489));
#8699=CARTESIAN_POINT('',(0.00802919005292946,-0.00150992580580481,0.0806285271469612));
#8700=CARTESIAN_POINT('',(0.00811570785019772,-0.00166653549558583,0.0802844472309559));
#8701=CARTESIAN_POINT('',(0.00831873728300272,-0.00199545925646047,0.0802979338585594));
#8702=CARTESIAN_POINT('',(0.00846688080587545,-0.0013160320642973,0.0805805322562555));
#8703=CARTESIAN_POINT('',(0.00853379389003356,-0.00146425237881019,0.0803412694860183));
#8704=CARTESIAN_POINT('',(0.00867639832498506,-0.00171443109555359,0.0803140926829683));
#8705=CARTESIAN_POINT('',(0.00869470035790933,-0.00122194629560125,0.0805272728456126));
#8706=CARTESIAN_POINT('',(0.00874628120638721,-0.00136303537916435,0.0803319954169949));
#8707=CARTESIAN_POINT('',(0.00885586793881948,-0.0015809404973044,0.0802972377542266));
#8708=CARTESIAN_POINT('',(0.00872216763276308,0.00124160202129091,0.0323167135470847));
#8709=CARTESIAN_POINT('',(0.00873105232412005,0.0010880662152591,0.0323078612642658));
#8710=CARTESIAN_POINT('',(0.00874123264361534,0.000957927679234142,0.0322260635447272));
#8711=CARTESIAN_POINT('',(0.00851018718293854,0.00123597196862542,0.0323095228042836));
#8712=CARTESIAN_POINT('',(0.0084744739339073,0.00107950315611144,0.0323006496595074));
#8713=CARTESIAN_POINT('',(0.00843530046742233,0.000945552945744576,0.0322181072343949));
#8714=CARTESIAN_POINT('',(0.00809617150023525,0.00149215595244678,0.032399650952687));
#8715=CARTESIAN_POINT('',(0.0079609180444615,0.00129184774803583,0.0324349723633244));
#8716=CARTESIAN_POINT('',(0.00785149919191734,0.00111898106854698,0.0323018546494868));
#8717=CARTESIAN_POINT('',(0.00765961916584855,0.00190185414233968,0.032619555475105));
#8718=CARTESIAN_POINT('',(0.00750324399622346,0.00157669304510646,0.0327572325105644));
#8719=CARTESIAN_POINT('',(0.00727355861127689,0.0013876832938794,0.0325091080698282));
#8720=CARTESIAN_POINT('',(0.00732702553031209,0.00220175817025966,0.0328589588974105));
#8721=CARTESIAN_POINT('',(0.00722595793025825,0.00173385310148898,0.0330783802248095));
#8722=CARTESIAN_POINT('',(0.00685523398326714,0.00157542652037187,0.0327397100300136));
#8723=CARTESIAN_POINT('',(0.00709402332421042,0.00240192151308555,0.033078840085603));
#8724=CARTESIAN_POINT('',(0.00708499600145482,0.00180567398953367,0.0333505974922149));
#8725=CARTESIAN_POINT('',(0.00657413956687674,0.00169558491652217,0.0329553668964587));
#8726=CARTESIAN_POINT('',(0.00689866403980292,0.00255172206639215,0.0333416467280641));
#8727=CARTESIAN_POINT('',(0.00704966049354365,0.00181373764904051,0.0335928418683965));
#8728=CARTESIAN_POINT('',(0.00634976742439363,0.00177945246955749,0.0332191350233748));
#8729=CARTESIAN_POINT('',(0.00677549362863036,0.0026215325003089,0.0336457860872162));
#8730=CARTESIAN_POINT('',(0.00708982855365536,0.00179332109870184,0.0337153375560306));
#8731=CARTESIAN_POINT('',(0.00621898599045302,0.0018105943571605,0.0335327459902552));
#8732=CARTESIAN_POINT('',(0.00676108103021762,0.00258789740856019,0.0339660007412397));
#8733=CARTESIAN_POINT('',(0.0070709250138865,0.00181157522073661,0.0337752240112818));
#8734=CARTESIAN_POINT('',(0.00621772631351534,0.00177815207840879,0.0338720368060092));
#8735=CARTESIAN_POINT('',(0.00685179400790906,0.00246476818648644,0.0342646428607096));
#8736=CARTESIAN_POINT('',(0.00702146387882679,0.00182061972370434,0.0339497672938359));
#8737=CARTESIAN_POINT('',(0.00633735076391451,0.00169310859883926,0.0341955692019396));
#8738=CARTESIAN_POINT('',(0.00701481300347403,0.00228453395581821,0.0345251047652985));
#8739=CARTESIAN_POINT('',(0.0070522086192409,0.00176439904571672,0.034213564726886));
#8740=CARTESIAN_POINT('',(0.00654072757120087,0.00157463852665999,0.0344822450786562));
#8741=CARTESIAN_POINT('',(0.00728895495442719,0.0020037059980648,0.0348169566345279));
#8742=CARTESIAN_POINT('',(0.00720767100604489,0.00162075355895421,0.0345681849563645));
#8743=CARTESIAN_POINT('',(0.00688059049682739,0.00139191458475594,0.0348071261446395));
#8744=CARTESIAN_POINT('',(0.00770084791217183,0.0016109224246766,0.0350931282727243));
#8745=CARTESIAN_POINT('',(0.00757014109273468,0.00135244291413619,0.0349635857300745));
#8746=CARTESIAN_POINT('',(0.00739670343940728,0.0011346006145631,0.0351187400999034));
#8747=CARTESIAN_POINT('',(0.00807152707854543,0.00130992239692015,0.0352279324669749));
#8748=CARTESIAN_POINT('',(0.00798596276865897,0.00110533286184525,0.0351738930513173));
#8749=CARTESIAN_POINT('',(0.00787584099276172,0.00093156008500259,0.0352730249315505));
#8750=CARTESIAN_POINT('',(0.0082726445431198,0.00120147612769682,0.0352696237185545));
#8751=CARTESIAN_POINT('',(0.0082156069592386,0.00101842927316756,0.035237382750599));
#8752=CARTESIAN_POINT('',(0.00814096280326267,0.000859671940814434,0.0353211877405789));
#8753=MECHANICAL_DESIGN_GEOMETRIC_PRESENTATION_REPRESENTATION('',(#909),#8755);
#8754=MECHANICAL_DESIGN_GEOMETRIC_PRESENTATION_REPRESENTATION('',(#910),#8756);
#8755=(
GEOMETRIC_REPRESENTATION_CONTEXT(3)
GLOBAL_UNCERTAINTY_ASSIGNED_CONTEXT((#8757))
GLOBAL_UNIT_ASSIGNED_CONTEXT((#8763,#8761,#8759))
REPRESENTATION_CONTEXT('Top','TOP_LEVEL_ASSEMBLY_PART')
);
#8756=(
GEOMETRIC_REPRESENTATION_CONTEXT(3)
GLOBAL_UNCERTAINTY_ASSIGNED_CONTEXT((#8758))
GLOBAL_UNIT_ASSIGNED_CONTEXT((#8764,#8762,#8760))
REPRESENTATION_CONTEXT('Bottom','TOP_LEVEL_ASSEMBLY_PART')
);
#8757=UNCERTAINTY_MEASURE_WITH_UNIT(LENGTH_MEASURE(2.E-05),#8763,'DISTANCE_ACCURACY_VALUE','Maximum Tolerance applied to model');
#8758=UNCERTAINTY_MEASURE_WITH_UNIT(LENGTH_MEASURE(2.E-05),#8764,'DISTANCE_ACCURACY_VALUE','Maximum Tolerance applied to model');
#8759=(
NAMED_UNIT(*)
SI_UNIT($,.STERADIAN.)
SOLID_ANGLE_UNIT()
);
#8760=(
NAMED_UNIT(*)
SI_UNIT($,.STERADIAN.)
SOLID_ANGLE_UNIT()
);
#8761=(
NAMED_UNIT(*)
PLANE_ANGLE_UNIT()
SI_UNIT($,.RADIAN.)
);
#8762=(
NAMED_UNIT(*)
PLANE_ANGLE_UNIT()
SI_UNIT($,.RADIAN.)
);
#8763=(
LENGTH_UNIT()
NAMED_UNIT(*)
SI_UNIT($,.METRE.)
);
#8764=(
LENGTH_UNIT()
NAMED_UNIT(*)
SI_UNIT($,.METRE.)
);
#8765=PRODUCT_DEFINITION_SHAPE('','',#8767);
#8766=PRODUCT_DEFINITION_SHAPE('','',#8768);
#8767=PRODUCT_DEFINITION('','',#8771,#8769);
#8768=PRODUCT_DEFINITION('','',#8772,#8770);
#8769=PRODUCT_DEFINITION_CONTEXT('',#8783,'design');
#8770=PRODUCT_DEFINITION_CONTEXT('',#8784,'design');
#8771=PRODUCT_DEFINITION_FORMATION_WITH_SPECIFIED_SOURCE('','',#8775,.NOT_KNOWN.);
#8772=PRODUCT_DEFINITION_FORMATION_WITH_SPECIFIED_SOURCE('','',#8776,.NOT_KNOWN.);
#8773=PRODUCT_RELATED_PRODUCT_CATEGORY('','',(#8775));
#8774=PRODUCT_RELATED_PRODUCT_CATEGORY('','',(#8776));
#8775=PRODUCT('Top','Top','Top',(#8779));
#8776=PRODUCT('Bottom','Bottom','Bottom',(#8780));
#8777=PRODUCT_CATEGORY('','');
#8778=PRODUCT_CATEGORY('','');
#8779=PRODUCT_CONTEXT('',#8783,'mechanical');
#8780=PRODUCT_CONTEXT('',#8784,'mechanical');
#8781=APPLICATION_PROTOCOL_DEFINITION('international standard','ap242_managed_model_based_3d_engineering',2020,#8783);
#8782=APPLICATION_PROTOCOL_DEFINITION('international standard','ap242_managed_model_based_3d_engineering',2020,#8784);
#8783=APPLICATION_CONTEXT('managed model based 3d engineering');
#8784=APPLICATION_CONTEXT('managed model based 3d engineering');
ENDSEC;
END-ISO-10303-21;
